annual_income,credit_limit,balance,missed_payments,arrears_flag,affordability_score,default_flag,loss_given_default,exposure
43960.56983613479,3023.377638631326,1410.3414054320942,0,0,0.4096568526230442,0,0.4436954453379407,1488.7809461110003
36340.82838594578,2084.0619394096375,529.5400802747313,0,0,0.8131395940672297,0,0.42268296808682004,499.6612487189322
45772.26245720831,2848.8653802772637,1226.8197020040036,0,0,0.7226179076856445,0,0.44873005940583577,1212.327791939111
56276.3582768963,1841.3080138084952,174.65189147958588,1,0,0.9561332512288869,0,0.3276248069938024,175.72981035377788
35190.15950331997,7264.3708087841205,737.7996932632027,1,0,0.5719579318784725,0,0.24334295015304075,765.1635503214749
35190.356516609834,3478.9016473784664,1159.054653350465,0,0,0.24174930389790605,1,0.42644711772758004,1156.142661188489
56950.5537860887,2339.594787307755,1005.1289490635255,0,0,0.7603382939381058,0,0.4494969858054702,1044.2351525363736
47209.2167498349,3863.0588076194967,1764.3493504245112,0,0,0.40392860397500635,0,0.44349921133136644,1875.1639832036851
32366.307368780574,2904.0212510487167,776.6451053843573,0,0,0.45908364276606384,0,0.42211929154315836,809.739644507515
44510.720523031574,6083.144403599945,2009.480100453208,1,0,0.3573186030134144,0,0.40762852343993333,1928.9010369435293
32438.987686250453,7784.149339141208,1085.6116539880138,0,0,0.4471483196404175,0,0.32082478247540525,1171.219981945718
32411.242957156916,3785.252425232351,1485.9729043420655,0,0,0.8635843804907877,0,0.3695118625466761,1501.002461901454
40903.54725879241,6957.750499791803,1191.4882989924106,0,0,0.661370644008695,0,0.2996178640877646,1183.2371990962813
15040.637064106424,4743.973051697147,2407.511711986529,0,0,0.287322994617898,0,0.4857298864600541,2443.6470210713132
17300.986009843607,1679.267488206751,602.3086511616408,1,0,0.669282938713252,0,0.3844296759793114,600.2873033554916
31252.54964910833,5679.670565610062,2861.638466259228,0,0,0.7068506844430378,0,0.5348062561224549,3007.64496485838
25846.026555986915,4350.75872844365,1030.0657011547432,0,0,0.9078589530342955,0,0.34480372436621376,1013.7214377448869
41770.96799114328,5379.548924390776,2050.6515739526503,1,0,0.8877163548780984,0,0.3829740303557338,2164.144122181018
27103.71109374547,7172.6555942874875,1836.350809421634,0,0,0.2503000929918302,1,0.3205588941781667,1931.8980653612414
21052.355583976503,3803.2592799203458,820.1478765532783,0,0,0.8933584759811173,0,0.3417057172907082,783.5480258187217
55587.785227058645,7258.832174130167,2230.5234007940994,0,0,0.2407077872074969,0,0.4223304086359468,2050.27093727581
35290.68439416157,6130.0176071124115,1218.6500894973417,1,0,0.32329758737011405,0,0.301882552942656,1304.1890931883404
38810.338456255085,4164.536944084886,2281.4322830077936,0,0,0.28924000166074015,0,0.45470502416059155,2130.3648689747356
20903.02176543852,5024.166017434728,1820.2516624274103,0,0,0.34535779249781373,0,0.3899888890476453,1649.5785100848836
31467.40730569781,2941.858493892586,912.0067243692848,0,0,0.842609595388552,0,0.386807754459387,894.1909457588431
39331.07107651839,7876.979748040806,3027.5116844135414,0,0,0.7488954757227517,0,0.38067438183216773,2878.6485890124272
24188.077070932366,5505.13372287797,1616.5377552315686,1,0,0.7495699498626585,0,0.38698920930626846,1526.1284235434844
42508.376220148064,828.8513937247242,284.07240623446756,0,0,0.9377020949431758,0,0.4664844801313027,265.4550729391155
30792.33572097434,2949.6642931100655,1412.9751354941147,1,0,0.513480825951975,0,0.4650151097918449,1483.3968454656654
34499.67500248068,5174.858253192931,1767.2617783281707,0,0,0.20262995448977084,0,0.3873591234125694,1867.4382060271298
30779.520653247237,922.4995834942986,314.3578237308847,1,0,0.7118147616551802,0,0.44807718639378896,285.83862707064986
60227.33821410725,679.1314348935707,375.25138994300886,1,0,0.8944595091405192,0,0.452572423627679,378.76462507317694
37838.033303144795,3875.1817964585193,608.7227324471752,0,0,0.9810081444488359,0,0.3419122154523846,564.3036802276083
25307.468852529193,2995.176347695025,785.4281419848517,0,0,0.4911141842527763,0,0.3690762587436487,785.3581017916314
47870.538945238266,3787.239560248744,1125.2499414486501,0,0,0.8577217507544759,0,0.4514031737092037,1091.0265466773433
23349.87620034773,2470.1998241000388,1583.2364991193197,0,0,0.8793821714709285,0,0.5885847755012049,1488.8174020171293
40506.36314005707,1735.383102072357,617.1579222191309,0,0,0.3155502728697941,0,0.3318045664756227,672.4626412006768
14483.958513442692,5668.575177352533,1648.8127617220803,2,1,0.7051988442045323,0,0.48926510472483575,1799.4305467518595
22061.767413218833,4359.283372008504,695.65821863471,0,0,0.33851207931269545,0,0.26343904917511723,704.5585423828007
40362.334830429485,2001.1565843702513,507.425481289693,0,0,0.557304654522955,0,0.40973097618383186,475.7672120340998
46861.598959944924,2896.9206969499874,1410.739050127794,0,0,0.9034135353645449,0,0.4310261165277581,1434.2323539525821
40056.41937427965,4938.559307474944,1031.9780735972731,1,0,0.831573689725982,0,0.37551356418064424,1120.418443159836
36612.220611341116,1041.7201120435839,434.7229618530689,0,0,0.6562715656253975,0,0.48385028413462844,424.09492270428973
34386.755652928536,1605.8975694963467,1011.8553466855202,0,0,0.8469673314745059,0,0.46066906653697764,938.543754985265
20257.736115590873,1049.342030805426,355.2670636466488,0,0,0.32226200707521296,0,0.46129431360976336,369.02941227020096
29361.869499263496,6592.379995355892,1773.5623764928118,0,0,0.3559354940693032,0,0.41598097036940784,1828.9929180948864
32472.33474848255,6143.069249090069,842.3588082811559,0,0,0.36709183324555017,0,0.26957159447544643,758.3568069457884
50685.46671462699,6149.846989094428,2516.4219050819192,0,0,0.8208108443171396,0,0.480585524693531,2694.3860745555753
42123.41947482154,5872.44007607021,2521.6307558940985,0,0,0.9127724036318094,0,0.3952781218661478,2602.6997213311747
16843.51813564719,5520.390677524019,823.2590361612134,0,0,0.6502690563522951,0,0.3534513224225741,773.1552596884248
41889.00763273754,4077.439365336312,311.5983505090936,1,0,0.9663772997885403,0,0.28073990207358107,280.6403538414301
33379.012635004205,5317.086226303362,2093.15555936174,0,0,0.7824242009643685,0,0.3703627943453774,2290.875091395519
29876.935996328495,787.7116609098099,242.47426185286844,0,0,0.6509470670721831,0,0.44756497705110243,254.82491805490767
45340.115466090414,5160.983169925885,2935.8199555030997,0,0,0.6892724214821834,1,0.5649292007374077,2856.5828802476813
50371.994269951414,6334.082791526579,894.2224890587227,1,0,0.879627322597134,0,0.3212270420308526,882.2020700314009
49175.36142939438,4252.687702882926,2775.0091906092584,2,1,0.2721445659367153,0,0.6445377167913832,2796.57684608189
27929.389721328338,3181.349963204277,1159.8726026208087,0,0,0.33441398959870783,0,0.3980207848566844,1210.5887056898553
34289.451489785424,2580.7005110073433,934.8012550777174,0,0,0.41303598702006533,0,0.43513138439356686,873.652346465113
41975.16117684277,5321.015376215619,2928.2667300577905,0,0,0.9158206847922419,0,0.5139979364379004,2750.069430153087
49706.54152546831,5696.008989724315,3300.929968445016,1,0,0.9559559768965242,0,0.5718368373361252,3002.703937528239
32249.90914585652,7032.256998969069,1996.525452136482,0,0,0.48493643877492953,0,0.386167424251719,2190.505564263387
35772.092280034194,3067.5056184574305,1400.885470704089,1,0,0.9390857808089945,0,0.5115028523250669,1506.1118586360683
24723.980311927662,6273.292305391891,2001.4786861027997,0,0,0.6374782407737192,0,0.31915422446619074,2022.6775531973094
23645.52051103195,4710.168681420035,773.694168448854,1,0,0.5786189953430074,0,0.3563349796598881,762.9047936997382
47750.30986873037,7121.273680085594,3093.6305306587387,1,0,0.8662117423436799,0,0.45260813171469755,2931.177774922896
54274.88034284988,4458.590812217155,1346.7701467055751,0,0,0.6368667495086797,0,0.4002871018167242,1372.3541459797
37135.87854103599,4382.2237129847545,994.2265119568214,0,0,0.5635858390943046,0,0.42483357833352575,1032.108601783441
50042.39477470429,4834.078110806819,1122.8092566250637,0,0,0.21277080341626775,0,0.39880618040657695,1165.2924904499632
42339.63230057161,6119.865163568258,2805.4450525997127,1,0,0.2103181299231266,0,0.44227415830432665,2528.511793607092
30258.562944738507,7735.178591213457,2692.6089328217013,0,0,0.7020731200995691,0,0.37255349874446597,2801.4112929079415
42336.74726610097,1051.7251566182424,309.7950171122879,0,0,0.25873354467753296,0,0.3058983051157141,332.4951138563345
56456.43879759163,900.7595179326287,247.77012950982999,0,0,0.7895562469890105,0,0.39179473313434204,228.6877009387631
37570.08753068058,7531.627530555039,1077.7076408496532,0,0,0.6978731706336014,0,0.3635879758392213,1132.7519923391367
56775.72386976807,4474.067191386546,2360.5420302166585,1,0,0.5661836261697235,0,0.5381455370049065,2513.1456869242706
12000.0,5111.772609252021,1749.3788561384797,0,0,0.7678429144893493,0,0.3878586404702667,1671.065947101788
47862.830052502686,4118.177011960466,1713.15423049903,0,0,0.9944570755755588,0,0.487233519802367,1785.8283544847982
39044.56481885805,1202.4308945560588,487.0845146121966,0,0,0.39708541890601634,1,0.4831112967866883,447.80162322422206
34411.91179440959,6260.670338139999,4078.5335222529816,0,0,0.6456445601178085,0,0.5817919521534217,4200.246858611991
39101.12931842603,6104.184838164401,2167.65257293923,0,0,0.8742847249657513,0,0.4118988800325942,2172.1306617837863
14149.173024789285,2837.7749111960898,624.0300257475532,2,1,0.2134999236318077,0,0.4471444075103756,667.6936746401376
35363.93734594986,2796.7943392130032,1034.169264242195,0,0,0.3628066629620098,0,0.4377977194989462,1024.2345400760885
42285.350858140955,6783.810356791389,502.1463578859949,1,0,0.6167669249279117,0,0.3106007913574596,494.9250743201617
55734.7285368982,1042.6794330599496,324.819991938773,1,0,0.6417968199460004,0,0.37120321275038853,353.0003898368458
31780.757380716233,7108.288612674244,3276.1980571639383,0,0,0.26906661124188624,0,0.4429317570783198,3560.746834491923
28298.07676528175,2424.962674219358,521.0601746122031,0,0,0.5259436205331302,0,0.35745323996956985,472.67573892333525
31978.91547698556,4947.385608166204,3083.642803910993,1,0,0.6158278063889449,0,0.5057376813762604,3074.740359568661
48984.82541242489,7519.956342513333,1167.6241067145666,0,0,0.5383805590482758,0,0.2995372590829991,1088.4492911849748
41945.013315916214,5585.918761524848,2535.656572887056,0,0,0.7604770046430347,0,0.3838772429249476,2420.895909562994
31642.877554795534,3608.2235935027743,1032.5429755890952,2,1,0.8170911109154939,0,0.4384109559086211,1066.8523843038467
44159.20919736027,5671.506566790614,4021.5547202190505,1,0,0.5682092954054216,0,0.598863955293757,3723.3869036137726
39164.93059217648,3079.8472723727764,1088.927894357549,0,0,0.5405277822704906,0,0.4493866396183225,982.489655856048
49623.73988639467,2579.438122618896,458.36422058049715,1,0,0.7642909366288984,0,0.32839455612139984,479.1852908637093
29575.36287347177,7975.1245845100975,4413.814678598132,0,0,0.644241887109698,0,0.5306825995162923,4538.5881756296985
34068.05424082678,6130.926733848408,2661.5947268892473,0,0,0.8963515572911751,0,0.35610738630993893,2875.9405540950715
33294.702162414105,5335.399830363633,2822.3077971128378,0,0,0.5849169211317384,0,0.5051624805420046,2846.1902340583083
20437.820622414576,3164.672324144891,1583.385098912233,0,0,0.6594619805377302,0,0.41678009914767833,1724.4110951254042
41553.44332477491,868.7062186628611,222.27494484162423,0,0,0.30304416251256666,0,0.3315433316507552,227.13446911077088
41132.66326615867,732.9265702636671,574.189125946313,0,0,0.8687977934759485,0,0.6285085920556104,561.229719334898
38061.36147970953,4656.359415865991,2682.135511807692,1,0,0.5378337053470421,0,0.5419708646245385,2740.3183829496284
35184.95439949824,6215.245407792883,3379.443090265259,0,0,0.7752506342314573,1,0.41846805745156446,3547.861198680244
21015.55109539503,4530.3439283289135,1496.695131711759,0,0,0.5435861992649047,0,0.3319686876812886,1451.0582487937331
32952.25612681569,6805.888039543359,1023.2284695642016,1,0,0.2008097837895405,0,0.29082090031561925,997.1412468596386
33887.425801678764,750.6989981991622,73.81863305136538,0,0,0.5203282002131218,0,0.2225775857716844,75.7369917490136
28372.672769340574,3250.6405731945506,479.46290426020414,0,0,0.3180017560628528,0,0.29981990628352395,475.20450232263454
36064.57146000789,2278.0279338063356,554.3875416235016,0,0,0.5188920634413337,0,0.39418003524153744,557.3782635126639
42848.61028177446,3854.5472611784153,1113.126873861723,0,0,0.4570751521821279,0,0.317869954182698,1220.4504779638514
60634.23081452637,1042.8229489559185,261.1524035268025,0,0,0.3620379029404811,0,0.44320082601342625,237.32354893333772
40094.93375398207,7655.987311783044,4336.307188596344,0,0,0.29901767773301935,0,0.49444985402983005,4464.575478739915
41090.60468867317,2174.415508020207,964.1550592574769,0,0,0.7828489777995249,0,0.4644216235081739,1045.700491439874
37106.649010805995,7417.308316126886,4717.9998195624885,0,0,0.8038882418397351,0,0.4951031354670992,4469.088912276016
14974.7454164115,3694.1986627751135,1026.424793485468,2,1,0.411998004173726,0,0.5166873249758428,967.308390078322
37681.8334946094,7891.430999414135,3315.304276853573,0,0,0.596152179773455,1,0.448405550219053,3224.463653946576
38722.762519292315,4655.43787595158,3009.455263371558,0,0,0.5712567579681849,0,0.5510775533604618,2753.096942792257
67558.90534982344,7481.246481318556,4791.704278727398,0,0,0.48419805684560147,1,0.553693858398428,4849.477659013854
35691.66842262653,540.1174152066714,27.643439570544572,1,0,0.4221097454374039,0,0.2212945933360873,28.447636312852165
41618.56810800335,6111.7910463567505,1249.421502468505,2,1,0.348825394145355,0,0.45841516618382067,1329.356194099519
37583.45876353708,7272.879898268866,635.7528725098242,0,0,0.8983140960549143,0,0.3175079895257671,580.5919141778818
23975.863548565616,1547.9042523421556,593.4520733990101,0,0,0.8666499901258755,0,0.3612955535423561,585.8778421262996
51713.87377418025,1220.9438879911363,584.2391082687293,0,0,0.5337435281893732,1,0.45455249429248673,617.4480580093783
47023.19639224129,3684.294553894667,984.5199085866522,1,0,0.7769610052220406,0,0.35794853681225364,1037.3496138693406
47492.383364516565,7502.591795997014,3946.1961098848706,0,0,0.598665665919375,0,0.48838619432792696,3609.6965166029045
27087.350542463133,4567.89920142829,1332.019953661164,2,1,0.2683066122341827,0,0.5100869514604288,1201.8537888526791
54833.53173123319,4455.923477912991,890.817842054911,1,0,0.8579124067544408,0,0.3726883056193702,941.296523931059
21177.78724649263,1558.445887244914,523.333369652652,1,0,0.37541723521127884,0,0.3971191324366353,485.44169285674536
45042.285125603245,505.9213331991409,60.27561584224828,1,0,0.7654540085825146,0,0.34184783249714024,61.21337862380879
64285.46750971975,6576.050680590959,3318.9981494394688,0,0,0.6219183719321327,0,0.42202077913252567,3049.6589071870258
26113.56409843174,1156.8092223967867,777.6251115059961,0,0,0.7524319758516,1,0.5629522821622082,745.8219760772482
31204.42724476674,5253.87364051493,2859.175496449927,0,0,0.5769624445791701,0,0.41432761268141677,2663.62921166745
39195.81638105169,7359.623408863936,3571.1573234235775,0,0,0.7620489187815893,0,0.4484360822636313,3739.997619592123
31958.29215060561,2064.8893486882325,1030.4583586006638,1,0,0.226250042356069,0,0.493836575723721,1066.0554225772426
19392.03882720641,5489.546271776831,1668.407748208557,1,0,0.23268235128072964,0,0.41533178731754583,1546.715915827211
38822.75569767233,1090.239325306321,530.6848459807645,2,1,0.9170719721724079,0,0.5807970025190873,483.91350450304674
25252.355435286743,5028.163578782097,1255.1880440929144,1,0,0.7997552127772458,0,0.425296624594077,1246.736925995496
43683.10916762218,1729.4879071490207,51.72988289225286,1,0,0.8627740159063217,0,0.26780227277997254,48.58002910501055
26966.90918919436,6019.651703863835,1876.046305735872,0,0,0.5652683095370513,0,0.3220677123077641,1691.4966428129028
56599.21286021048,2759.2347109543116,722.1826886066324,0,0,0.567717489506302,0,0.2768321244914327,688.1350595030947
28600.960491965154,3975.432566034847,1397.650897082699,0,0,0.6272032284408584,0,0.36852460031522505,1318.052911020953
34135.261805531896,4995.729065207162,2017.842051745206,0,0,0.3949296374078804,0,0.39182450829346827,2092.4857617304237
47762.20660843604,1784.5505799967968,452.4714377134132,1,0,0.786801998790849,0,0.3655989212579138,485.127484919656
23229.628202792537,6062.283639632156,1864.440722661994,0,0,0.8635635227204486,0,0.3663422912357658,1766.6093848471542
40729.51921524955,2769.802554776109,606.2348166811792,0,0,0.9257792741243169,0,0.31042126079687965,572.6551987871978
53685.71305138914,5467.788949345651,2219.7641132710282,0,0,0.6136270787003989,0,0.4093746070621733,2169.9376626388334
18710.20118526527,1687.1228802453024,813.4073290842244,0,0,0.5316612045818735,0,0.4534355426870238,760.1385250077788
40215.60630238765,5660.882444047627,2794.457792131483,0,0,0.8647465954759699,0,0.43870823222020106,3044.1789462108004
41118.59353098108,1461.410546078463,276.16214408237306,0,0,0.8021326240514999,0,0.33659406981267764,261.99649193624265
47381.87446132772,3690.173722024877,480.077409705913,0,0,0.8938185757673542,0,0.34643971192830986,441.0307085517048
23156.59146946302,2354.045553041576,657.090060531856,0,0,0.7245848459619271,0,0.34966029163583834,664.5662730602058
22154.520642988682,6112.8143707113695,2111.2410510778823,1,0,0.9066506427782934,0,0.40873588848203846,2127.1258371525378
44263.298787402775,2465.262533801559,935.2099077833763,0,0,0.27123333283625706,0,0.5035003703410341,959.883395974789
41563.816078798234,7112.879797965472,1947.9205967864948,0,0,0.7436492621483968,0,0.3830391520074688,2129.740504718748
41005.91420415052,7188.651585549596,1265.2639878778418,0,0,0.2710360707897775,0,0.3728191244040241,1220.5969261168566
42157.37851396371,1973.309864170894,718.3470846743716,0,0,0.7991261146348116,0,0.39491153471897644,698.171786226863
29839.70334105811,5103.844587557932,1600.0277691486558,0,0,0.702755096106352,0,0.43783390713397746,1547.8798066306717
40787.044365932044,1157.8823128997324,554.4450671220029,1,0,0.21279361726526125,0,0.4333337190333742,568.7086832881989
41516.869679584175,3436.528247012219,2763.5726748642737,0,0,0.6794087888587557,0,0.6359445479603982,2821.0931453304324
29427.782983683588,5849.912971259542,1082.7323431503942,0,0,0.3170238468469391,0,0.3763765821969626,1088.970410855207
60389.29413373708,5445.674351374372,1380.8833567675013,0,0,0.3139291358232559,0,0.4257938664353251,1343.413351860224
43685.99505094145,5185.25502054956,2463.945590328724,0,0,0.32037040932529426,0,0.4688577943916538,2428.2921265684004
23704.358033568216,2619.0564774683266,741.6146297809688,0,0,0.587058881797474,0,0.36662360798440496,785.0001537596781
45878.64330360596,3335.187120758015,619.4130302438447,1,0,0.29241620322550005,0,0.2782595512284946,632.9467993205412
26303.819957272142,1272.0960852521464,249.03252605722247,0,0,0.30052459876218224,0,0.3351532869970184,259.80606430393846
47445.015244909424,5892.671153252008,892.3109229996658,1,0,0.4049343889071012,0,0.3503108471270071,852.4656215834483
51903.14694808885,4279.165975934551,1544.802167325602,0,0,0.20068657906220821,1,0.4403731882678792,1671.936942849708
28151.812179779474,5815.74224259241,2285.0822513669214,0,0,0.420631813565893,1,0.42603193125899114,2072.643968594572
49560.513550931864,2367.076435976546,1092.2837458350475,0,0,0.6947262134416263,0,0.47247599133686574,1113.189376199833
42953.37112323798,2933.286714762997,1181.9225234046846,1,0,0.6812564484762924,0,0.4981602927694858,1255.7572357173867
47864.72191993388,3006.6150294508598,1774.3216590724362,0,0,0.975626918531717,0,0.5428091814174403,1904.303311302815
60761.51579184737,693.0680731041215,125.16693415577146,0,0,0.2957040631838219,0,0.3219073673418015,120.6497028390693
35055.342607965555,3057.8590462296766,733.8110449257782,0,0,0.8924570651724635,0,0.35788012371854955,727.9039926450308
28955.166027710125,6524.784301385252,2048.989549606692,0,0,0.5129518079172708,1,0.4183390452591137,1858.3880995101174
27325.82684449372,7229.738718123039,2735.2544758905483,0,0,0.5096290303693165,0,0.44402564057142857,2893.770904919571
28210.276580414742,4386.637367269455,3105.10727824892,1,0,0.47904870689947493,0,0.6588201197556187,2871.958427659114
37074.77948703075,3916.2627141441517,1344.533186370452,0,0,0.2997892251543668,0,0.47052141885335347,1325.19380440312
42093.82369779973,731.1846402452769,394.36568325331757,0,0,0.5828040296791579,0,0.45170581349100897,433.077329368036
41320.28959196023,7094.03253189037,2132.525785821236,0,0,0.8299023754776111,0,0.35926005277683026,2310.6928728785447
47926.19898843228,597.5766006940454,207.81154140853187,1,0,0.9003459257181585,0,0.45762162210922236,200.7469284148985
38156.02270253489,7585.625601576588,2908.102815713357,1,0,0.9702874065018903,0,0.3914455710768358,2747.506095527037
55442.4089258878,4169.12186516068,2562.638183142576,1,0,0.828233988560362,0,0.5333428561251549,2435.373715045261
34824.118001144525,3064.5087018104496,1518.0718019295607,0,0,0.6984733645238151,0,0.5378957300346109,1574.175381010692
70642.02999907543,7431.63826131995,2259.745198046882,1,0,0.5980270237647978,0,0.3993156248187547,2361.79406101653
45508.008173180075,682.9324483257255,293.8331139249712,0,0,0.8999178012811166,0,0.48293006788092846,277.17236968792713
27714.10932300461,4860.686711518153,1754.4554681041166,0,0,0.7916108854865282,0,0.4212825452625278,1663.2202607848635
25149.29002326665,4616.993933745032,1198.7848120550807,0,0,0.32900654077721136,0,0.3640010232780415,1156.4411150309127
43789.66898291822,2144.9030090853657,536.6761890447099,0,0,0.7460403942369653,0,0.28894528314540463,529.5038314608383
35318.44657608979,3716.655735126579,1056.8589840032944,0,0,0.5448308783440095,0,0.38824085780345835,1145.1005545986636
46568.0059291051,5391.980044578277,1941.5764401950623,0,0,0.6766397419374518,0,0.3908374274059717,1757.712197310654
43678.85149488254,5953.483976614456,2191.1607906706213,0,0,0.9186824670539433,0,0.46933255597015794,2251.723328827421
37126.05304811753,505.37644029934836,66.05993116234178,0,0,0.7220564389871234,0,0.20780598822339774,70.83867487261907
27838.47538317914,7526.400725682614,3914.213796710059,0,0,0.9509794281410242,0,0.4637311400265114,4089.0723737967023
19821.833303769625,1733.940292946093,738.6240209157833,1,0,0.8930957402112607,0,0.49723484387034733,696.7798060292607
32641.820575195747,2251.853256667694,500.30482468773454,0,0,0.3031210009307582,0,0.4282240783559399,497.97807248449993
48276.785531881666,2476.0508427038617,852.9896012433005,1,0,0.20932153102316314,0,0.4511330567207942,922.9826146714261
40569.124929562444,783.6510241402648,218.5867110189858,0,0,0.5075291269191051,0,0.40229307754350896,201.78689994929223
23051.134655456146,1422.8909269274368,897.3875225644996,0,0,0.8922639906869674,0,0.4648418647097702,984.8848129968246
40078.171110214185,7897.624422081215,1130.365092213354,0,0,0.38410079416813503,0,0.2720294015960445,1049.7980210370235
42623.808556746044,2864.1255303296452,1175.3192736995295,0,0,0.7531199375195967,0,0.4718166762400465,1091.2645630943753
27393.710765586402,1364.75817754287,621.0789058349135,0,0,0.5807962953784085,0,0.4031978130645787,659.9409703885125
39844.701271346334,1302.4344588096749,703.0764535464305,1,0,0.7968622083432535,0,0.4835342279142145,749.2469946697678
38698.504621351996,5895.949757524789,534.0892468453803,1,0,0.33198150318236574,0,0.27830946299448045,484.7307114488569
24284.356426032522,6909.264980244807,3664.0004195445185,0,0,0.39127283118671063,0,0.5054111495347436,3420.9345933339478
42293.4483241794,2427.142246313524,844.4936312517206,0,0,0.3940195755973334,1,0.4333909478383387,920.24938064428
44729.41431641881,656.8213425142623,97.62624795663339,0,0,0.6387726508065685,0,0.2153358703837226,93.31790919026571
50996.614918103325,2173.175138340169,522.5637088096473,1,0,0.4316995662440215,0,0.3696031501582168,471.58653889373164
50645.62462441884,923.8676809756801,348.1122747291457,0,0,0.8493778982677507,0,0.392335921148134,330.9880819552993
21467.967584514907,1275.4620247253115,530.2064143589917,0,0,0.47743537528333563,0,0.45930977775299897,555.1719853883839
26746.09952101853,3736.3108988573176,1333.2253176305187,0,0,0.72868091903231,0,0.3394032456896027,1444.270555377854
44180.42320650392,2224.3877814622447,1040.9571591206332,1,0,0.9588015088774442,0,0.5012228229913435,969.1637148441287
44165.431410946505,4369.594088940676,1810.7869472413277,1,0,0.6855389741446567,0,0.40791816558430005,1710.9813756708052
44180.572235672575,2401.2031494289276,1494.1088608979962,0,0,0.39372281777107426,1,0.5145271410025924,1476.63714160002
84232.77788785665,7554.029758272108,2603.324442674228,0,0,0.8643653385083818,0,0.4703119453315516,2732.6067593099956
44850.686128318004,7294.579759446984,4299.596886980923,0,0,0.21003401655746715,0,0.5097838599586603,4436.0635313798475
51626.78768216719,4751.045787578495,938.1034327141034,0,0,0.4052297291448338,0,0.37837059463027106,905.7451647768736
49448.02116191843,3158.179939905396,743.5030414627985,3,1,0.5099923908382272,0,0.4549619282799528,679.0192931873058
45816.695015669575,3358.6016152605166,838.0813023295169,0,0,0.3567830890942958,0,0.4288887618644048,796.6734897215449
34216.76906431585,3588.892123583727,2095.7684168666897,1,0,0.6832144740312087,0,0.5263749269507585,1978.2223814841457
47107.63064591921,5956.84491601208,970.4831834715586,0,0,0.6464004935522014,0,0.34398441982339206,877.5213297268455
28726.09742554914,3887.2924663912845,1249.5665487751953,0,0,0.5251972547510158,0,0.4018573969136866,1368.2853615786285
35158.176719119896,6925.474598794231,213.57986214238008,1,0,0.4355035573235161,0,0.25203198257208725,203.13031922002216
32175.63742605076,7580.710894477734,2494.5293456142617,0,0,0.5471257946896176,0,0.43308234960699094,2662.4286558581125
38982.48967263587,3019.596150342004,779.9058257195991,1,0,0.4329618053701883,0,0.336333684518506,777.5445212821311
65775.90280008211,4705.208610317601,309.8765001899441,0,0,0.3770068066226818,0,0.30877916872136235,339.1468615543938
15592.817688899024,1212.9240262442331,546.748666402698,0,0,0.48101610584747717,0,0.4912915400366794,508.42739364997277
46235.122284494166,2003.5178582476924,966.3808489990627,0,0,0.681868465560632,0,0.48852405426443307,891.1332487451924
18647.409545724182,3600.9932503262007,1342.5752891463142,0,0,0.7187126853752506,0,0.3801057695754013,1208.9790925436128
32336.8176105268,2046.5203692633413,264.99497360212416,0,0,0.43787772885090076,0,0.326168823934139,276.5724497180178
51067.4071636084,7074.2036809153815,3234.6101662726996,0,0,0.9579184290636646,0,0.49769553374713793,3109.350709211271
38771.36022914555,1687.1469204432356,683.4271779200349,0,0,0.40956738393408315,0,0.3816052277029583,734.0493052580324
25067.062664848327,3917.4561616481897,1146.250088609449,1,0,0.7697056881426374,0,0.32064955734075207,1176.9248533354457
29416.35548888038,5042.744303449067,2756.361657725371,1,0,0.2651840455184,0,0.5297887709292491,2799.047715537661
46155.17298721611,5688.9793112063335,1426.9465509261274,0,0,0.7318756368787043,0,0.33700780109906037,1423.2055356351232
29235.60041939436,3373.0202729488005,947.9200276200961,0,0,0.5679589989271082,0,0.4063225451248701,902.0736186139346
40597.503074983695,7018.243015435464,2877.9559708062857,0,0,0.6552862757147163,0,0.5029766006494059,2627.394522681476
38546.86207884576,4762.393633084442,2042.1178571686517,1,0,0.3472581276110923,0,0.38409094270074956,2019.0696894257817
30180.795828730195,3796.3083533566382,1331.0951873280765,1,0,0.5468511748637048,0,0.3454234392118528,1224.3732069407133
63727.32907190391,1004.3047553902746,541.9460776022162,1,0,0.813022285245723,0,0.524928057167891,585.9229567222552
45607.02826781613,3985.171013338738,342.42707069201407,0,0,0.8136678662412662,0,0.34116362135507394,364.98131175370213
13698.288960108715,6655.518806117977,4931.607227743693,0,0,0.39004476898527685,0,0.6520151688401529,5049.7303558984995
40237.45177723313,5109.057636659866,3741.1182926799333,0,0,0.48207942009042326,0,0.6117784731338157,3705.5325457511685
30058.562422779345,6741.218402968388,3136.4962654271253,0,0,0.2030508443136812,1,0.4540055715398128,3107.7630752916316
48229.200017554685,4205.087529494793,1782.9233567113542,0,0,0.2719697394705408,0,0.4446316087266914,1770.2699771095663
28489.751138807595,1388.4627882086138,433.75460209266083,0,0,0.3013842821190039,0,0.404030321845356,455.04875489367635
36623.16270239721,602.2988437691081,108.09967458022064,0,0,0.43492106071672004,0,0.3981116978917251,100.01825238754806
44059.847347765484,2774.146600389434,1484.6766173662932,1,0,0.8072123893939736,0,0.5025517117064283,1493.9694407596392
48389.06233004146,5734.928536233444,1214.8503970730637,0,0,0.6082001057247896,1,0.3177362088946329,1290.8190406152808
23596.443115330687,6426.949279562703,1207.9758076649166,0,0,0.8340865092417995,0,0.34350210629594896,1210.4221704099807
33985.98516990862,2718.1462596524707,1951.449377298273,1,0,0.8039245660776346,0,0.5105634403083056,1761.667503249579
32300.656266068527,4217.404406624353,614.7282904592496,0,0,0.6697105676061403,0,0.2933771516589609,583.3391075138995
30160.04920911546,3658.391783255612,764.2128458913941,0,0,0.5998881609568627,0,0.3316975520020428,789.9797557465182
59185.45088337317,3578.920882635709,1410.7481036076472,0,0,0.9450566892394241,0,0.4117936074984379,1533.2573490093562
42859.78053153147,2235.1153490011284,633.4238405398147,0,0,0.6554161780915321,0,0.3140630845108109,683.3057253643321
22869.392547979456,1522.7832877209378,788.3069780796694,0,0,0.5862591876925676,0,0.4354829467852474,839.1850860638566
49014.34336465731,1975.1641867340984,545.3964005646993,0,0,0.8952966476318689,0,0.3734643370417911,594.4999834288627
63465.8743641516,914.9929037250957,211.05569115493392,0,0,0.25715097180184465,0,0.3873380306210785,201.76577332994836
50389.58312661376,1985.9805636768278,187.17710686903015,0,0,0.7248210556143233,0,0.27570536841651494,168.9235085220625
19767.56040855184,569.0067321903459,271.6757265448694,0,0,0.2904218001277915,0,0.46786391008591055,263.76314905123644
32189.191125604983,5204.438004769837,3327.3587958470075,0,0,0.8558573023088838,0,0.5727936833314433,3378.6074427747203
53202.93379023948,2872.8155554076216,1299.0882870379753,0,0,0.834132948039711,0,0.5603183527833719,1251.4029131406664
29507.96641257463,7798.585335701815,4371.401824008015,0,0,0.6028800274025972,0,0.48959413926862,3972.908119754277
43325.833137754744,1952.877880822234,133.67453484272718,0,0,0.7288353200687943,0,0.2471403933246294,133.86667839231
47295.60864115204,3093.7142773219543,1198.5675250347692,0,0,0.8180973530433318,0,0.45594205020762335,1126.5806871605469
26876.834341063004,3183.808689811499,852.0093233431764,0,0,0.5866430960130935,0,0.4044990202177432,890.78789331277
37285.6957272584,563.3862204684541,338.14164323265356,1,0,0.9247663310314618,0,0.4677719762881281,310.3600324371086
12000.0,6794.0596477959425,5874.194464988736,0,0,0.5496240074069034,0,0.5943213586956835,6412.41844928828
25707.34830398852,739.9584510824354,102.40296149948585,0,0,0.9136180121381559,1,0.2574802075834025,110.11760081946544
34969.18218328208,7551.34876046931,2897.2101884537774,0,0,0.6661952390787282,0,0.39400008797345887,3113.8369993509523
23026.601816421804,7190.557633202155,4371.372080154915,1,0,0.5409946111516325,0,0.5581043769438239,4624.816049064004
57588.93564717962,4516.414370644727,272.2773568093179,0,0,0.20327802745008203,0,0.29141325484860675,279.5520246990797
20838.303464472407,4576.966811834691,828.2688723367845,0,0,0.43644473644518,0,0.33817552943178425,754.2927071309081
32719.466159636195,5403.334422171172,3294.5648364075614,1,0,0.8943371938733267,0,0.48510929526995783,3401.589360523198
39568.886927433094,3402.8750895116523,2255.4229273534515,0,0,0.5429702312509562,0,0.5058655303216404,2366.808017851137
55295.279468793386,5354.167125483916,613.8432481833358,0,0,0.5371748217392298,0,0.3045622650394857,568.5195077310221
20769.654185846728,835.7629151636515,377.83584647465216,0,0,0.5915285448536834,0,0.45149588223422576,386.58320165105647
51957.965025859514,905.3572051229493,259.01796705192544,0,0,0.4290432252180623,0,0.3983213616863912,257.9232262777293
38122.796732235045,3929.2281471465826,865.2336516354134,0,0,0.5932410158059761,0,0.40460010101001803,860.464750641032
26221.896187424587,4622.167258295262,2332.9020529501327,0,0,0.5006104931520614,0,0.4315691408167262,2192.677018467304
43545.24169115925,7158.632302518643,1082.860371550007,0,0,0.9275540243460105,0,0.3120965205675505,1134.7159960735771
40388.71634688164,1284.954754309222,199.40853780617422,0,0,0.6511734169572434,0,0.32436824961008537,216.36323521103802
30797.397474094465,6669.85945395417,2255.8882831685823,0,0,0.8673207753139398,0,0.40993568584937345,2385.738708965696
38837.62501988023,2075.355029690522,834.305918271983,0,0,0.7494992764610726,0,0.43387088446167826,812.4524799507078
33376.23683765888,3455.6273638252387,2141.8471042706947,1,0,0.37008238724487835,0,0.5274498576744457,2349.2538583795144
39362.20814301498,2874.518261205597,650.6238152363763,0,0,0.8941324877607115,0,0.35943353886676244,632.9490084842383
45945.56809425256,3501.1645464904923,728.9096491012277,1,0,0.2698166379108191,0,0.36436432787187045,690.1934473596224
57032.20179374423,1628.7162355443916,443.1462408694065,1,0,0.5589102884583115,0,0.3442016259446967,484.63223049978416
23146.214014077814,4276.775558026662,1118.7339856259446,0,0,0.3913243404256358,0,0.386496483926666,1183.579507082681
63596.400495875205,6512.3194237352545,3150.095759469129,0,0,0.6300443381057637,0,0.48825901780094816,3314.684571955271
14574.946405729977,3811.505077841727,1434.7097300396692,1,0,0.4400396635558373,0,0.428786835782558,1313.4572295600924
36178.578859573,4179.601819236494,595.6956560514224,0,0,0.7782610073796989,0,0.37718788907928513,559.0036160636632
45059.80647781492,6865.756889609856,2766.8582952198603,1,0,0.9495349609230435,0,0.4399991356087974,2500.419780784853
41371.90241282039,5795.4358597852315,927.5560389016164,0,0,0.7672719825721894,0,0.33661138198465584,978.8775620891201
30527.605762152874,4178.408063898385,2047.3847792304155,0,0,0.48424829342064446,0,0.4314063968099845,1956.580382083021
35502.532995712696,2432.7173614188478,166.43001626697654,0,0,0.680055969326363,0,0.3223842413470252,154.18821732472003
32083.988784094006,7136.95060133725,4299.219040370986,0,0,0.9108208734384968,0,0.5976699776797778,4025.6951615203625
30927.62291666946,4827.653012679188,792.6297053637968,0,0,0.4160227118295245,0,0.33013631676813404,815.002779535889
48195.2251642523,2158.6070758302003,983.119740335107,0,0,0.29456381099061657,0,0.37237241342269856,969.955902838138
42284.185831580566,2518.3981447850774,1205.2104623999642,0,0,0.30461119088879357,0,0.5083564528512873,1311.6055716764404
29685.08485687215,6523.498167021844,1179.5214698845305,1,0,0.5958824082746782,0,0.38613857444126165,1147.8847265547063
48795.198505199005,831.091715655916,384.5458924216951,0,0,0.7857090089038743,0,0.4668756345300454,410.2238929291831
41687.59425051931,7940.69140271615,3770.756248609316,0,0,0.7258061936691254,0,0.4429578035291346,3805.797895109488
47754.34542606752,1477.6375978609385,340.0977271123827,1,0,0.5631116003877454,0,0.40451576187576643,354.065370320997
45555.54610308335,6470.513940477031,3698.433639059312,0,0,0.7834384321450905,0,0.5551268156885588,3453.346401954617
28052.05986893513,3460.8148757876215,1090.3846638345092,2,1,0.7071759649128138,1,0.5018448822403558,1144.682445583442
31277.827517636364,4191.6213746560015,501.0854426169686,0,0,0.702584604480678,0,0.34937617795861065,459.5610290550388
46967.523261479146,7104.879330984334,1606.2698358783243,2,1,0.36190111783536394,1,0.4227308830281869,1667.6683406039233
45324.44318520158,3596.8339219190993,1011.6777608944955,0,0,0.4500667464210255,0,0.4282610292842109,1004.7007451914405
37749.180872430225,4531.203152549258,825.0205916719193,0,0,0.47553946023136817,0,0.3428784499762981,780.2262867439574
39407.92859970538,869.7474680687745,110.16312555088382,0,0,0.8465526066271163,0,0.29479618846411676,109.73100248312505
53331.9787494611,517.6060540058986,129.0505573007917,0,0,0.8200883927722888,0,0.3668125210095591,138.23064946650945
30901.14333397004,2335.9990475129443,1021.5887611816058,0,0,0.4021382059319235,0,0.47911422208109117,951.0417597575056
44565.16857404046,5604.373196890755,2487.259498668781,0,0,0.24412181944798386,0,0.4620544714666656,2322.9145320658117
35573.68817079327,1409.4867001935254,289.7513283435271,0,0,0.8142270473651645,0,0.41594070738040806,291.72147775970336
35387.825561273356,1353.2146910341207,208.9436949691999,0,0,0.5278929430354548,0,0.3680223385063504,214.17792467997143
51185.32222384628,3582.2045602692747,903.3617405728369,0,0,0.3758425351922274,0,0.31661687240876696,888.9440460123279
47904.99618785636,5358.777789561699,1888.071910544871,0,0,0.2936134964568764,0,0.44552285758299187,1799.8583958303327
47762.11563200766,5840.539941859479,808.7232720413267,0,0,0.21025172047080076,0,0.3525578848859329,738.7189043658259
53665.74568585195,1838.3800557378108,527.8339452244278,1,0,0.5421837078511089,0,0.4038123518163781,480.3070514451543
38252.046099593106,1096.9111052903183,358.527687340324,0,0,0.4718110515094604,0,0.3590728606868361,325.6019460296001
46183.435655539564,7552.977754591581,2780.685750943619,0,0,0.7571761205658263,0,0.46043873093684423,3003.854153538449
34276.79892087853,2454.997869215763,803.8252545971386,0,0,0.9813323457499266,0,0.40775625230198703,744.5603689576554
41889.9962298613,6900.0987320654285,4575.882333474391,0,0,0.36542609569292317,0,0.5079731845510459,4388.384146180806
36438.283347587785,6976.185878471137,3759.1712660021644,0,0,0.39442891229914995,0,0.5067537549692466,4124.481729845897
39163.95157991262,6293.9194382190835,5016.256309696833,0,0,0.4698420614915172,0,0.653928981259484,5445.120886559261
45141.884305242966,1766.2520498942756,282.37837630514775,0,0,0.5727501079066443,0,0.2882435922862621,256.56119417700586
28181.351801198332,6663.510944406503,885.9964504112789,0,0,0.7581589562724285,0,0.27614842925993366,895.0803218134848
63108.647308225525,6269.3791943119,2188.0306663477154,0,0,0.4816252174708853,0,0.4362018409692529,2246.4504258833867
25927.791422003575,4975.422425796628,876.1800350506429,1,0,0.2833604343766233,0,0.34392842816218694,798.0447749848672
23429.736646547215,3029.015263767146,1215.6711640067301,0,0,0.7842733097981924,0,0.463456219471436,1271.1364343439852
51897.33048200081,2468.814531999081,627.1105912581494,2,1,0.8357133424142826,0,0.46714612892858065,688.3002785498377
47499.952327555235,1414.1690906026922,153.28203291591967,0,0,0.39811892447033137,0,0.3991306087347767,151.11706447200564
45489.437804625864,4323.178001756536,1941.0010286825277,1,0,0.3094049949938453,1,0.43797816171092874,1921.36491011334
45540.14611117136,4889.456566323849,3308.6641791913003,0,0,0.6222408411726003,0,0.5812774331726225,3414.1092451411578
37853.038725837025,3195.042428868404,959.1776291009613,1,0,0.3666514406970772,0,0.36686499774007675,1004.5547986734381
27232.94754217002,4065.193007606514,1314.6222631443252,1,0,0.49933074667890287,0,0.33951132143204804,1390.81049547925
38909.65469832472,3226.3584302695003,1283.6356389301864,0,0,0.8218889761030803,0,0.42413990486488706,1175.1889251277723
29874.05946185466,5307.54542990526,2157.01103866012,0,0,0.37568563454767107,0,0.4218340326657246,2286.728888854544
49701.43680101301,7259.444058474225,4439.193522404735,0,0,0.8450074088949688,0,0.5966513376520339,4762.432468524261
36235.31142197434,1729.4019653520866,605.1061440625349,0,0,0.7392159902530484,0,0.42507953508786744,550.0689863117337
28094.033638489862,3360.566074273426,2504.113343456848,0,0,0.3757806909903207,0,0.5545956969074427,2273.3017033306246
34143.36990016408,1556.51452963146,768.9732747271938,0,0,0.6211236808368668,0,0.4749395591996596,776.7999593383786
42955.17745130749,5187.07827805874,759.7271232439296,0,0,0.6912566100050137,0,0.2800363330725764,759.2419023125533
31235.305366352302,5966.528821164468,1514.0050132247893,0,0,0.3602208302509148,0,0.35450279539285756,1659.3787749753865
28133.355253202822,7489.345494480919,1634.33826929252,0,0,0.31595946865001356,1,0.38999223963883267,1567.1347705143571
40924.246537902945,2591.539446957237,2057.104856199648,0,0,0.6249343475410117,0,0.6264135811507524,2094.2150194152928
40939.59885330468,7626.584043990726,2099.978635418076,1,0,0.7550729329085288,0,0.3081362324640392,2102.7813734417873
31916.681895546444,974.470038655061,551.8514911272363,0,0,0.5720550720572386,0,0.4733642728792276,555.7953888337752
32347.540332580127,5022.603975234411,853.7972766038359,1,0,0.25603139882553627,0,0.2934524684722899,881.0621511093536
40784.59924829163,928.4953950749748,333.25757330786615,0,0,0.9401701653574384,0,0.38411535195119284,335.76333637904895
20622.98790203211,7203.306408214587,1925.1071898499456,0,0,0.7559723566836085,0,0.3821382361761863,1735.2702725504053
21110.434707481338,4473.567928025406,2205.6264150507645,0,0,0.6969570286295159,0,0.5137679813008136,2357.2457040556487
29378.669344970767,5520.112630720971,2457.1512089896005,0,0,0.714901609544542,0,0.43689084959915747,2310.289447273707
35438.63417945783,6736.804444328394,2640.0563563498945,0,0,0.5188844807264555,0,0.40123106712889894,2498.1029599989843
41730.89078717605,1627.3296686297656,927.2002722939011,0,0,0.9875203994448816,0,0.53985800949319,954.6403494590919
55704.274603394624,789.4367145360038,351.5649569291766,0,0,0.30614336937480957,1,0.46296018794523697,350.00060927117727
48291.915478424235,7091.608594346391,2101.4515595556063,0,0,0.7913131019865813,0,0.36251655742592837,2132.754765260981
36080.73764043888,2861.9992059419938,1254.3980240697306,0,0,0.5367007682136791,0,0.43170908712669337,1253.7705585062538
37771.80550516774,1467.3418094537396,275.63842781286337,0,0,0.9048768380865011,0,0.32292546379947235,271.1103846643391
25969.647624346293,4013.459278153149,1635.6319933356053,0,0,0.7738090193736382,0,0.4778327948991419,1630.1697909332015
37777.84236809132,4987.295567720141,2059.949556251632,1,0,0.6498017786877539,0,0.4535376136718626,1912.0803662670892
34536.09633295834,732.279525668826,223.40254301606893,0,0,0.9501549075105442,0,0.460684855629995,244.3713640014915
41872.62272405707,2561.717436928158,185.95889190043314,0,0,0.9299546887517895,0,0.30460114835217794,188.7390429658296
28073.228677372124,745.9990570767201,421.9946259310455,1,0,0.24186719676179652,0,0.46911229478776284,404.0022087225877
44232.158170894065,3652.515418966242,2268.956041251654,0,0,0.3540704373915142,1,0.4628566535140679,2365.5410821497194
56392.866956030935,7213.250217996832,5152.6808562466285,0,0,0.740837267923663,0,0.5465611345902729,5544.393959127996
36694.87821851771,7869.893086201769,1974.4717942091754,0,0,0.9374715412048678,0,0.29765510006147766,1894.0980186677573
42820.5406651873,5277.856651277207,2123.264978816476,0,0,0.5442640020281142,0,0.3999200144983182,2048.743296068032
46281.72790053335,1712.2827033844385,943.1514102464663,1,0,0.23064419628832644,0,0.4986599618920764,931.5598352229191
33185.354337369965,7293.870424994793,4271.694203564998,0,0,0.7146378079840299,0,0.4615599906927589,4030.163874931156
40689.109781725,4371.858674000454,2790.581224719651,0,0,0.3557495977929149,0,0.5687089971597704,2963.479150333885
38151.10880938154,1653.1198407718857,190.38692900444792,0,0,0.6418573866533471,0,0.2815789769749868,193.59215672748414
39172.11318258598,7412.950020887461,2441.3324350017842,0,0,0.5077466068996426,0,0.4302166790415303,2225.0521120892568
28723.8825937344,6181.017880423273,1513.8888655852775,0,0,0.6464216312816249,0,0.32241314572236696,1664.2798197680943
38294.12209110731,5987.789545423637,3104.569794730588,0,0,0.94594905557072,0,0.512275613285651,3151.120649431006
43975.97949494539,5818.855278458035,759.1152501317499,0,0,0.5886404723543777,0,0.28851427818461717,818.316572919901
55413.723293540505,2002.5486582233175,501.99826769194055,0,0,0.22762305901769855,0,0.3533480421438345,502.16073102566276
49511.24991302248,2082.550187806445,1158.8471544080244,0,0,0.6647343890235551,0,0.4749975154332422,1177.9564278308246
63838.18949013868,5662.197488204412,1459.4461882018452,0,0,0.46059642414025437,0,0.35997180997423167,1446.158003548533
28791.829245343404,2147.9206258279764,763.6783586637035,0,0,0.8225079075166442,0,0.43303286102320887,751.8811674061666
48467.847640648135,3790.0377260228665,444.6244170217539,1,0,0.5759427762357403,0,0.2476590360651824,419.5746723947102
40200.10406886022,6365.01369195456,1930.7063867353645,0,0,0.7930965902653138,0,0.4753728199647087,2109.151635528475
64277.63519861207,6379.643885733807,2451.6687196089465,1,0,0.9270567962786511,0,0.5122559398437883,2295.630422071597
28300.420575738182,3899.4632939439475,1756.407250937213,1,0,0.4898191930179608,0,0.43267645102160257,1765.6825842815479
27923.337893830685,6441.424537064338,1056.1143333115933,0,0,0.9915023299126429,0,0.3636381276554763,968.8997454564977
30807.288254671734,6789.663471485425,2324.5991451926825,0,0,0.31985029275182814,0,0.3562318439157344,2553.9798506507414
12513.251308282317,5410.818134631952,2155.1126251283645,0,0,0.7151453455145509,0,0.3636552500731846,2179.1104047118233
31690.93973983087,2213.193892313151,698.5638138080482,0,0,0.22781408250499588,0,0.4693527036023375,742.515105977788
28890.408061355625,2555.0883528916065,628.9683076548442,1,0,0.37044533268090873,0,0.3925229446007069,636.8843586000579
39804.72543771449,2861.308665565515,471.1524779120634,0,0,0.7070228731652601,0,0.3303724860571829,499.8913863219286
42101.071709325915,1376.03080800464,528.4044985070411,0,0,0.23695339164887735,0,0.4529792515864085,532.0409704884095
60514.05007059063,2548.6971527745886,1027.6873793442742,0,0,0.28142966823068694,0,0.4048392015729855,1016.3775497564351
49405.0860582326,2071.394182343991,1048.0294103618648,0,0,0.4328084759321712,0,0.481960962976699,1038.7870063937312
31077.15613205116,3914.965623564516,810.2002328752882,0,0,0.6605097087858007,0,0.35286525374055544,729.5599568936508
27219.023943819702,7313.281609041987,3555.2704934739686,0,0,0.2127860443129193,0,0.4111298873892842,3463.2991660836838
43903.03005807807,1283.6023756546856,148.59824132313994,0,0,0.5858834060622498,0,0.34839602272846254,162.0298596856166
22157.201515752295,5902.009429605467,1002.3301052154548,2,1,0.7005949989960838,0,0.40860560031969845,1037.527296275535
59977.50519025225,5654.622533098458,2831.0413190407294,0,0,0.5220182310658636,0,0.42846082987771683,3068.4632036842277
52153.28144865544,1218.1564899751825,354.70799726870564,0,0,0.25411184598312614,0,0.44871039653381617,333.44414455510736
32369.89217474354,7419.2930367935005,3344.926641616073,1,0,0.6886997081571369,0,0.5024300980034037,3339.012977629955
17442.38565090947,4763.541516176147,3089.343387765439,0,0,0.684668317531574,0,0.533601851416882,2801.7143537361962
54246.46848998495,3227.9414085176318,1718.4313659653797,0,0,0.6048338840276024,0,0.4395945774323193,1779.2817602178284
36625.52185696858,6174.0393762148,1307.9816894215376,0,0,0.7545163804764321,0,0.36673038544386527,1382.2793050322402
52853.79574368154,2430.2409380122554,808.3044822794592,1,0,0.3662413865226275,0,0.4027767318407223,848.3642773257338
18866.868094467594,5701.323777847403,4408.5827577288765,0,0,0.7428325938804463,0,0.6859798570298857,4044.231020900945
30807.499724554727,797.8340567918542,149.18312421454405,0,0,0.32916379172020205,0,0.38811341466596616,141.65020162187005
38062.9243966182,6795.560282069539,3714.1998830141792,0,0,0.5141549048278296,0,0.47799283481495586,3829.9546805833497
38563.767125176906,3861.281352659889,1284.7341729557436,0,0,0.2540533170228785,0,0.45846228379765525,1351.2811165167439
32599.214342249077,5275.196857684563,3892.1002151476127,3,1,0.8553018656641653,0,0.7365025197406782,3716.3411778949253
45474.19918816999,2159.2836485501275,704.0685068507146,0,0,0.6305867368119527,0,0.32712455285712094,690.8659612734245
25188.55484740887,5578.05284493836,1663.3006395445495,1,0,0.9768393618909508,0,0.407942963019375,1613.8227938997766
36291.446179744475,6291.802069199574,2838.224250708853,0,0,0.9538612808616649,0,0.5019188864859881,2556.9930807853098
39443.547580542785,4049.0989016329904,2297.15414199995,0,0,0.9988489089854815,0,0.4893227449093503,2332.306621875979
44173.26600870499,5132.951930463457,1670.4919481939828,1,0,0.2810129362257918,0,0.347441622485548,1726.9922508219565
46539.378537066674,3922.444428667989,1056.056224261044,0,0,0.6852643028293297,0,0.4919850858497361,1008.8369319660915
24504.29489794557,7205.685269433841,4291.454828163464,0,0,0.5260601693073285,0,0.5821065034094524,4452.628588849598
19590.629951172534,4234.018853857394,1254.393289546614,1,0,0.6261316699228991,0,0.39507416266873513,1189.854453746362
53332.12186278211,6813.565317716141,3019.8560508727664,0,0,0.4470138928026546,0,0.3653256950853907,3150.030202558424
41987.7681437551,6510.140437026865,1177.7585687356614,0,0,0.2384550704467439,0,0.3165239812442142,1167.673992690712
29018.161561321358,3578.7861601126738,805.9242461108953,0,0,0.7662002156855958,0,0.4317359049393234,865.8745163324004
56613.823706270276,2225.633688931063,998.4998546672134,0,0,0.9726536590665362,0,0.5073245693128466,1007.4333181203656
39388.095611514305,3545.6159941982824,726.4119739130332,1,0,0.6259054608675241,0,0.3332507037751083,680.5975903487466
52151.566208765915,6696.630318314151,932.655587117761,0,0,0.46366396036951624,0,0.29441833323244915,992.7207102703421
38810.22177692131,2207.2440186454423,834.5337134947067,0,0,0.9506225989855783,1,0.48056099596172414,880.8801275719178
62728.97509858385,4433.272593933119,3409.2525170221406,0,0,0.4917332235798848,0,0.5883818419935529,3125.7582931814486
59064.09010931845,6545.725609705606,1496.8068954100413,0,0,0.9316233541923062,0,0.3500179139749061,1361.5077338477743
35012.43021825112,3151.081063462841,1413.2454150193664,1,0,0.8845526838600566,0,0.4712297853884891,1310.4434114050866
49658.85141145227,5316.57227752023,2541.7446577305313,0,0,0.6229688045989932,0,0.49090753247849794,2717.285200134327
45744.51139502177,2342.236805366109,562.8358852587519,0,0,0.7414981333347659,0,0.3162726341499715,542.6168566070692
54423.57869038818,1319.5958402611996,243.31323754573074,1,0,0.7602539548924885,0,0.35990221116951576,243.54445483741378
26420.918473038746,6457.881688196422,1333.9905357906598,0,0,0.7128733640218061,0,0.30523150939239846,1361.4617762492321
46232.61751998127,1242.2646755653013,353.2344736219044,0,0,0.32859996397756697,0,0.4321139735762779,370.43568070875443
50701.093842195056,2535.3604630968844,1204.1609263430003,0,0,0.7542209693654565,0,0.45240551867676965,1283.6247857026665
16895.12616292263,6913.320664980801,1153.1440619026778,0,0,0.20257446728934703,0,0.33894500724219206,1156.8031063282685
23800.8978480107,3098.519653090004,1890.9182360747045,0,0,0.7680294547034106,0,0.4119139558265823,1859.0598981569462
13529.213866878792,7797.840121356208,2565.4656466689785,1,0,0.6438689077001607,0,0.4338275638008549,2409.455466033973
34767.117986665304,7848.007510803948,2397.8847301198794,1,0,0.4078083377142708,0,0.4288340964522027,2449.4490139555637
46610.507069551546,2512.0701534016753,829.3676821618208,0,0,0.8430114757950788,0,0.3800646528466256,837.6409663807899
56028.28462515234,807.3366668741784,262.8147756380878,0,0,0.5242231511012168,0,0.34383858888245594,251.83754671467844
38889.1373650373,5787.974631540344,2645.2980761090776,0,0,0.5886217476929059,0,0.4017511666928406,2616.8365099327116
57543.3865468555,3882.398769862578,1283.5300841870499,0,0,0.22213964389370774,0,0.40110409619320664,1345.0499443558265
21438.782501421305,1255.6463296968222,735.3794824246797,0,0,0.5210557486132209,0,0.47114710067864896,754.069891919502
17559.410727738144,5806.421142335321,2475.7345702618586,0,0,0.33389023398652784,1,0.441493597270077,2466.6935536580977
37333.42761324057,733.8118183394092,39.494197470307064,0,0,0.4209146494677949,0,0.28115329541446576,37.69576164257958
42608.78538727169,7026.475178691816,1971.8788688324044,2,1,0.4017115989493915,0,0.4877213634607376,2038.1357021390659
37607.66302287088,1539.8939683497779,740.4475567047223,1,0,0.236816634987275,0,0.5262280299124624,759.3523653933956
13190.69479952148,1454.8390906004374,542.7826851595713,0,0,0.5683956361980944,0,0.47254052014242254,538.2486646333309
36930.55952584654,1817.542234764384,922.6388909320699,0,0,0.6180739305039111,1,0.48699190630591427,874.3893144034042
22346.365993941763,7701.997688690499,3328.7462611101882,1,0,0.6568501029450534,0,0.47359495352940467,3112.2955347527777
46036.070585960464,5698.770201903845,2356.68651148216,0,0,0.569775816393884,0,0.45437703813694874,2280.9895025911587
42399.178953162176,6510.2865159772755,1384.7707427093626,0,0,0.8956215152136588,0,0.40685830944419155,1497.9660198856811
26721.442564071738,3482.2623929956476,1736.1239078011447,0,0,0.23014379608691415,0,0.48269035259238113,1824.2796235536546
31833.596991959676,3022.3454562871666,937.3961706533396,0,0,0.6910468846346083,0,0.4291379041388704,1010.71363620528
25289.43773733258,2258.6300508737745,462.934723568164,0,0,0.8929053437122265,0,0.4331552395145505,494.65491684365077
37247.85083272194,4104.860212343066,329.04958424562085,0,0,0.2328321927298884,0,0.30573118835514956,326.34364928073035
49461.70784601486,4638.7155015062635,1893.6715814824377,0,0,0.5970455995393915,0,0.4173854466204582,1905.201196610305
26171.287443973473,5238.311327395665,2172.215154563014,0,0,0.6712217543055186,0,0.4220023967258414,2028.6691253308873
44048.55818621413,2428.3887799902086,738.7274191168824,0,0,0.3527245996613424,0,0.36029894018038827,771.3602820181884
31636.90857953071,7614.90560677243,4157.862825836876,0,0,0.4020000870655195,0,0.5290770042814315,4092.9576120146266
28485.52601285187,1773.1887365535188,571.0720333811844,0,0,0.8284746700346817,0,0.4123434144977895,532.3840761555832
36715.6356805453,7742.398810748093,672.1423956190889,0,0,0.6539182253676162,0,0.2776491972922096,617.7465568097861
25577.09213096751,611.4209188062785,387.0008997858024,0,0,0.4526229577936504,1,0.5994362994024013,402.18176936442615
31356.208335833817,4108.442688626343,2505.3247356565307,0,0,0.8118041778218164,0,0.5116048989932507,2496.4072693322605
23625.465288933818,3000.258785874221,1133.0683458812919,1,0,0.7973724593633966,0,0.4267082523698603,1021.7999901567428
61576.70159499667,3868.425604476881,206.82633383669275,0,0,0.47632142824671125,0,0.24575225609667942,220.25000829432554
38423.16262366074,4779.984342355918,2159.809558622796,1,0,0.5909181043594193,0,0.451892136087737,2211.4126901823847
29603.293904088972,3766.918685095318,1186.7426164143628,0,0,0.7316151468300778,0,0.3625915102121927,1077.1769372109106
40567.75892881066,3611.351377261962,882.819766524209,1,0,0.4745993743056127,0,0.3587951786873569,848.3341483771324
36652.06340371004,5995.425615599799,3291.1116292190377,0,0,0.7032075288009416,1,0.45799783856571197,3437.5040132822255
35348.364805601326,5644.072063148485,660.2697419242436,0,0,0.4008589845854184,1,0.2851067889598538,602.037877876807
45370.0004005211,6749.534615268859,2443.4491288928753,0,0,0.4336166619906072,0,0.3873569322437807,2558.903350800697
47090.09252056766,2374.6923592962166,796.2406038567727,0,0,0.4485381146995551,0,0.3773302709408801,797.0201602112284
31633.98622867367,5071.463823155477,519.3538188996406,0,0,0.9488438163324111,0,0.2627391372434349,548.7344334072635
31090.18111226384,4888.960890446404,2027.2012265364965,1,0,0.8669377136861198,0,0.4256868670600812,2171.228577707114
34699.37963418027,3273.033581545166,1004.8741804649742,0,0,0.6521327804713344,0,0.28997732395638026,1058.6868912817179
12000.0,4145.431564270107,1943.03696994887,1,0,0.6510977675292313,0,0.4902361087076283,1779.0737622809118
19817.707253617373,2853.3660747929657,302.41280934351295,0,0,0.2449172176441139,0,0.311255025653718,300.016096753061
54402.4912093343,1563.832982127389,631.5232651320675,1,0,0.7196064506164093,0,0.4458656851259934,608.6287278064427
57739.612562015405,2103.5090799704963,1035.594380311412,0,0,0.4624958858625989,0,0.46666043294881504,1037.353320119422
35011.56752532346,1291.3523480090082,659.6043820421133,0,0,0.6898394897040637,0,0.5320022425201576,721.0533818098663
44918.683556669195,5623.0218139259305,564.3732610795959,0,0,0.872186998216989,0,0.2684163720068913,521.977113061356
41735.00185452243,5455.455448318637,1155.6775151410993,0,0,0.23639864468798788,0,0.27917669047040483,1240.180264111561
74946.56970146285,7629.547786849046,1966.688745181186,0,0,0.6856508027287448,0,0.3783615389191333,2159.7598114749685
51434.89893721492,5972.58810235431,2810.900514211539,1,0,0.6513604916534104,0,0.5395601640014932,3086.381120502602
36464.988902230805,890.3437906709859,331.7953450744394,0,0,0.36541324418354687,0,0.47700088504547583,351.48336993893645
26533.51471279489,7131.8388044671565,1872.6881563100324,0,0,0.7171463591717433,0,0.40621558655283724,1859.79674974919
18722.64415690913,6970.063722092943,4684.435421365376,0,0,0.6438681871562328,0,0.644561299051246,4382.758361823345
40441.56363040668,3824.90240579524,527.4669027819756,2,1,0.8138560992178545,0,0.3970541437272704,538.8826659608651
28923.791056588358,4893.972878959412,1259.123742729268,0,0,0.2884948545194796,0,0.3488053492905726,1286.9183136712086
20932.95548482791,7820.5874935438915,3381.6898869024462,1,0,0.5548858829632165,0,0.43556459177306406,3257.537590729938
30241.12538908968,4492.282728861247,1907.2932224938368,0,0,0.9983463470145384,0,0.34240790379393093,1951.856066892643
25021.42395662726,7289.913712820673,3365.9689765665635,0,0,0.7514246785635763,0,0.5173748046613214,3107.830917016229
58245.69962087078,1122.7906835763984,373.44276596696653,1,0,0.7474385781091908,0,0.40070012473842453,383.45166081961764
48579.677083393406,1932.8890153151215,760.8968953131879,0,0,0.4542968802818744,0,0.40298393027825247,821.2698612204447
37904.32830420059,3805.662075809884,384.9533780300128,0,0,0.27511048337694644,0,0.2883601499973952,382.8026676696977
55759.32966668031,4885.676062529786,1054.9027503559366,0,0,0.9595955001888166,0,0.3099430916305169,1110.7203925280282
38928.41969177142,6621.708888971002,1500.1020219133932,1,0,0.28437712237487506,0,0.3545286663593383,1540.7969593470575
27664.589584060835,7911.9658635739015,3207.6631339074406,0,0,0.9941650484834652,0,0.4124065895660164,2888.862557187723
56277.488927235885,3416.386223555873,605.7710550649526,0,0,0.30062477793754855,0,0.3116258126161903,559.9745724073053
44466.92052421591,855.6172710506369,386.83072839533827,1,0,0.33672587882074223,0,0.4184579969636192,408.09368272068275
25553.046148082525,6508.786274714937,1793.7035321456565,0,0,0.4466935640400257,0,0.3757809981737188,1628.845290650243
35715.9358629967,5032.855393121061,2061.6590586543766,0,0,0.6099001547916305,0,0.4143333169761356,2249.784481716673
27492.580959382914,1989.0714415115126,478.7063921794412,0,0,0.8323213216886127,0,0.4126881674949556,516.4357477104479
21406.403228427967,4211.213424660651,1352.1542337389092,2,1,0.9768066415478711,0,0.5160781335581258,1314.936172806169
49114.1305703797,6067.326841502932,1965.4457717063767,0,0,0.487059904765946,0,0.3434514879477254,1890.909725217311
60912.99968564157,6278.088403014828,1821.6943515704436,0,0,0.21633047458012744,0,0.4051109373651713,1862.8397911798243
21217.189114170305,4247.138089990714,2718.0429291139153,0,0,0.6933436183966426,0,0.5516699720849434,2778.814358256886
44755.63084028685,2789.1089759664433,1307.4776587749664,0,0,0.7686318889990158,0,0.4637752537752156,1200.0116751241492
30192.289170538075,7803.069365288701,2685.747129616365,0,0,0.5179553724285333,0,0.39860485830722353,2532.866710572078
32154.495394823647,5475.219582173696,1943.1280003811817,1,0,0.34678083918113867,1,0.4567681088432667,1996.1624092049303
30891.27290913357,3561.7813950972404,1021.8223060984153,1,0,0.4448124757904299,0,0.3348482980440734,1083.2891094507756
27632.110763842207,2603.474181534893,1213.7936511051203,1,0,0.7246397674559304,0,0.457076068124685,1139.0245682742304
38582.25953533792,5983.272372526716,992.9329320036371,0,0,0.5953462958143747,0,0.25761555934296665,1033.0339611801114
28028.59860306755,2316.375841953258,1399.6620924783356,3,1,0.7947392229218033,0,0.6432498297335254,1503.3701262039076
41245.481909358066,1787.8249173026613,470.4647016186204,1,0,0.3745361956186514,0,0.3658355280184309,434.5028637352682
37397.14268661036,4473.754167215528,869.7060486510193,1,0,0.8735884946429728,0,0.2982534501711983,859.1136196361723
35132.623437603084,2674.905444831064,1372.7312071085275,0,0,0.3247079345573795,0,0.48832226256452277,1468.9749079982914
27109.236055500827,5216.788586927113,524.4606241725668,1,0,0.4639323431299553,0,0.34981260111317286,510.890404511107
31078.744033180006,1384.540061556751,901.7850422741136,0,0,0.672966103884177,0,0.5475529880529914,860.2050553855614
47064.694709909076,5412.058284254912,1467.7345524437123,1,0,0.7894905533219756,0,0.3090398797108948,1539.8340042422847
44011.00625149257,2624.7239599827667,1414.4128143528799,1,0,0.4129451769632181,0,0.4917496559507138,1386.344617498727
26269.337062417388,501.82200825884547,214.19143130529218,0,0,0.9584957883854728,0,0.45385644796576297,223.02947277345785
39191.98766515071,1452.0204325563227,529.3734076621303,1,0,0.7648890265575401,0,0.38635277073423874,489.81769540608116
47016.64548046147,7502.115333763206,4256.350852683568,2,1,0.3741400254071298,0,0.6941018569945755,4301.903087080635
17967.13662654354,7005.159793365184,1796.3628064091467,0,0,0.7806124285028562,0,0.307420132404261,1753.0563944648272
44520.32230855922,2252.0677402717765,1098.7025094757657,2,1,0.757066955774313,0,0.4678092827616791,1207.9805735398068
30048.51489264984,6337.7892840911845,2696.1831423000285,0,0,0.8021472574492472,0,0.4039544747200745,2745.464743277268
44847.18402311791,5064.286948804807,1766.6535754693682,0,0,0.9327045797811488,0,0.32903996794340107,1831.0181768988725
28840.8901214898,7781.785335874021,2097.0281651312807,0,0,0.7693737483033594,0,0.40903522625792016,1942.2822147481213
16341.414792025771,3302.0424465054434,217.2750062427587,1,0,0.48152823430728575,0,0.3220723584717547,238.65352921468676
18469.490745402047,5610.954593878784,1816.9327645016922,0,0,0.8324139821973637,0,0.3312894232755732,1653.9191798118013
38577.01935993658,976.5179181793894,466.080595983666,1,0,0.7566894062418341,0,0.4212371467286209,426.0756559530492
41116.67002065778,3471.8551011230447,1083.7076674170287,1,0,0.6594073486868623,0,0.3418676692176318,991.7518801590028
27148.200498747097,7728.632458911354,2826.823057043395,0,0,0.4830663146641807,0,0.41368148005653504,3036.347546623983
45663.10950532849,4542.356558375905,774.06828578407,0,0,0.9368393411266236,0,0.3454951013001799,809.4570326581177
18061.75925277248,2659.0962750113345,216.07472439498628,0,0,0.6102037942019558,0,0.3463850114949988,236.51768159224142
37207.0424162322,1402.0322234645514,376.93032110660033,0,0,0.7024827016297881,0,0.3879689875347698,344.2550105384121
23467.80560285052,5776.462551361478,2832.6485728443677,1,0,0.5322904704218197,0,0.4571991121394024,2941.2385204983434
30177.96670637409,5336.420325722951,2006.7193108428246,0,0,0.8246522470518289,0,0.4039350457181128,2020.071733788899
38568.78405579697,3304.54035202831,676.8592076813433,1,0,0.4728316051096846,0,0.34607752947938897,695.6943298256243
27675.03961659257,7632.060138993757,932.8132541526953,1,0,0.8485075132071609,0,0.31131649181324594,935.2229670312975
33385.3334692421,666.5210974088774,388.22119453189885,0,0,0.2863531429372646,1,0.5072052985407435,401.83587541928114
50075.51371057329,2777.9288872386937,907.8796536441891,0,0,0.7671695152996709,0,0.4009632058633039,981.7917874981985
31077.297565722216,7408.021147246861,2689.957797290851,0,0,0.5815057193848588,0,0.41244487721169704,2737.018004262165
48028.3053447817,2907.015787395803,1397.9241435429856,0,0,0.7590028503375266,0,0.40832351047076987,1508.7560082908656
24443.517744108583,2391.896253913778,110.426572190908,0,0,0.6251165144373344,0,0.2766904733507215,116.65821565614438
44357.65013498339,4506.653074484355,1207.3646341403366,0,0,0.3074450621628816,1,0.33557274844348833,1295.4839087148166
55298.8234478948,6678.513124404034,1069.2024987942393,1,0,0.5815932340403402,0,0.3303040668020185,1103.2567838439545
12000.0,1273.600706587708,229.27809714189934,0,0,0.9716471765317509,0,0.3505873268358832,230.1312765356955
28437.25693435428,7572.655322343021,2007.5948764371092,0,0,0.8038724809894309,0,0.41639107975706885,1834.7627897721243
44924.86552616648,6463.04660885873,2068.4590244315946,0,0,0.4401514256171577,0,0.3926850616203499,2207.005429079044
35563.455367484086,1859.3769166366396,882.1097646009091,0,0,0.9552913183254763,0,0.4379563985021793,836.5947955121458
42453.7504804557,5840.05970898622,2832.6323329291004,1,0,0.823157021751286,0,0.5020403969516986,2570.13852257591
30752.17775941015,3387.1904197816784,851.0410331525661,0,0,0.491557696862527,0,0.36560107624670646,854.2871044878084
39039.0774496748,3517.21008557239,1505.59866381405,0,0,0.6828591726209481,0,0.5211733344544791,1545.5017368648662
36131.87317529505,6374.675693291498,1635.406271704283,0,0,0.5413484832291117,0,0.30872408594127776,1688.3382894666674
52013.38473991769,7720.886059855491,4141.592976973776,1,0,0.27735231511357095,0,0.4681860790261107,4282.171721377937
41053.050119614556,1449.9190463539544,694.4036898793859,1,0,0.8448235250894591,0,0.43698623066976694,715.752769335455
42051.23194490243,3654.7267765911456,550.5277530378526,0,0,0.35286250010201736,0,0.3915517325372666,584.4614185323959
33057.47640653039,4107.062060632276,1447.0235004318288,0,0,0.566430636927236,0,0.42674119956651857,1524.9780160844673
32148.725311130078,3322.338627162482,517.9602133719153,1,0,0.7621104967108625,0,0.24531841225154705,550.3673293098853
32809.30174616455,3223.9184278716875,1254.7388795005338,0,0,0.9457709510614931,0,0.35340436676133635,1244.7667517483676
42733.425708539566,892.015006711974,736.9110100469802,0,0,0.2501808723576502,0,0.6561121207205943,672.4782741337233
32948.18623015685,5641.539654219675,1293.269305203991,0,0,0.5145868454272301,0,0.3108445976549515,1329.3712449384668
41477.29828275696,3771.6081284003403,1388.356680743083,1,0,0.6917181799090844,0,0.41586163276451743,1307.8916225364978
62904.80958374527,1960.9535198294507,690.6929587486177,0,0,0.8234474443615563,0,0.40023834141230363,740.3567602875867
48453.49644118031,6620.251267265513,1648.2504680177408,0,0,0.936744940880401,0,0.4411674746348613,1721.3225932883431
34087.71761398591,6519.205611137209,2986.4842023556007,0,0,0.2003978520424985,1,0.44666751967806445,3145.2874436411794
52414.567065967334,4147.937210666703,3309.5748306341266,1,0,0.7022107061590221,0,0.5921609665408661,3168.2044953033273
33103.09552374139,2738.379958608204,789.5912631928579,0,0,0.20554954015573063,0,0.40232304218193965,810.6029345932138
13542.505577865755,5285.6954434733925,1453.0739554398635,0,0,0.8298042300326374,0,0.418191005816663,1461.2355630543418
25902.96426899115,2661.141018330523,1624.6542873913572,0,0,0.3197332776114971,0,0.5296319159943932,1549.4171532494279
15550.496947689731,2270.05947742784,711.7917172755391,0,0,0.9156965114756208,0,0.29926932408884577,756.2396403015285
33781.8381915043,5978.85990519745,2424.0629552146115,1,0,0.324099388596831,0,0.46479736954231093,2448.283423931331
38221.02055027462,802.4392979071303,112.56855247792653,0,0,0.811463185530064,0,0.25884587730237785,105.60704879303891
58117.247747303394,1210.7635327594548,343.50128979928303,0,0,0.4314431422511613,0,0.3162489526837978,330.12171707447817
41923.12848516995,550.9113051769233,67.00596472238573,0,0,0.6458031054642033,0,0.2850421269497536,63.34887913066336
35370.79365429363,1647.073898565696,400.4114215570557,0,0,0.6867473880837058,0,0.3643997085612456,385.3879786536389
47952.86697420187,1017.425065328446,248.95498247800623,1,0,0.3654085189177094,0,0.4184598296643314,233.42861583899975
12000.0,7968.51775834939,3022.6474532167936,0,0,0.4389575068208438,0,0.3392073393369373,2944.7471163733026
40827.37469730279,2666.0747746556717,1338.0960814601087,1,0,0.2860062259497532,0,0.48204413300264876,1390.0097054068433
47250.3823266436,1619.5100950193546,679.1299625535701,0,0,0.2042312043016657,0,0.4978092599970101,741.5147633962748
20256.965050641902,2307.4719349693846,211.36069128446692,0,0,0.39157443081285054,0,0.28715123980742885,199.1244314861399
51725.04851848315,7520.9417865510095,1508.9151649822822,0,0,0.6128018846712298,0,0.3711164708649576,1448.5071371898816
42061.95688993297,4401.201672682968,1226.3205147538245,1,0,0.7708778075399851,0,0.4028561779492223,1104.2166569372246
33016.545033190385,3236.1357223089267,1112.072024891983,0,0,0.8348477000735455,0,0.38186190181054225,1050.97582608401
45593.38239327542,7050.435934319145,544.7180612655063,0,0,0.2558127685893137,0,0.3090496707821391,535.8339115774631
65248.31429365275,3462.4270291177436,1956.399890359675,0,0,0.4179303092391131,1,0.5089588959162721,1941.4285030540957
40182.39506070194,3012.5642746827184,740.2093077679407,0,0,0.8161791829933316,0,0.34785837337876996,705.6165867452905
40978.64703560403,2054.618919123017,434.12409527636197,1,0,0.5846950999343272,0,0.4089329883078998,403.7634502881525
32487.66920551707,3333.476179320586,1249.7223950286814,0,0,0.3457495898612414,0,0.4117233630203134,1265.4863229579146
27801.867566422497,2875.132670126945,328.32776957378076,0,0,0.513771206317193,0,0.36179626852576063,322.364628898014
47964.029798530944,5579.7796947360575,820.5802236929615,0,0,0.41602735271996477,0,0.3025409645637898,808.4792707389562
27726.994089093594,2671.8702850304535,935.5831271625782,0,0,0.24052280420337668,0,0.4024583570933421,1009.4905611722082
38858.79484663271,4828.998098169211,1660.83854782057,0,0,0.8109017164784549,0,0.3954598096626613,1681.2478966908016
32268.1106388186,994.1912377397953,527.2909693779046,1,0,0.43335492873612697,0,0.5306558190856743,515.5154432871744
43747.7579089567,1934.6686752238577,211.53491065454395,0,0,0.9561050623464478,0,0.2646178263356981,201.1185003163665
42003.94526344338,3555.5395370851156,2146.616318879828,0,0,0.9105000323568149,0,0.540141050928962,2115.9616524678727
50450.479331094786,7527.119404315215,2471.247748090418,0,0,0.7730219841869663,0,0.41355679644431237,2650.101066638929
31879.803213743035,3329.3898928677154,836.3465086664411,0,0,0.4613075097810471,0,0.3790889695104285,914.1434691977287
34761.500776479545,5480.5559089987555,1715.4603361204024,0,0,0.4239388421448402,0,0.4728151692376454,1673.3391853755131
26254.83541061231,2413.154168160486,1579.6107511031255,0,0,0.5802171841267212,0,0.5360626785185357,1487.6717632145928
32668.48087908666,1452.751819799238,446.5887188273098,0,0,0.4836820002621127,0,0.49761540380464026,483.6126794829749
42527.605916538225,939.024500600376,400.72948030611974,0,0,0.920926659220368,0,0.48689509967780725,372.23256548201533
47083.86339974422,2790.601239070635,432.10880227701495,0,0,0.2987961114249877,0,0.2618070497955188,414.59847958586295
26934.016109868495,1682.4577009768097,440.1955311723843,2,1,0.779574060492034,0,0.422165498657355,414.14880414064453
48435.27104126792,1805.0783601209314,909.2765556856267,0,0,0.6887174354606862,0,0.5177717617737918,921.248015404785
54267.65430565941,6205.694812902126,1399.5261338678358,0,0,0.8450409530690943,0,0.32170980438546254,1373.9543068145506
42961.21883868441,618.7855320865566,304.3121340342967,0,0,0.6339898614001653,0,0.48115324818550237,291.3585616374519
60521.549750696795,4683.575943015759,1388.2687775205777,0,0,0.7036325420923815,0,0.3556637458354301,1462.6600261650653
28714.529610757123,3345.960354450986,2281.9384204579746,1,0,0.9701925055731804,0,0.5383947439175135,2356.8392647364094
23064.143560262994,4299.124999314105,2764.754046063166,1,0,0.2735692421593293,0,0.5291976061664284,3038.7475169255385
16655.357013148656,4721.226779109522,2043.7494902477688,1,0,0.2838925270536507,0,0.4842249180191984,1966.8996895416665
55952.531737870195,2850.2577084295863,438.0348390117945,0,0,0.5148861477823181,0,0.31013966709828633,468.28386634049735
45852.38787624869,2713.31645138214,227.47852490098242,0,0,0.5781862347207942,0,0.3448051417422214,218.49346288077422
37332.983949074536,6000.513870011793,790.950753207644,0,0,0.3598976336501301,0,0.2703105975184521,713.2852989639592
41359.62351583784,7034.577410908679,1661.4291047747508,0,0,0.2661342375862951,0,0.38805969379292715,1545.4273558932184
24494.131432419483,1944.3622434389592,995.046807021431,0,0,0.21774100525132775,0,0.4888436472357396,996.7325194725872
67349.02375540191,1232.140704013617,238.9140722813747,0,0,0.8116738003566708,0,0.28785651418652586,253.72719105230487
39550.65418370273,7233.468547940194,2936.922823687686,1,0,0.5880459149310602,0,0.40911412057666424,2676.953812875873
39312.73753525871,3124.21597735549,830.7753733904121,0,0,0.8747227438665353,0,0.36495154858840995,885.9412839543589
46709.1994867843,4634.880429971106,1852.8497435866427,0,0,0.48866978803085676,0,0.4794760794174724,1932.9204204043942
43772.11078084056,3196.573583900026,1121.7023521804388,1,0,0.7627569040223801,0,0.4028718948180312,1017.2761443035288
40686.60829134958,1443.517522595385,366.573737909833,0,0,0.5908164178905284,0,0.4469896669169715,337.70941140023314
28514.306534656258,4919.98733710796,532.3933944490994,0,0,0.6896559988905523,0,0.28595164434347414,487.2070335852337
43657.62028563195,4438.556388272223,1249.287437648991,1,0,0.4961574728968923,0,0.38059455214769505,1294.0101780017783
60584.2939577004,2022.4516939339792,112.7511845185542,1,0,0.2649358163578726,0,0.3279798309396526,114.12741629569078
54145.04055385973,3889.017834892084,1014.7102811693645,0,0,0.9578988657691805,0,0.31703917968773465,986.0666932288412
57118.23951967276,6477.106280117344,4182.537078711895,0,0,0.8688718823348915,0,0.5886489848124773,3838.1566583032363
31865.411882825778,4928.195773309185,1398.3973869700562,1,0,0.4495134185239792,0,0.3516798852941551,1368.4665106642885
26124.74215689703,1226.8799530024614,245.00535799978906,1,0,0.9669623484351553,0,0.3305305405998602,253.93203349274785
36490.55695880422,4610.161229218513,1167.5913329296677,0,0,0.44039098513209285,0,0.37399031492219237,1072.6455456054578
38668.698947464334,5770.537244671901,1019.9682623023116,0,0,0.5543920161734963,0,0.2972415207774382,1092.7093289820675
51130.298221651385,6445.275543355635,2078.7911625082866,0,0,0.8041085285511018,0,0.5015979054332136,1897.0668217978227
17690.42444342217,5218.381839757,2937.3394473395415,0,0,0.4472033986659043,0,0.5122113267341535,3000.899807268515
56354.60383352736,1644.936234055878,469.13225249472566,1,0,0.45960638290858474,0,0.38385127615019693,439.96608486520773
36103.905217052124,5826.299499426205,729.4203553943233,0,0,0.5280657270181336,0,0.2827544219919725,669.8470886126095
32877.42716063096,5580.063845611373,2174.187613011849,0,0,0.5747114876821313,0,0.3716624901527165,2111.1237955103998
25854.74749687799,683.2016220547491,240.66395302823858,0,0,0.29889299345074216,0,0.4539608770414408,248.69866548670873
18141.719937610767,3588.1075069268236,451.63819114758314,2,1,0.21399332641551433,0,0.39580530920639667,417.40879866326463
47878.04700754298,2997.1268522177998,1125.2827763077692,0,0,0.9353257542840434,0,0.43218751457463683,1119.8132997715966
38879.81560626085,5520.590481902325,3736.53670865067,1,0,0.48255090561839453,0,0.5155271513571448,3666.369866813482
22520.469203107354,2121.0185923319054,755.7586337047788,1,0,0.2813508812412299,0,0.4428995501054556,744.7932170280701
22459.054735236605,4931.539422306939,1744.8193293047123,0,0,0.8073371217120351,0,0.39662591505353934,1899.5557526313555
33970.583608518464,7349.044713606293,3689.7442891683954,0,0,0.4360485367983127,0,0.4098305886384803,3578.3360774464463
58028.258303472714,6483.517791564558,3343.5592904667274,0,0,0.3453312593611576,0,0.4704881403184906,3672.317370929951
34884.90378363674,7410.933021623978,1801.0988862822867,1,0,0.970088826288533,0,0.39052046881842484,1814.9281440705283
19962.284562582725,7838.794751995175,3087.9710551168596,0,0,0.9364343131632877,0,0.4507838942303857,3299.485267376336
35051.08323096867,580.0259525462208,135.6178778622006,1,0,0.2845966863495922,0,0.3705652186680022,131.5185382367951
34727.317163027954,5170.559572831082,2794.6361269083523,0,0,0.9194281678572438,0,0.49181406775433734,2562.55491091021
12000.0,3596.295483191798,1335.7911680205325,0,0,0.9126940208026202,0,0.4186833854535321,1224.7611805655072
37348.46160178625,6948.908677513413,770.0900863629465,0,0,0.707499642334781,0,0.27763548490153106,781.5104127031098
35228.785637495865,2388.610265068488,1345.1712585203072,0,0,0.6237904007121451,0,0.549880640379183,1460.8333339626708
46354.47637776102,7857.721168363071,5083.315365239362,0,0,0.37395081424104676,0,0.5390891415972423,4647.391405009363
60187.47313934415,5102.809771578105,1886.3768965343763,0,0,0.29710742032469517,0,0.39531426702375433,1957.7261969900867
51518.780354573086,6451.530516716232,2078.027778844903,0,0,0.6850952407680251,0,0.4665931045542814,2104.315283476183
34773.335713342036,1141.9966461707625,376.5266430872521,0,0,0.8575658053783142,0,0.4478980128480675,387.991925564481
24721.68909509996,1875.9341356914879,334.4249235178963,0,0,0.7509150836340435,0,0.3341066651714986,315.39888471132406
68880.31763899833,6188.027547756524,2861.303150004111,0,0,0.3446403389338848,0,0.44403675516365276,2615.5220807248634
38710.621208173856,664.8989152949271,356.8482952637084,0,0,0.432014912201368,0,0.47868913223050163,326.496793991933
38167.151502955356,6626.584894203371,1597.472441328718,0,0,0.6371340697516155,0,0.3199499871099239,1516.552403752917
37710.49895467996,604.6176401893359,162.77051613689008,0,0,0.6999940140347698,0,0.40925879069664056,153.4482992237426
40377.01712921426,5428.39129295955,2919.594224485451,0,0,0.2578020900058845,1,0.5655834135596252,2701.4173910823424
36267.67505691269,3238.204401738544,1127.1191078172883,1,0,0.6912413105957432,0,0.429553488483892,1074.0730416641904
31116.055917437166,5086.211395393993,1690.5831241876824,0,0,0.7890555158908983,0,0.4616399738047947,1702.070194196384
31437.692705115296,5720.235552418353,2386.08189188153,0,0,0.34508627888626076,0,0.47214968193862344,2600.5972444070635
37606.96075740802,3068.5641438972816,1475.4996068097987,0,0,0.39697497204245,0,0.4075913278029242,1600.1110846434653
31478.902746394822,1309.7183608312666,493.9085774855168,1,0,0.40711727214297144,0,0.4782377269189599,471.3580594291044
29445.85060787403,1022.3440081119924,709.3031655365437,0,0,0.9518482020606838,0,0.5532339906072634,647.7654122907585
39277.162732302764,4917.0201692191085,3006.2146819357768,0,0,0.5256128966303916,0,0.533892190286157,3304.210876059395
34940.27339094973,4404.915153005837,1731.3360407279913,0,0,0.6244571651076529,1,0.39048001812824157,1723.1670269281533
56047.91586299226,6066.507568408494,1672.565467588357,0,0,0.7794514797736194,0,0.3038746939850565,1832.5634290860407
12000.0,4323.016325029528,3337.2409212076086,1,0,0.4971682107095755,0,0.5724959944387037,3362.3650176430983
51098.08222306954,3668.3434252315933,1626.9940993230664,0,0,0.284444437555484,0,0.4605551267207666,1752.7154543666416
52953.02230997155,3485.653836771731,2039.4702199378723,0,0,0.7234574965749765,0,0.518452381721369,2017.9418381830844
13119.317211102207,698.351769482506,147.9487677538999,1,0,0.7338185332589806,0,0.3772107440322075,151.55939857824217
33887.748871035816,3016.6790127249287,1713.3004678364384,1,0,0.4084382520009713,0,0.5171796944812552,1725.54724849685
33542.7096080505,7820.151181433706,3507.9947721361004,2,1,0.22818312788057746,0,0.5579790303957665,3311.4609921023566
21109.859663386145,7051.666821703166,2354.82660544681,1,0,0.7322825233963013,0,0.37851525112565343,2479.0664494926978
28666.199748909494,2970.3355027566326,284.93494865111404,0,0,0.7627404419585777,0,0.3741375382117585,259.5646584469376
24673.089854410056,4908.465537997791,2018.2382571178644,0,0,0.22085191405821175,0,0.5138113694784214,1962.701081484988
59027.24532108347,6854.725591516205,3184.503123033418,0,0,0.7545466147649742,0,0.46977941746280566,3420.094392373743
49228.14071776954,3809.557525625515,189.79506337389216,0,0,0.951142855252858,0,0.21700829822465828,189.89693635566871
53258.66113992991,634.6839781261322,164.2418663962741,0,0,0.34302822641128383,0,0.381226744329051,150.36820738091
46660.06476851882,1058.8284636398007,353.3891980115658,0,0,0.6170590036815566,0,0.3497955992937709,332.7180681807125
24451.37874539325,4327.9454101153,716.4905875063271,1,0,0.7574211637666943,0,0.26860473892437675,660.5526670165934
31705.756804642715,7770.795317569087,3379.246345316062,0,0,0.38406352169309427,0,0.48567374895663673,3228.9599783661183
43872.49473473502,5699.071566641508,570.6011122307536,0,0,0.8012391133300378,0,0.26089095162973674,532.4064239645419
23334.466293296653,1031.8714357892713,314.8313335233358,0,0,0.8944707437104682,0,0.36761118037831625,328.1770830807796
46555.98116206865,1920.2065684389709,595.460034892029,0,0,0.851640768615866,0,0.42625920509465365,614.4464342231593
35116.095222102376,6284.923574126376,1543.0858368250292,1,0,0.40711913247548115,0,0.37946637114448006,1430.4649104693083
33502.15030940483,6810.798199671835,2660.5531281596946,0,0,0.8433731526680701,0,0.4538114493422435,2631.282165681445
46531.5196184419,5132.7093964144315,2757.539565885893,0,0,0.530674595521907,0,0.5637509180736793,2644.9445811687483
43331.15973783248,5333.173772223625,148.57335404052478,0,0,0.4131707398577967,0,0.24119873540243167,143.73628015699373
33668.40601017104,712.5308778753848,269.14176665565066,0,0,0.33437717373994147,0,0.43359821361558076,273.2316324351951
51911.95764037098,6713.976946861314,3177.1537755474683,0,0,0.9271851540053497,0,0.5230593155745562,3430.493056596235
25027.240068801235,6412.064061281222,949.8723166097514,0,0,0.5415180332133023,0,0.27974101424443204,1025.3539235430428
45391.227283331165,2442.763580775104,814.1012216923882,0,0,0.8925849495062455,0,0.39469834777255897,799.9393604909051
45117.2150956206,5815.075399741302,1315.3931786127341,0,0,0.32763599114383435,0,0.38633246894774037,1287.295104547447
34285.44272823212,2111.4095481874856,1121.31471976215,0,0,0.813594772922495,0,0.4397070978186011,1125.346041494007
41913.59626690541,802.4762078863474,182.18160316298386,0,0,0.2880106782319118,0,0.3613669532703547,181.23844925978153
22986.637083376365,2008.5240694278295,788.5784857762235,1,0,0.2140519568639542,0,0.4151688228645896,719.4651053061484
49088.324230482816,1839.7165756572463,649.9863679322049,0,0,0.9960394461811304,0,0.3727197740204358,660.2235819304216
35781.174362684134,3033.109975511354,1218.6133637215366,0,0,0.2588298666055928,0,0.47892592534714884,1239.2645852581538
31727.323753771525,3638.371228815936,1585.2365674897403,1,0,0.5692323616502677,0,0.4828036073866841,1569.4911763471537
50588.110710042674,4314.041686232809,1478.3859351219592,1,0,0.9027083063441048,0,0.42558594755699714,1452.9472724419536
29547.875713486887,4075.654066312461,1574.2450992357078,1,0,0.8555036384526056,0,0.45211555832028827,1712.4467367472075
21098.464443637284,2530.05954473967,1214.6136481023893,0,0,0.5769405703644865,0,0.4500372971322693,1239.1060898328838
19320.449917713155,718.7800143055586,300.87114055750163,3,1,0.6886788053387591,0,0.5405054553297615,319.9030117398422
45272.119416147674,5038.26216677863,2654.934836383887,1,0,0.7037649213302555,0,0.4542712544311671,2895.918526653276
22634.847770044602,3468.0862238551576,517.996799860301,0,0,0.28785998640852456,0,0.348136908366529,550.1231364684229
59057.53018381237,2740.041180406623,1093.069337386257,1,0,0.4279232754717171,0,0.39333327463331913,1189.9108148637376
13016.847105395336,7002.057821228843,1350.3065103540905,0,0,0.4407865289448773,0,0.316830152046074,1420.3316713319628
58357.47641948046,6100.574808486198,3046.3186979935085,1,0,0.5025025204277349,1,0.4337958762897346,2845.335093545168
40532.209606431425,6933.241612793317,1224.0952763434839,1,0,0.4191340281167783,0,0.3381238368951383,1157.2426404014332
36839.44265755529,4212.370960343457,2319.828823551281,0,0,0.4011987691690581,0,0.4874607964655552,2177.8066995668028
31460.970958292604,1481.984390950831,524.3036554300478,0,0,0.48382841017477257,0,0.42530425227901053,505.65166710800196
42789.63337222485,5721.660770909543,3126.4848647646036,0,0,0.5033812063225456,0,0.4693608423839371,3035.81229879936
37548.38357090182,2045.5533495288144,1278.670178112691,0,0,0.589779245406929,1,0.5010939992563098,1358.2500012825421
51239.62258419826,3809.2225181878757,1249.1613447720708,0,0,0.33882832171863164,0,0.41506820827599716,1214.3976756384222
39370.73178394447,987.5059171166638,297.90291171742246,0,0,0.8306693308151758,0,0.3803823379775122,311.4407328407794
39803.621137542534,6689.813018172368,2668.7226135904493,0,0,0.888534160296512,0,0.5431763079695316,2884.2576047265575
33636.653453433726,1444.5548078562542,525.598600338446,0,0,0.3985319067924654,0,0.4398213939723472,485.08056328620654
37316.65251534719,7273.231302869823,2409.2279458696826,0,0,0.29864058169433205,0,0.4046998122996664,2168.4310348609324
41693.62122670471,6981.729516961678,3668.2923717953813,0,0,0.7778495850107563,0,0.5383319413773925,3953.435043693008
17477.979288120492,3984.3707332943454,2032.7980381411123,0,0,0.9393960981783476,0,0.5196678045815272,1926.3835740636425
21821.774934731446,6082.76153227993,963.824760343902,1,0,0.22811867133836855,0,0.3286385221637588,897.0197048614381
46919.16912827258,5145.838053636149,2792.5153669097563,0,0,0.21154878322745657,0,0.6160403070707723,2678.1388394881965
40050.3852575353,6523.067317533087,417.63899953170164,0,0,0.3467403691074693,0,0.32504648361452293,391.41345108602036
35792.19996376785,3738.5382558943406,853.2174133407166,1,0,0.7478339882463494,0,0.30815195696724645,903.3272139112214
38221.207196784715,6393.563631832625,2579.659380223533,1,0,0.9718248062647135,0,0.4182131169123386,2649.0563537636313
42170.98046434005,3968.4261279886096,658.9461072341403,0,0,0.800304764127461,0,0.25309638209349994,615.1003983439791
31522.883836287663,7557.243408820954,2776.65008506232,0,0,0.6584260802922093,1,0.3567592036213347,2823.055557592458
28660.34329517225,4147.790756188607,2083.6449239976628,0,0,0.7604395143004383,0,0.5953939881769542,1961.998006718765
40350.14306117218,3969.6445395029714,2118.4599440291686,1,0,0.38455864903375137,0,0.5442182961528104,1990.3168324803353
26259.526668619616,6388.038961726345,2100.552094337065,0,0,0.7508415584520964,0,0.33060340813927164,2140.650375087649
42899.03306857366,6661.832688206285,2496.635825774816,0,0,0.45715596278291404,0,0.41842402896323766,2578.868537035076
17568.996749145914,4658.668357408781,3027.501338094285,0,0,0.37793770626614265,0,0.5282124894431093,2934.376639486952
50349.867647907726,1848.4836012130654,371.7424041628812,0,0,0.38924479880984136,0,0.4465641576599039,391.326357649066
43671.16978895652,4008.1867321818463,1623.8589014490026,1,0,0.7342302014849171,0,0.33811276728347983,1733.3766515101415
41072.356811766505,7760.543771822588,2024.849282313913,0,0,0.8137805777602336,0,0.34201973383515527,2193.4561351441243
49792.29180734616,6147.396447793888,2586.7846514813345,0,0,0.6654416884468377,0,0.4143852996371611,2652.0026279147764
57985.693333550924,6583.7195290934915,5012.1061785309075,0,0,0.25108420911404705,0,0.5640555186672354,4731.453182652233
50172.44078021756,746.191241144301,202.08540504806876,0,0,0.23040746696436962,0,0.38217973250064985,212.12762706588822
15909.509224020258,4008.9459697561992,1844.12021398351,0,0,0.3737334800625366,0,0.4925319145592908,1699.4843317528237
22645.07639917158,5349.6585024316655,2256.866853160242,1,0,0.42917496193918814,0,0.4189970053816411,2112.9757306764964
30502.177067651854,6725.24512721056,1637.1037761818095,1,0,0.5238559142729478,0,0.3564641691425631,1746.065516170541
38313.09260253001,869.5524018707861,576.3828522338857,0,0,0.26082246189552266,0,0.5100930797646923,623.7418614016032
44211.90824562948,6893.291642314048,2805.760517331386,1,0,0.7801270127538602,0,0.3982164616446908,2562.6228875537945
29291.074242158415,4613.007025564338,1246.5222683764423,0,0,0.7691985269707933,0,0.3880430340717408,1199.683329261062
40241.20117372494,1979.8547793204496,632.2057332624578,0,0,0.4773420749261119,0,0.4168065152024461,648.5390885050407
28935.404811760127,2879.41412337275,434.880195991401,1,0,0.6504020194947284,0,0.24419257715851866,473.03203901435717
30661.78636409662,2614.4716381367057,1234.097460489632,1,0,0.28073275549511445,0,0.43326946711113035,1251.5538778098537
21120.066837821334,4481.442757163568,2129.3977336928774,0,0,0.5321749142400847,0,0.4509135134315094,2266.101896369186
26921.20104666915,887.6425993334886,348.2697253812585,0,0,0.8860518059840445,0,0.41114570365667774,377.7162872188741
21779.784732603996,1689.0211887494265,581.6162816646456,1,0,0.728497970497278,0,0.3943981112842461,583.8314122034901
26289.520964272007,6595.197825318368,3020.0975639431554,0,0,0.2831550205391047,0,0.35570631495305666,3165.333795814521
50643.70155929407,1494.529930601083,936.0776743750515,0,0,0.8780624249738838,0,0.5747506698686436,966.4838946867526
26607.213334016684,2250.472020935952,1203.1779406193152,0,0,0.7445569835352395,0,0.4875007321447971,1244.4137912513143
69588.5847780487,3900.27954203118,352.4360005891969,0,0,0.5624450352687389,0,0.4029829589347872,353.63898216197714
43919.81481057067,4378.406660849978,650.8509809961696,0,0,0.7536728312105179,0,0.3420225933304625,666.8868631875947
40218.033484338484,6227.07859710619,2081.898717888555,0,0,0.33825620434425546,1,0.41575239684905335,2104.5391608119326
27699.70663782544,3854.9931999964083,1740.048891919751,0,0,0.6403891762180389,0,0.41883399364680607,1787.9848069831544
46403.7185529079,6423.984657766541,2715.1235175577845,1,0,0.6943416028524221,0,0.4169290236411252,2717.9460458095705
31092.346085146713,5137.597302840931,1894.3589425703087,0,0,0.9421958583544912,0,0.44802572484847,1789.2208902573218
39464.11777574434,1348.2480456786684,324.5084283649619,1,0,0.253513368641313,0,0.3472454024146763,337.07459216587984
68721.01445922554,1672.4857879462893,549.989400781319,0,0,0.49982617140867913,0,0.37025142928790883,537.2331318187919
36847.2812033042,3777.752940873281,1298.9623669266095,1,0,0.949451767944747,0,0.48029976853847384,1202.2524141577858
51791.27991542811,3476.670448167797,890.6248014436255,0,0,0.3737768441028746,0,0.3801853849245491,953.2044097211148
29561.88289848935,6076.582022279709,286.2306599426224,0,0,0.8505602626581308,0,0.30295691858925977,267.9890084533782
37580.13811403646,4855.528548480139,791.0895958825262,0,0,0.20128442796759663,0,0.3110250847913914,797.530484968321
59249.607627626116,3410.99810751687,1575.9244142753284,0,0,0.22070725587798848,0,0.5066962295535566,1645.6172730517665
30476.39530654679,1780.7021258778923,470.97738048329705,0,0,0.4620983082024938,0,0.3478074173151253,484.8902801159199
59749.38269596314,2201.2782674412138,578.9289376003877,0,0,0.8148029686642182,0,0.4159662403374219,539.6612877644508
46493.0232254657,4816.257638517943,3044.472907408939,0,0,0.2833147753880873,1,0.5165219801344239,2858.2352700216215
31250.39868926879,3675.7910367484433,1511.871449008237,1,0,0.5062829149024943,0,0.5004807990907238,1405.692107488227
45588.892868666255,4361.95631645504,716.4446765510701,0,0,0.30517453498359637,0,0.3763469075487728,655.1954182399097
49670.653395520756,1780.0807647667525,218.15345445312013,0,0,0.37887485555312655,0,0.28839013008320663,208.697526781648
45461.71954660636,5471.796892584243,2406.5467247513548,1,0,0.6023953537028782,0,0.5389212784724463,2418.164733333019
19157.303361314523,6894.040556419753,1380.3753758430928,0,0,0.4553109935673694,0,0.34590801148555095,1290.0852675156789
29274.353890101578,2434.5463009017544,337.840541985619,0,0,0.3695301167840661,0,0.38138836411763877,369.6556123066881
35029.776373381945,4186.3566937386995,1387.3454569695336,1,0,0.514797584869542,0,0.35435401673739597,1442.514769957718
37106.798850799445,7816.454967656763,2398.1589065752173,0,0,0.7608439714189048,0,0.41628235261851904,2438.1767843919515
45448.06517060813,2999.313054130457,1635.9809175804546,0,0,0.29553448528079074,0,0.5115239358923989,1695.3403954360303
40132.41201119905,4962.847586928209,2143.620046953923,0,0,0.5836755562886062,0,0.4289021443720443,2116.160278674416
21975.867695478784,1176.4677515018327,440.8517444659036,2,1,0.4197757668911517,1,0.5571780235818248,438.1985380067158
42562.37421207156,5045.1125185958235,864.2310147838915,1,0,0.5028966988319652,0,0.3793219870851503,931.4102767109079
45327.02894340588,1172.2382997846344,718.4384021385365,1,0,0.8572441431265545,0,0.5473638445576461,750.3283674569773
44717.48537517248,7694.265764928666,4062.5850675476127,0,0,0.9437839837635429,0,0.5034392746236329,4134.238373826013
50969.36870665546,5867.469890542336,4424.498529776516,3,1,0.3943823240967678,0,0.7000635942527305,4822.891487696467
48007.06585458685,6411.198411017798,3211.5694943580997,0,0,0.7039767654635922,0,0.4964954873171658,3316.0362562209884
43510.16095074124,5780.782705787276,1795.417727586988,0,0,0.7413418238937381,0,0.4218765522645326,1759.039009836909
37158.01146249624,4922.967770573493,1115.3668224932228,0,0,0.8739887991859463,0,0.3820567130705579,1014.4167384848969
18068.468797808102,3874.34585814129,1763.9249540807866,0,0,0.9192339748009575,0,0.47924381881641676,1725.3571252211752
43155.41862959103,6937.800348207968,3488.8754041189236,0,0,0.5743934380272209,1,0.4586406959100731,3785.2943089848027
40492.25224595734,7676.267506572973,705.809375440369,0,0,0.9860605161988001,0,0.3318659225273541,641.5312955782236
41258.946046344485,4242.771296780609,1374.9816107958482,0,0,0.9766631788776505,0,0.418961168287555,1288.2374985518445
22679.01709015629,7486.512868664465,708.0165650765784,0,0,0.6051743766707751,0,0.3081585894209161,751.7362410553164
25027.32151510085,4874.996824913881,1601.6224725718691,0,0,0.6336256965175073,1,0.38910444423079904,1558.36419550922
50637.834239994845,4537.881401723249,2424.410414284269,0,0,0.7341998716407192,0,0.530040243310461,2272.108310896074
37525.33815372014,3908.620497165175,1921.31125934108,0,0,0.4990529153758349,0,0.38966517569138925,2042.6094591891797
46178.00836847149,2069.658211475899,126.24509398495191,1,0,0.729635131128249,0,0.2752633470582737,127.72063761286249
38339.82051356554,527.8974561354439,212.4408026771242,0,0,0.6114283149237669,0,0.41559524975392137,214.49992601952943
38357.073673948944,2311.2967014204596,346.54518327372364,0,0,0.22834941262179137,0,0.2984830621335561,332.25261662853273
49259.405671711975,4322.923787026739,782.3266032711856,1,0,0.8821831493414007,0,0.32098967600441297,809.7291107966494
31807.463261391513,3349.6996419481443,1452.296666172697,1,0,0.9523566409256068,0,0.4038424060384205,1557.392430545905
39153.4493232918,3863.6392100197536,1148.248289384148,0,0,0.2209832628375967,1,0.3699539152171529,1205.707852829303
32452.69653553949,7854.861646730372,1230.914555980354,0,0,0.8314094550458282,0,0.2734819843088045,1258.591935305235
32786.04527081221,3127.042780019957,1111.1858330305945,1,0,0.5086506087528219,0,0.4264852109677667,1077.9657167303742
34289.93451837633,3891.372045200809,1467.4956936408275,0,0,0.6685054400231394,0,0.45738320755584133,1571.630243969956
40665.605259604556,1501.3666351461466,216.1357350749877,0,0,0.5999959575685727,0,0.3568364597209837,218.9933775882022
32255.016540038272,859.6829932774074,320.562359176301,0,0,0.6410485206664377,0,0.43974485016934706,345.5396024991364
53069.07350688225,6315.571359443709,2389.1066562101832,1,0,0.5961490438064676,0,0.3977927431096747,2271.6479491871146
27264.712373365954,4780.12381303984,2463.8383923515844,0,0,0.8827002971903006,0,0.43772592700466056,2539.8702291438567
35757.54027006369,6205.286045329212,3678.6934867142586,0,0,0.7468053477562491,0,0.49073413191824056,3998.8788015599093
32723.2273007099,1623.9709916491372,525.5270623641878,0,0,0.5301098044366621,0,0.3829469752587844,512.29278584018
55363.73461224479,4788.715783870182,2148.9031031690056,0,0,0.7508548649204392,0,0.426716259401744,2342.8486407641817
40358.657318138896,2402.3185575603165,730.3940445220958,0,0,0.9720382552671052,0,0.4839680690100464,714.6850256084173
50382.13447362362,2210.463626750149,727.0386382409137,0,0,0.26424660964274616,0,0.4262044092315702,717.9779963022977
20173.275523556338,586.4451053973894,301.05001068106606,1,0,0.5104719772464457,0,0.5041744329012531,319.5012076781033
41204.60319043111,1477.555426768039,783.4474636801251,2,1,0.8963632258590366,0,0.6010356337755322,745.9628946529164
48675.569547481246,2819.5108362477154,1139.9800256793878,0,0,0.7912440886491787,0,0.411832142862607,1186.9182587686105
38987.40787130509,1376.590704432043,762.4403262460188,1,0,0.9479431115586814,0,0.5047446248951619,731.697083974074
50785.764500784215,7893.938303082031,2756.522570071199,0,0,0.2318479100985914,0,0.4350090864263876,2808.218508350045
31792.538598795534,2814.74486392963,508.0641114422179,0,0,0.8902204873702297,0,0.3698039666061249,536.1052752567305
54912.169282226954,1477.4296002674612,495.77951550245217,0,0,0.8334390159638976,0,0.412895670371181,448.7934306796849
65586.77748343101,1993.117346209683,627.1588790699417,0,0,0.8520312128658982,0,0.42210839437584763,575.540827643105
33645.93727472409,4907.774212561074,2061.097324929611,0,0,0.6778101824897207,0,0.4197936739857603,2240.1548893563963
32653.96974319074,980.3264289859138,250.33056917112197,0,0,0.2415336280964846,0,0.30207819513799505,266.14292719505977
55440.61372541241,6968.255976058676,710.8681755510678,1,0,0.6313039431606692,0,0.34851057478254666,764.4689895664769
56954.86574876855,7711.247594278605,2973.901574374697,0,0,0.5262009095918936,0,0.3997519387155803,2937.5852801754136
31725.67967416078,2350.6056550053563,1209.4904236929265,0,0,0.621633402121476,0,0.4575832391108186,1261.825527485195
32957.75819484971,3875.714514431445,915.8467390877031,0,0,0.7922367788970737,0,0.32121709516437524,1007.1154892798554
34618.58469367391,666.008382721228,396.31781062559565,1,0,0.6767685076094088,1,0.5301246584694276,390.9699962613218
21866.593867588675,5305.326685454162,2505.230491090798,1,0,0.4340503118874322,0,0.44096192253512656,2678.983171759442
26976.17664218962,3604.4454353944166,1379.7822047967068,0,0,0.6796058744563372,0,0.48178372911147793,1263.6826424312262
25950.310798975188,2525.4384957616676,531.6642074941119,0,0,0.26651075446481953,0,0.40319500169002975,536.3282521076928
28786.429218750458,2051.2783296245634,129.55730944941112,1,0,0.20429279297385589,0,0.2939355429478043,125.23630937391371
37583.78135135862,5405.173082440703,2367.64715076105,1,0,0.5212224218340384,0,0.4191587017623881,2378.581134313584
40810.57679043825,3621.627732742358,1431.0696087392712,0,0,0.8057490888725884,0,0.5021899660019227,1320.6123263780846
56606.005913768924,1847.4446677243402,281.18704612356186,1,0,0.8581073847910707,0,0.3646632994720195,273.74582089115074
26019.75151113451,5668.31811115118,2109.716352878359,1,0,0.6398714506459964,0,0.3908561314336172,1931.0359251490734
49811.86878171901,4738.042122775202,2268.8086897604926,1,0,0.8944055090200842,0,0.4824256579277495,2247.5241502911663
35432.133869293895,6940.040411971221,823.490029744501,0,0,0.30073188045022214,0,0.3149010789542161,813.9037635564147
37406.435484170805,1381.0692415736967,413.5333073451251,1,0,0.9712846842413925,0,0.40831318396566635,399.4492016112546
46097.83390599924,6392.499514583421,2621.0432124874287,0,0,0.9374082692062551,0,0.4404272320029837,2856.0522655390178
24527.335741252416,5551.375901129442,1212.6563904624652,0,0,0.6793898003982208,0,0.3492238377620238,1111.504733079599
42588.91695420861,1362.5820262107336,576.3923944995977,0,0,0.2469776992274424,0,0.5579042734064937,613.8439107922258
39997.42649855667,5711.155474037905,2514.4845021634264,1,0,0.5633622902470453,0,0.47202579701416547,2441.5278093193224
43909.41516809779,3811.6046665987283,289.9554657941351,1,0,0.3434183688979891,0,0.25827796596691666,272.51833963554253
41470.023726893814,7587.385891668823,1538.7933057825348,0,0,0.7027402147285402,0,0.3257680867249512,1468.79633784141
67463.60167893073,1562.0851296342448,701.6960309435913,0,0,0.3519721557522229,0,0.5279881675091171,758.0974901772237
30347.12018898421,5321.250431118035,1557.8152572908818,0,0,0.5854381283393055,0,0.37046957168811806,1659.041662962417
31628.036539978188,3364.8503409720947,675.0917993631775,1,0,0.36450154148815206,0,0.3053575030545084,609.7101906249269
30522.31368290283,7676.110029431583,2797.87585856757,1,0,0.34547610426321496,0,0.4189005176519858,2600.5301729453754
31334.274570076945,2974.8117146770733,1497.2406812500678,0,0,0.3983388607536338,0,0.4718763200999736,1549.652232305589
30351.354472321786,7716.394321188502,1162.8858763630203,0,0,0.22335716441279443,0,0.37675006495695706,1120.4205433763973
52268.19837329062,7261.143883255618,2846.8432739461573,0,0,0.7728919419038924,0,0.49300808176670446,3085.489083352865
55046.05097587826,2527.8742648299226,879.3005599870627,0,0,0.4453811010800558,1,0.39781985881845394,929.6847750339521
31151.044475006285,6526.5633261982075,2597.68278680628,1,0,0.7584864431507043,0,0.46544541562483616,2792.5291354359215
28011.733122749254,7967.0315135262945,2773.7747007511034,0,0,0.7227825747474776,0,0.40471696525199247,2603.393070558897
43656.98667663685,2394.9725162846175,1593.9800811976509,0,0,0.2528901268985493,1,0.5206213787736901,1482.6262958205018
31373.323468628347,3775.8287699248976,1234.7757458810497,0,0,0.44962780649866724,0,0.4723223778132164,1341.4430687920067
45595.18181306613,4401.355524250697,1621.4436203249268,0,0,0.6534884266465022,0,0.49741352908200054,1590.3748274872771
40435.0762502156,2711.9835185289826,1240.5955722021963,0,0,0.9347209551916866,0,0.47357638232648447,1219.6832767031788
19811.070620033217,614.4862973452232,176.09427533727865,0,0,0.521055768358802,0,0.35763196464454,182.59464176420377
56570.06241596074,2150.96933148145,1091.782931957571,0,0,0.6038332361723314,0,0.4430464139627794,1069.3907075907161
59550.53207714626,2614.5266325631883,933.3440163164812,1,0,0.8001270428002805,0,0.441008153638763,1003.3805363996152
30646.535714187365,3826.997759886404,1053.7220724467984,0,0,0.8426363790522904,0,0.43116350412399174,1150.4695400447904
33347.581280768194,1783.268588100514,359.3684483152429,0,0,0.9386724029494091,0,0.35078890980959654,347.33097024901485
41430.38468869886,7049.407675187545,3633.8976975639935,1,0,0.5977515498756583,0,0.5303224273106736,3421.719987073373
42013.4814798443,5786.833495485021,1082.2650425091729,0,0,0.35507034360149237,0,0.33024133391048066,990.3386665751054
45902.53127207397,1139.0035816974648,489.3307165871058,1,0,0.8115369838408484,0,0.4256796528960308,461.37650408635517
62122.45446519619,5375.693383549486,2286.7198655706216,0,0,0.300460211684296,0,0.45653772068811815,2121.8224032760395
35876.633270071405,5402.423573042153,1016.8610983636704,0,0,0.5346738497380883,0,0.25924843026257044,921.097255423367
28420.433065538557,7671.658802327208,1791.7265692414726,0,0,0.7025704398816137,0,0.34070853382144956,1629.2734486262775
21448.16926382567,522.6565351712094,196.29926504866538,0,0,0.7534849491496591,0,0.4569082120122138,196.66688394557104
29228.839520696973,2359.4933735435543,1259.8342003822372,0,0,0.7864221737727417,0,0.3983255682771182,1312.1913548366133
37602.476325514435,7458.436095314866,5448.669317123585,0,0,0.35482591323233503,0,0.5325850606249032,5975.292060419286
59534.69436221346,7491.004365487123,710.9592053673175,0,0,0.9853193610976405,0,0.29262385783398237,661.9997752974384
31788.664411565944,5904.398145279781,1221.4885378120466,0,0,0.342734861295168,0,0.3006762232476555,1269.9156286273637
40685.45541966678,6243.22490785655,990.6869348240396,0,0,0.27685872420497326,0,0.30770457767105625,1001.3857437496844
37802.92524712697,1186.1221844723532,506.98565887951827,0,0,0.731240321543092,0,0.3662890424796303,504.7676417009386
52260.71928137701,4354.068760836752,1203.9541622777213,0,0,0.9279999998852688,0,0.4054160854523534,1257.3713084646636
68323.18911048346,2236.8724346674953,907.954966510122,0,0,0.6475069731994902,0,0.4817833042847828,860.4971231323775
31629.574724956154,1859.1353271021294,331.8403627544667,0,0,0.6763859476117915,0,0.27496202123419805,319.31615969320706
32126.726689781335,6577.274743424994,1681.3101139983182,0,0,0.6307877983474552,0,0.37895192639196074,1642.5092475008705
50529.930524828866,1512.7860251041056,281.524703940401,0,0,0.23419855527431138,0,0.3311160302220196,263.64204079763726
46182.69787551574,4014.8872774728893,2523.661768042828,0,0,0.7450492579946899,0,0.5567225516787631,2512.871326229636
60160.4879088324,7539.336796895248,1638.3883186065434,0,0,0.48655929643477863,0,0.4121414424371426,1517.7592177165297
45007.13822391157,1893.7404167400691,440.29558688287295,0,0,0.9485390362507622,0,0.31428324772963717,424.28143410056896
33688.49491055529,7834.950678036759,4367.698193244255,1,0,0.3494320380388911,0,0.5566081766362856,4029.780118765252
45087.85796830771,7957.159893207942,3150.5282766537125,0,0,0.4416926253730245,0,0.5011775999963743,2858.085510559137
51304.442966994895,4667.128660118022,1890.525855180211,0,0,0.6038837991056376,0,0.36830976444107305,1835.7799935262753
47845.78617436837,1776.0705513286844,419.7814170246877,0,0,0.5818840348952073,0,0.4013256244238466,429.6505148281352
44087.28837328757,2870.7866595567175,1211.3684149553455,0,0,0.5202437933435635,0,0.41091691138659714,1127.0305485708361
50800.096275069845,3683.6962450740134,999.7955464213729,0,0,0.4515223501498306,0,0.4031032812612313,1098.4668095418704
52031.54708534807,2819.931682686672,1160.6406103946076,1,0,0.3177477892793468,0,0.40924177619296115,1108.260513382374
54585.90789245033,2604.7668490738683,1277.7109979327013,0,0,0.8567374982988845,0,0.45405068223346123,1155.7393709278972
45784.51865107571,7791.722819122681,2698.5147200303463,0,0,0.5590158298177477,0,0.385310248872058,2443.7934649238982
35994.58303619775,1650.2362056180923,1030.274481720556,2,1,0.6583652472792467,0,0.5978584484755828,1064.596762913498
39760.56423719988,5999.959315376467,2718.30510011276,0,0,0.6372422909086144,0,0.48922738101222135,2810.6569959921785
52478.10759810028,503.07717079381155,166.35157181942765,0,0,0.6603911573185632,0,0.42354258838440567,179.74962223601628
28196.771948153168,4971.370020517827,3572.315143298696,0,0,0.7638722974757468,0,0.5991063115996121,3279.9863734598457
42424.07970647481,7369.572529655393,823.613524396172,0,0,0.7035047960321898,1,0.2909619478606643,803.2486249832882
33279.934252071675,2659.5057056991427,674.3852456290135,1,0,0.4191223339188517,0,0.3588052451905835,726.889251273684
38344.93787521781,1891.444814432894,806.0593951942482,0,0,0.6429679408260884,0,0.4621473342549988,854.0485118086442
53341.42235128758,5387.598461588203,2170.3866357553406,0,0,0.39561032443275695,0,0.40436230092632064,2054.683211405274
40293.18881623884,5844.510554737949,287.84392842786724,0,0,0.6710691679265081,0,0.2579025873856673,310.29387217746483
38557.23857787379,5660.228892139859,1705.8796685695763,0,0,0.5455476961619451,0,0.42793298682311,1767.5699100151674
21681.72630824097,2894.8766001603053,1293.5941557519718,0,0,0.23153470263727263,0,0.4719623378064844,1232.6185358233492
46955.04279232665,2391.5180161949816,876.1381609384736,0,0,0.7871885498946405,0,0.46649826602936856,796.3788153999144
45745.8101736929,7669.390999715331,4357.511326590785,0,0,0.419733134189596,1,0.4098123788223785,4355.283075602153
63959.05667966552,7424.746312024471,1991.8516065563338,0,0,0.9361554841070536,0,0.4347352159483811,2076.7354045855636
34306.66118056399,3929.8745741961525,2467.5130171504034,1,0,0.4244457933294693,0,0.5748531888618232,2353.338317341436
40629.80393196727,6846.4539961578,2046.498510441543,0,0,0.9972981945081372,0,0.4275591980573432,1910.912259120002
40992.60420452907,3892.42608225722,1926.5789004929097,0,0,0.5703609342456983,0,0.4134695050497281,1762.928056086433
56929.4393571617,3682.917635543828,894.2697656725276,0,0,0.22112585567124246,0,0.342415857845325,955.4422260315228
36856.45361135658,1675.72210699471,1248.9716288525528,2,1,0.26101518546921,1,0.6736373943029064,1137.746066123001
41348.25830924407,3698.0454236897963,1050.8147478861335,0,0,0.2656704125844551,0,0.3898384008903908,1073.8073664326243
45294.758116598474,4530.627039498552,2571.5392086404822,0,0,0.2449715368054357,0,0.5817275482437999,2706.9272612180876
40239.3094778763,668.7824557151484,233.04866964178586,0,0,0.4142315197364639,0,0.4202789874442734,246.12185486136266
32642.79662539366,3830.847538815548,2679.8684788147807,1,0,0.45967106331998714,0,0.6169672645556291,2762.24759070655
40329.07991477969,6360.171637964002,1287.815120699114,0,0,0.28902869128040853,0,0.40210592348248986,1327.169709153514
50883.580998317266,5600.345422807024,2648.910188211347,0,0,0.5505051878411092,0,0.4956955427461516,2635.184546922565
25681.81640706728,5263.677416479512,3692.677384968974,0,0,0.4922806573474036,0,0.5799034000504855,3631.1624395271874
39595.63608976251,7321.665713279019,2714.922980343579,0,0,0.709059196656239,0,0.4716506761399112,2518.0122149725994
29598.55022072992,635.240073689225,255.2841187557232,1,0,0.356691647601451,0,0.3729710599485449,257.08916975123105
52340.559547098106,4677.856896441756,1431.7828809808286,1,0,0.9311883921738722,0,0.41822781842601303,1308.9444578028217
19721.757142594703,6405.116363072803,505.73106031312034,1,0,0.6127926230462106,0,0.35202473546739793,502.5143235196188
31292.93783274094,4560.015370259504,552.1361259546916,0,0,0.698986431586254,0,0.3154790831957574,577.6338560412602
42526.54250077425,2929.2166443528436,1509.262240926892,0,0,0.2316162707203387,0,0.5104805710862511,1492.01529398047
56786.28835081209,1521.8792381898338,448.1999213075248,0,0,0.6472709590938814,0,0.42849858281082676,448.9424075683776
37210.996867124144,7156.723038621435,1579.1065442593283,0,0,0.49448016360932007,0,0.339238157130297,1687.1824558395413
31337.60567968162,4030.7179429070225,3550.855329693607,0,0,0.9393376390522628,0,0.7718391620683444,3654.953855276717
60573.884833287084,7085.863977392761,1039.5423340757561,0,0,0.9085146524382852,0,0.2726439440852667,962.1165020119482
20623.83319500507,4893.890918248762,1344.2339235173736,0,0,0.7101189600173736,0,0.303267640135538,1355.7774254806488
12000.0,5556.4408746125055,253.85611886373724,1,0,0.8142810806445935,0,0.3032156931245607,246.9804447955075
43280.173400639986,6531.958657838375,1051.4417111188104,0,0,0.7156745256927541,0,0.3020631317817925,989.7920146391367
31975.349307768665,5443.6665845010075,2962.995059411034,0,0,0.21357448928594958,0,0.5062171784147973,3050.6811533169716
25745.20619443144,3485.4113050920328,1095.7576739520682,2,1,0.7625012357385341,0,0.5065070639481019,1070.8847029038543
46500.277367592236,4352.250379464882,2096.4527216500883,1,0,0.3416726110749558,0,0.48854832447286406,2208.531989636678
40925.608565254384,6522.841435069099,3763.6293079937545,0,0,0.7460567639761757,0,0.46092359306263353,3828.7406879132723
31231.05643115926,3302.3772227973814,854.8999968096089,0,0,0.20840542738413667,0,0.34042862525434986,787.2357937970551
22636.347215949267,3410.910925763728,470.3392765209905,0,0,0.4487254467139267,0,0.3613367117320562,456.2619541846071
48469.48793936174,1217.6758704350086,413.27972843349994,0,0,0.6135423832593461,0,0.38461871145892695,394.25587824834747
45802.41413550393,7359.383264163108,3106.4033315159904,0,0,0.46653648028862266,1,0.4385749725547028,2888.938054903669
36809.88963464741,1182.772362090813,506.36398155291266,0,0,0.7551898016240519,1,0.42263777358749377,536.768050887679
60159.64395257199,5361.568830864169,4139.066183051079,0,0,0.6181676310003567,0,0.6194762101103539,4038.510636458979
25158.98280408617,3598.9585910209826,2702.282688802671,0,0,0.9677339047693483,0,0.573402121972767,2763.4941733913042
19693.697948903133,3542.1454269158176,1422.860618974321,1,0,0.4862499388087229,0,0.4979916505022772,1531.5706191910613
29697.103161425068,5596.638774295129,1602.434049901858,0,0,0.7774874652406272,0,0.34957502121840545,1616.217101367853
37452.96780373403,1003.2029947240903,213.62975714444562,1,0,0.8686733315375941,0,0.29044892714069304,203.29351859095635
40920.073391872305,4952.7933721357595,2937.022316103984,0,0,0.4028942296875803,0,0.47064152890575095,3107.7718660041264
35105.16730572404,6290.238394792661,1466.7690601851034,0,0,0.8033051806359364,0,0.40268558310120767,1447.9224904765501
42224.66475817156,6711.595684149456,3282.772731819497,1,0,0.5146511999863961,0,0.42343481928763904,3324.6849018994953
22981.526909714674,1778.9779204533147,804.5587720935581,0,0,0.3029817213065972,1,0.4008218330339067,869.2586880516336
55325.17524887911,7230.642875586303,1751.5423586626468,1,0,0.20291766194601069,0,0.3913346098602547,1747.785365636876
37014.18585928917,5421.095688855817,2158.477074550791,0,0,0.7950060421097,0,0.5029473065902242,2087.1153262763405
51407.549979057534,7113.911006155121,2210.5890833131625,0,0,0.3489952631027502,0,0.47735445740997834,2311.123836210109
42112.70415653245,4139.605378326487,1040.564764554875,0,0,0.24095490736826042,0,0.3598215812395002,964.2914556469024
43481.03862984541,4565.250088229015,987.3472390800073,0,0,0.5977672700317129,0,0.2259594901167606,1069.0451335706655
44837.207362786445,7392.787077715034,3269.534197180883,1,0,0.477358427703533,0,0.443222543772344,3541.2628197281697
43372.502720207776,7249.321575160038,1843.569638353008,0,0,0.7534453635813732,0,0.41522144755439117,1872.8482320850417
45712.67311841053,3861.206550267515,982.0818339918169,0,0,0.2858914363127002,0,0.3242541068567815,914.1798786120314
53949.83036158918,2558.0947372676133,661.6367730818649,0,0,0.306122535704158,0,0.345669225255781,655.2971123916358
40358.25403641764,3448.7782592319813,1183.944581374295,0,0,0.5232861666404809,0,0.41906002709265355,1165.7840634787522
46508.045091062144,3408.2324639731232,2038.3220395275316,0,0,0.6163265372551352,0,0.5689857282605437,1956.1016976099938
36923.17166855328,2651.5015623709546,662.1959246431836,1,0,0.8593551349772981,0,0.32567640357475036,619.1664497183667
55281.40658539368,2514.3470324972495,856.0317920435128,2,1,0.6685001527479516,0,0.5485125282097293,815.5749703694022
29883.292375288765,6957.972023597896,4169.40914614391,0,0,0.9220779561167858,0,0.5503591396654067,4215.713352068016
59611.28519492979,1023.9644051349626,290.77832162937926,0,0,0.374214268910687,0,0.36984175116633367,301.57822172658126
37518.10459226788,5582.083865746956,1156.1101551202826,0,0,0.6769756127987074,0,0.37648627405394275,1267.0033576405312
20830.698774583423,1796.1503859233922,562.0645647460653,0,0,0.7241907278340787,0,0.43352553275328704,530.1121369989178
39537.25297892947,3083.7942004554743,1348.5566193907082,0,0,0.7806440413722566,0,0.5154051109929786,1268.726447176451
29827.38011030143,961.5727560112764,239.37996584831623,0,0,0.9909205585829299,0,0.42496535186604595,221.0450569198155
48087.722587864686,2524.8022764159655,943.8804182692675,0,0,0.574427057929675,0,0.3750743973349936,1026.7518898313112
30168.51224837131,6263.158033379316,3110.975404681314,0,0,0.49545566389031565,0,0.4950800037722245,3037.4624933676414
32645.798801422643,7137.614934104439,2998.3183335996796,0,0,0.8817653401230625,0,0.4397622435180457,3252.5642142837023
15325.511228653628,2161.453639267753,147.44709108841028,0,0,0.3414327240682524,0,0.2978461541233176,158.93131723575414
32572.32416901108,3976.6087944419137,2259.942141589574,0,0,0.2296224778238182,0,0.5100239832610244,2053.824437815426
12000.0,4027.430359529048,824.1438823980011,1,0,0.5548712428250666,0,0.3509877085378704,787.8438322807672
18993.16611817132,7051.814793198007,1688.7663251016706,1,0,0.39776468362928175,0,0.35967723262912016,1622.0677890600218
47124.97587373157,6220.99289656854,2443.6589342598754,0,0,0.5172203210040727,0,0.4042207278683101,2334.841363595145
47429.601903809984,4348.079137760375,1997.9022146224434,0,0,0.9888666491570566,0,0.46892089212762367,1968.067865653232
43105.49074141958,5530.6040035383,4064.261950534354,1,0,0.478790584175402,0,0.6199858491529432,4063.699337315056
26396.286282449444,6855.162904320251,1326.5951017362988,1,0,0.7663725667147043,0,0.3320125586017066,1395.1003202464492
37427.46372629624,571.5421551915871,241.19233517337642,0,0,0.400321607800372,0,0.42163069710755324,229.98667905925137
37956.76953091318,3521.6752328753646,1694.7002870272254,0,0,0.44273835501294045,0,0.4774939851856207,1626.4874667915217
24099.623729689487,7304.32375457809,2108.8883064333204,1,0,0.3945241547682062,0,0.3973777962256249,2150.477961239691
56040.7796212058,6052.347731329635,3742.8140308263814,0,0,0.6577286961806008,0,0.5031530519048235,3502.7267024462776
48528.34748690805,4571.31030750556,3437.30784259656,1,0,0.38088686895714696,0,0.574672832874933,3418.8789593186975
35348.429914044034,4472.333952763501,1875.0581944804287,0,0,0.7746912821294123,0,0.3960104535676636,1781.6747086283992
38322.63006793437,3108.2757320332835,419.63417899685317,0,0,0.744219358828611,0,0.32653034102726325,394.2874438677128
40500.59369537063,4403.904002311359,571.6788413409827,0,0,0.5370157407915224,0,0.2977392797795989,605.4825629614344
13499.181578908512,5415.3739959759,2075.816384910936,0,0,0.22046161683024437,0,0.4800048453514247,2161.806164110886
35033.871409752835,3637.722788215948,1730.9106113628266,1,0,0.21812090578109455,0,0.48757905364789006,1644.3002112299637
29816.18902402642,5856.148597941305,3437.802187031031,1,0,0.6262454536871466,0,0.5443366451147049,3379.478858879096
25980.55988126101,6959.241704452894,2491.6905658404858,1,0,0.8713590628453523,0,0.42004884036591633,2319.377237284819
34626.79648536854,1660.1363613864587,525.7018166305497,0,0,0.6790989371007918,0,0.43037648701380593,478.7217839322731
59572.23832219427,3886.602671130683,1512.6126234124254,0,0,0.5485203692680594,0,0.362812656310899,1538.3936545532897
45690.11433520412,3560.150684638108,1393.3864058049976,1,0,0.905695066785994,0,0.42798823820563026,1355.3647434839102
31145.85212260644,5655.986030372961,1598.302412399605,0,0,0.3575963592214224,0,0.3672994586633251,1504.7221921405933
44870.9933762739,2374.0059894344704,1640.7111229537272,0,0,0.48753954345304296,1,0.6094380677573,1514.2471262790002
54792.26523903203,5301.881862142072,1924.1091012485551,0,0,0.6522475614964907,0,0.3648775574924639,1993.38772794076
49095.60419495322,7081.16931298616,917.344832423446,0,0,0.4333355753187089,0,0.31993866299544577,875.4148359265179
38715.56443904209,3635.98699845217,1294.8698499686307,0,0,0.9981699854879851,0,0.464476060154417,1400.3729733940208
30236.75866753311,7332.61774984415,3805.681725456289,0,0,0.5618567335481961,0,0.4825229353142943,3571.864940483787
46378.67976336308,7948.728042001088,3458.6400882284024,1,0,0.24137777867292165,0,0.44455620133910384,3281.4021568880667
42721.824625060995,1295.6903746096405,319.7289934226737,0,0,0.3408667350019373,0,0.3750355711592902,342.2209469588284
48742.318640332785,2247.8989098864395,1552.227646500594,0,0,0.625984694619747,0,0.5550379770857513,1574.7134414811617
45622.06162018363,7627.848136115699,3857.6667569978677,1,0,0.6400449597484874,0,0.4966506940164219,3555.5178398253897
50594.63258383202,7687.457648610401,1425.423758542061,1,0,0.9873154137557556,0,0.38069027204396355,1439.524103931027
31577.177461273182,1232.8045654006887,173.36751443239405,1,0,0.679973134741015,0,0.3290919612585306,166.71464194123385
53808.72878761191,612.4887528285251,160.1048333511718,0,0,0.7333018562873741,0,0.36962318474775335,167.6919354475351
40371.1952563088,1708.250174423167,110.54888074664579,0,0,0.37097821594736147,0,0.31371459488877773,101.21391490924745
62903.13047150319,7970.095875366862,5221.027994808701,0,0,0.28549190530803603,1,0.608764648420794,5657.386425212631
29729.746182925184,1849.9971245801514,629.0109637383653,0,0,0.6816080065184702,0,0.3800054009483502,626.2687964912578
58831.56563798299,4269.107050415174,601.1287851782195,0,0,0.8919039812824827,0,0.3922527186339516,629.2958962287692
40374.92940155177,6863.132948228833,2519.8951068797346,1,0,0.6698983614321745,0,0.39498637974723755,2623.0402561090227
30182.98395662662,653.0120801615476,104.26085272180417,0,0,0.5542265745476964,0,0.33973582144560766,97.55168455524561
32193.36999134814,5033.667366938446,2616.292024290495,0,0,0.6625653130573033,0,0.4998441360779529,2815.179025566341
34155.83230166816,2577.6908665221827,1210.0837712143498,0,0,0.5750172627885768,0,0.4795374696730469,1145.3930060229413
43089.991356823,6967.511873297987,3184.7804507898795,0,0,0.3135052608122537,0,0.39281556601890677,2987.6854216408115
44274.02585642599,2625.958619480594,1024.4931279959785,0,0,0.7929475402023214,0,0.37873524553570037,1028.7226163974995
31115.59995273705,5650.667902114316,2504.6490543900054,2,1,0.6264305307717379,0,0.5363463037853996,2747.372931695317
37707.744892868206,5556.647243355477,1672.0333246883845,0,0,0.5194583008465246,0,0.3618142529955509,1609.6312184463645
63707.24430334236,2161.2016164473,1181.2734338192088,0,0,0.6477108016336051,0,0.5192487301056394,1291.0022075141878
58730.51804120853,760.9939990126259,374.07531649706266,0,0,0.3929815635626679,1,0.5216061709243015,369.2191604885865
43235.884036088384,3569.3718033904797,1350.057796091417,0,0,0.5423661723763458,0,0.3406273353401234,1440.4241184812286
38456.0417380184,2668.948639744023,1561.877758885109,0,0,0.6979561608029825,0,0.46957536864924887,1571.2441366783535
39440.37592061914,6567.333122102815,3480.990013096563,0,0,0.38095485893378567,0,0.46943512516465086,3275.7934648836062
45362.215672765,6502.731413415089,1154.491282062573,0,0,0.7991960677316521,0,0.2870565627002647,1242.2310588144237
25726.489217619135,3927.6796414446912,701.4641398764664,0,0,0.6168087294852693,0,0.31906061885157794,641.4140739688524
34911.48155091986,5048.841689924142,745.4823966164123,4,1,0.8893653683348126,0,0.38411482819837145,772.7304442588115
17976.99111346893,5031.946369901939,1062.1537995861845,0,0,0.8777892621571359,0,0.36655559457194936,1132.4170709759883
42790.67747126335,6703.686113207175,2844.4513490794575,0,0,0.5956136349754964,0,0.5515160166151857,3033.3374065455905
45766.35127643289,3687.5181059239812,2840.3448536751134,1,0,0.35637248850574865,0,0.5643522952269806,2928.5654627019853
32201.76245240751,2565.850098428818,911.6340728333661,0,0,0.7893134292880741,0,0.4620215393847449,866.2342211427377
56887.84115948039,2487.761886054106,945.6899537230432,0,0,0.5349425085466366,0,0.5284378270455039,951.6793387544067
23290.812043971906,4521.442094616531,2095.585317695402,0,0,0.6757019867619978,1,0.433646543495872,2149.8761978763005
20427.50143748216,3868.611520491594,1706.9059785017355,0,0,0.2858122321391511,0,0.5368156532960687,1839.9403027224578
40693.42182271966,3800.905782387021,946.264395031634,2,1,0.7052671916127939,0,0.4288270906398545,881.8555881301078
50565.179631345854,1183.5300431728042,328.1021052272955,0,0,0.49884039115609946,0,0.42606674457649085,325.80010251295505
58207.13229749442,5889.528055176467,2521.821234266733,0,0,0.4673517997747956,1,0.4123701286236946,2437.660966969886
32493.38884557272,2103.0251598643304,575.510904037755,2,1,0.983932463022241,1,0.40049867232076825,567.1904412830743
50944.170001175546,1977.1522265654103,577.1054820100891,0,0,0.5459445142081978,0,0.4245544340799779,540.52268807288
37537.89836599151,3595.6874020804507,1049.4951306887247,1,0,0.7424307024925874,0,0.40377024315681054,990.1841487292758
35928.47240071016,2208.337562133511,1122.6534617679358,1,0,0.702182028459073,0,0.4770756623969694,1183.2428307631694
48603.919249840066,4878.9370048101155,1133.5162046705798,0,0,0.28344284070812614,0,0.28988232161195415,1128.6140494101596
45827.874540961035,3285.975045008536,856.8003261640475,0,0,0.798342029651453,0,0.4214268566384246,859.2245929458278
19083.29411618901,3866.8379194459258,2772.804864370381,0,0,0.45852736274686123,0,0.6175448748464127,2993.2307100935654
55718.48419671075,4528.769912030217,2213.0375005874994,0,0,0.8391516393573881,1,0.3982207366298085,2097.9505318212564
54561.09624976942,2026.5164186135364,421.68401437596464,0,0,0.686112626092306,0,0.3538957474607685,407.2853231276053
30493.247581885647,1668.1371714914735,718.5205472958484,1,0,0.45367319196279166,0,0.46702138805922283,691.0179336946139
42749.64240124891,7103.164271552036,1617.586399505564,0,0,0.4850343682648568,0,0.30812512041227924,1669.1026902427666
43928.362235392866,3752.927771235658,2779.3875482282324,0,0,0.7852058957330885,0,0.6245817191884493,2814.102498096416
41128.085189886886,3590.702072244044,691.1431352173947,0,0,0.6400474520983055,0,0.4377240376914966,687.2097874381491
31396.33815385496,767.0911270463112,151.92100692299763,0,0,0.7346808325370522,0,0.3832956401035086,157.02507689540752
29940.519584743382,4234.822269405449,2057.7225419588763,0,0,0.3266546568601506,0,0.5399340826579495,2051.104347991672
37693.35114810266,4656.272912082501,1168.6248547572288,2,1,0.829581337782735,0,0.5001308931427971,1242.471978693602
52072.748231112375,4691.306532159999,2813.9359871510296,1,0,0.4563130551320278,1,0.4757804864939987,2763.421968239995
44523.201855133186,5802.733769921632,2413.7863913503747,1,0,0.6958890137261386,0,0.47182576122089137,2602.3550580194287
33552.62801496673,1831.1137624325884,1049.8049547561488,0,0,0.291743860193607,0,0.456522382994648,969.9420996744554
47260.38452778014,2391.6735067296413,476.0925556258549,0,0,0.4571361929255736,0,0.31958230911196706,437.42889653055215
12000.0,6580.478489228095,1436.9442403503558,0,0,0.7190938344533135,0,0.33868385947271723,1481.691119565492
51785.18840446524,7603.779626325455,734.8116417808384,0,0,0.4193649058322005,0,0.27936450712042504,718.6025594166861
17123.434654662804,1519.4956052549048,512.4796020254015,0,0,0.9042497573998538,0,0.3702208056191906,507.9405043069836
33650.70870316241,4232.371658789136,1522.3881775794498,0,0,0.7289827195547363,0,0.40187421819418173,1582.0714708503438
24563.961264486272,2106.321895546901,1311.941016165045,0,0,0.8962227146374366,0,0.5254876937497552,1237.0395177952257
22463.822291349134,950.5487626623683,103.17278862965517,0,0,0.5163125618008966,0,0.3504485824509868,93.76194413904626
51929.921448542234,2941.2750359460156,1347.9484308939025,0,0,0.22718811409974002,0,0.4734179623768351,1331.4735911217815
32387.585584257304,1577.6571888815956,652.0013403041572,1,0,0.6609119706840823,0,0.4757582171331489,703.4736311663316
42158.04658076859,5824.498050756847,1081.1783528397511,1,0,0.47135480218029785,0,0.32420819117892447,1070.5261249342207
37436.95305344979,4502.940602535833,1676.2771144208505,0,0,0.5585507007378827,0,0.4562238255687113,1700.403549793972
43724.48992667746,1578.7585324273316,691.7419628975924,0,0,0.7448881711381992,0,0.37014942395800404,651.3951558463349
38921.862692723065,569.3119130413578,171.28113459464595,0,0,0.7605317336566975,0,0.3342416856137083,170.0504432375158
22604.093309737167,6561.177867681596,668.1986405025638,0,0,0.22204513189265232,0,0.3362271265310601,665.6133215262598
49955.20183336568,1821.4580462318565,1118.1739744775605,1,0,0.8154421382716908,1,0.5025147735730731,1058.9423359276143
32074.92100206425,5046.624816655745,3340.1549251892684,2,1,0.5948151319648631,0,0.6521671492127863,3115.5606817757184
19321.017216082986,3026.914348075592,1858.241151984918,0,0,0.6453590186596401,0,0.4327738112125653,1802.5897164517967
32862.61806840905,4891.144537362767,2420.4527239300287,3,1,0.4383953481518821,1,0.5574371605639754,2197.2218483631923
56009.11748761173,2867.40220236743,888.9835524076799,0,0,0.5366670288004648,0,0.33958579316541576,829.6797769255855
48202.66090536192,1152.0467051919063,432.82068045244654,1,0,0.7683001071834654,0,0.3918976970721132,452.84759537264324
33816.17438710569,2172.125064183152,824.9876884936514,0,0,0.8213710423554068,0,0.4258331558481185,849.5944063552424
33808.90754817885,1910.4392485930668,1004.7404164794659,0,0,0.5096849449343824,0,0.4907577396931109,967.1190803366619
34140.37938539141,3710.145143297329,1380.205232616911,0,0,0.7528940261210642,0,0.40773058682937247,1394.328035946036
62920.97580273009,5437.12837569618,1044.8722530481082,0,0,0.40643480135075044,0,0.372615705995201,1113.7052930370758
42583.22542677864,2478.545562097682,456.3407972322112,1,0,0.8656181321420122,0,0.31528483495780274,487.29390985790604
43160.499766292836,590.5245147546347,346.5615314222926,0,0,0.6878513911258923,0,0.5035562782316038,357.26175094934194
50363.40144838211,4392.030231985676,558.3949375121007,0,0,0.8201492128535162,0,0.2593884996884131,516.4096004540394
40865.46990831816,5043.19617019229,2437.9890624770223,1,0,0.5817238818542779,0,0.5160885686410045,2273.619954324121
34891.49425015156,7721.528705013573,1959.280277315401,0,0,0.38328742798556426,0,0.3316902909003368,1877.6461598560413
35643.80181098026,4921.031023199352,329.460263967482,0,0,0.5433848906509151,0,0.22367993207419307,340.70900856520745
37140.78488703123,4033.7941953360637,1909.7678020016735,1,0,0.5051883155826566,0,0.4144692655763218,1817.3365183919007
37553.3331618819,4800.512194232779,1992.123913994935,1,0,0.4661732347521273,0,0.4446052106349055,1977.9529340732172
46731.55452364376,7459.254723965203,2545.597847212313,0,0,0.3697389981931827,0,0.39976030029304815,2711.3293209765193
38623.35062968759,6712.836092012347,1705.6069844719268,0,0,0.807333713503845,0,0.35539989682792467,1839.2493933254268
46791.68092658695,2922.34050022856,1939.1766403691386,0,0,0.26908132905644844,1,0.5887893497807263,2070.47649314955
37031.40103869701,2279.407727428529,815.5929036842804,0,0,0.9100487439086671,0,0.371673690296459,753.0269262351868
38943.62228379308,2469.7520927455525,742.3800317661351,0,0,0.34001977831820285,0,0.40505799474462645,803.3671623773147
14021.59178561471,4283.157797864098,854.6905977808358,0,0,0.983898921481233,0,0.3435805640417743,886.1669242079337
48995.93209642978,6080.370884214333,1076.3473931765177,0,0,0.9907744384696595,0,0.3459672192029403,1101.918522271484
42157.86171077591,4274.144053872216,2003.9397154329267,1,0,0.5187096329929215,0,0.46552873585296417,1902.758836297324
49976.121318315825,1008.4729687108444,289.5923141946832,0,0,0.9902568581058104,0,0.34925014532620613,314.394614121191
12000.0,5926.8552532998565,164.52044957184978,1,0,0.895254813824581,0,0.1734890516649839,148.63965470473124
63060.49645736873,6544.775965032154,1495.871006583516,0,0,0.2659442215573325,0,0.38534046977065306,1370.8718408611833
36324.92446213792,2671.2339883978975,1435.4372772295053,0,0,0.9578628509028946,0,0.4914699857313457,1336.0115927863262
51298.1938008502,5480.943044625128,2542.6531185273334,0,0,0.23401150872367538,0,0.4636475270180867,2641.381508020954
25521.128874493632,3699.4392579079504,893.7510253877255,0,0,0.34553143499128575,0,0.35750517432103024,915.7117902640817
45353.286860750835,7168.395167955821,5340.131939163666,2,1,0.6676764326773394,0,0.6259694427533271,5815.05956115637
25359.013241916124,6839.191686205549,1086.0252964661167,0,0,0.2645897427200109,0,0.3305239910938782,1053.223361477285
30514.77247165034,4440.739987322317,603.1563330377646,0,0,0.3293822055914951,0,0.312320002908073,584.7741474657086
60968.37624640143,5686.291593601958,720.5312298633839,1,0,0.9627934296897911,0,0.30414758768737177,744.9621393584739
35711.81119083984,7125.12275766578,1540.6058827462612,0,0,0.9957503079100865,0,0.4159517862872834,1440.2068198967452
40609.19447815667,4217.8775755870665,1891.9497412709864,2,1,0.8385092334242379,0,0.5567273514653459,1878.3438374764999
48440.81276826505,2849.380553666165,726.500028956779,0,0,0.6121675131717623,0,0.3597540565526731,656.0924772369866
43948.182655671255,6152.496034321859,1953.7877606409138,0,0,0.9202407485533401,0,0.38682400335429945,1989.7528932015691
39805.026861722916,2150.4969108851883,209.32568019191058,1,0,0.289519016706855,0,0.25097891413004575,221.21497668340973
42379.5320295947,3413.9836100453153,2099.5990037488536,1,0,0.9543134953960071,0,0.5323299118413135,1975.199580967856
66840.9870228593,6992.954278300953,4068.063526362345,0,0,0.4812423419643458,0,0.5226026624168706,3911.17512708234
37308.57443559697,5933.167552019863,1754.5976340115915,0,0,0.8891915129865555,0,0.35658235964676493,1625.4028627070734
40413.18856057961,3528.5825393562445,1124.2140209247348,0,0,0.7346987247883128,0,0.42312059476185937,1150.2226023706312
50607.85275209135,2110.5837680626805,766.5570314762267,0,0,0.9682194432445776,0,0.43290581583246746,776.3721088837631
51266.31119549581,3169.762931241774,1385.444863384682,0,0,0.8917423582366546,0,0.44210095118476544,1475.8856443069242
52244.36366672456,2630.7811192057475,1063.5455964399487,1,0,0.910318250840725,0,0.4650777729241165,1163.5919919003018
45664.762664350215,1820.6696595789044,663.8650356338677,0,0,0.7054034848960244,0,0.39868835520274376,728.0798486247587
24283.9410472342,6074.996851742425,1809.5094873319053,0,0,0.8665268247810207,0,0.41595306148588046,1667.342756357065
57601.17838761315,2390.524151376286,427.0667170342159,0,0,0.805704920609071,0,0.3108387841598129,431.6052840975717
24243.855283775745,3906.2560262582288,1499.0319054627087,1,0,0.32929850472310984,0,0.48590391155540696,1585.8722416075348
41631.6255828684,3393.945851270818,945.8467655843875,0,0,0.7188775130825944,0,0.3520314334663027,975.9214920841688
28948.689799767704,7865.580339767232,2783.7017051018215,0,0,0.3185404372161269,0,0.40296961777485174,3004.7202283887145
37230.33984088409,3433.1918311116538,424.40555768633163,0,0,0.895564897508424,0,0.27099472568869226,419.4586175733847
41945.14892364176,1099.868620975661,303.9579932954952,0,0,0.2527598394719748,0,0.3963280761718769,299.5261078272241
41856.28658540328,1173.6931442906302,256.26204180356444,1,0,0.9896373361546202,0,0.3027570244948034,231.97416829932934
43063.049050823414,4930.652910147986,2317.2902152906227,0,0,0.5205013329101692,0,0.45679554282971835,2092.814225518646
57364.53522870377,4995.226638036992,1883.8287892417761,0,0,0.3365034829611485,0,0.36441137469237356,1956.4111947282001
43442.41161816776,3640.6924286199123,821.6402614223168,0,0,0.9485399869289783,0,0.37303827819063107,816.9513488585147
35070.12037651222,3738.8276923402227,909.0956458137643,0,0,0.23634078898387836,0,0.3830362584970646,938.2286683610538
49569.046019460286,904.494371306534,372.88579859233806,0,0,0.5760845076071868,0,0.4405085362240681,353.3631635509416
52273.645867095685,4374.098827919466,1693.0277392469425,0,0,0.8161817023396021,0,0.4029877970087535,1815.9727942517266
23268.706218356092,4285.546065352637,1448.0900914267268,2,1,0.4534003803453608,0,0.5298200527130716,1564.7669125402872
45168.800838198295,1621.619889177084,680.6913830591791,0,0,0.623067735922241,0,0.4012000809553346,702.7861785506374
46414.07290773078,1278.7953958319567,696.689566193048,1,0,0.7603304130510415,0,0.46541201359351847,665.7288683661267
34429.2379596801,1426.7936794961788,338.32026402708146,1,0,0.9615811368010567,0,0.3843250639594618,319.1142265528108
54508.48175973943,1257.7118486844388,174.11932912540604,0,0,0.282162111416824,0,0.334081964063917,178.48971963055533
36199.33295560968,5072.811466525699,2268.156554283652,0,0,0.32578136297193583,0,0.4731521155091053,2468.107246032276
39506.91744165851,1973.6198930218898,518.1090670199769,0,0,0.6070967161552536,0,0.46004426444899715,526.2032208595265
35923.138108593565,2385.726141405976,1061.0534243871136,0,0,0.5347799689200375,0,0.45696899814812175,1133.0575376668091
38186.94857097761,1801.791081135798,898.8664328748067,0,0,0.5286369285469332,0,0.45849443873596923,910.6246032986978
24844.698957257577,7683.764783363773,2824.7018364933424,0,0,0.4375692023489226,0,0.4097439724724061,2923.3411555215803
20719.38940886847,6909.630973638766,1733.8972646196007,0,0,0.6485478388071649,0,0.27895118375250366,1757.4008126046378
57134.06075869966,2228.7112801364065,127.08959423915245,0,0,0.9066306689325729,0,0.2911272377646817,129.00518390857872
27836.463820180066,2956.747204415945,491.994494457239,0,0,0.3287394724302911,0,0.38140497179650584,515.5364401477092
26103.291806524314,2074.1963172874785,405.3307370503131,0,0,0.3722290635966061,0,0.32405317132392675,396.91966929713107
12159.318636755423,4189.069695956177,1690.8860777046211,0,0,0.7366587982396686,0,0.4840634666656478,1827.5088930680304
30332.459027725974,647.078993556902,397.9590179321678,0,0,0.24495812342984336,1,0.48796929950683454,426.89006933288414
22122.92247911002,5535.260066725968,978.1422954497162,0,0,0.7390113596504053,0,0.2984271820139147,1022.220176807385
57704.181921636424,4423.686123632313,1653.4995616202075,0,0,0.4515649206906699,0,0.38695575535272697,1734.0005820904712
50117.80507211161,7239.791962258274,2085.002748982221,2,1,0.48628314512001203,0,0.4210265055594979,2048.8241183976234
29742.195857867315,1732.9451324631061,336.5601009329945,0,0,0.5244394990583202,0,0.39571663857352896,358.94312977605244
65029.22966413171,6530.819345458487,3098.417099713198,0,0,0.4796700491933719,0,0.48409984131483863,3366.4980549808024
49781.18584389913,6439.707608500368,3512.5512312849587,0,0,0.8729676970236258,0,0.5202970978434167,3719.896152326935
34102.02339789653,1453.858919126652,570.8892077856943,0,0,0.9568547659202473,0,0.3977333725666985,528.988555079993
12000.0,3489.1941810809567,1578.0520677586326,0,0,0.6384091802529508,0,0.4853891273643464,1668.5129310042075
65491.3108710889,1776.1448085838767,675.6305965040222,0,0,0.6655027990679515,0,0.40086815613248533,670.8432799482363
21325.13039883685,2410.4037534316167,773.357505259093,0,0,0.2563864864107481,0,0.3759125296635262,790.1702216195558
18255.215036517297,2474.346311229083,1399.0416742275586,0,0,0.7705535426888006,0,0.5473336775806497,1536.472324260644
50270.845184115686,4671.772955193295,809.1200579710144,0,0,0.6672790983712673,0,0.2940887529278143,786.3602890265204
67277.02887607127,3585.581988203491,687.1896332745993,0,0,0.2403156190460803,0,0.29631319450706034,666.3716885766756
54611.27382212622,7607.99603004729,372.2068768539419,0,0,0.35874053365736264,0,0.22732844646099978,354.5741700923141
44766.90944062832,1447.7760646025386,569.8260497306247,0,0,0.3615547363140502,0,0.4212630935352012,527.3310578501378
45137.05209998343,7802.691011376491,3377.4730983471136,0,0,0.33677436155468743,0,0.5272720956882176,3153.3262001404696
48240.98670536369,2229.7898016069794,775.5526953187198,0,0,0.7269167636982217,0,0.3961203197958426,777.765966120985
47107.143077441186,6296.5545228638985,2383.967203114646,0,0,0.9427516922846151,0,0.3683602210314273,2579.3570725367454
41374.29708763251,3042.2744462961605,678.6487149210022,1,0,0.8103802602866874,0,0.32538162897238954,720.7112628485239
39250.41324742251,1573.1104656298544,410.24732996808063,0,0,0.5818987881711306,0,0.3487472385349502,384.1959741505309
37248.88246520573,6934.168889346799,2203.766118455007,0,0,0.5232410383875856,0,0.39490073958606575,2230.956249040822
28952.424933599883,2816.456744273474,549.5704661327244,0,0,0.509166484247378,0,0.35233192381030887,587.7023735247826
34631.89907759871,5441.4155317013165,940.3560358019425,2,1,0.6809975661566601,0,0.343979497449805,947.7835378489352
17684.518229655376,4748.327638149699,1710.874535526722,0,0,0.4873765271556291,0,0.36319838300014784,1851.656283424281
36819.924478463,4038.172320431557,857.7429951565866,0,0,0.3808975769509737,0,0.2936062956591444,927.7150885636692
26136.90671418899,4218.646044864043,1808.6409728265412,2,1,0.6822743252604664,0,0.5837099832802736,1753.7465596131894
24756.92819341075,5991.784355692157,3517.648550323893,0,0,0.5125643307420585,0,0.4736019806508245,3780.7191143386167
40158.72981384174,1158.2968559258043,327.0053960213079,1,0,0.2112998633150671,0,0.38822561421005486,332.5720614465141
54704.02743613519,5511.3549646842885,2161.5953080023855,0,0,0.21778489085341965,0,0.44512574653937137,2152.8824833119065
49019.799272027754,7218.59076048934,886.0417929926723,0,0,0.4193092889235347,0,0.2850442345327079,934.6438921601216
19153.992756521875,933.4114776489812,163.462330739329,0,0,0.609937759605491,0,0.23169966359047323,172.9306167968115
26124.46236115595,1554.9000442525005,248.58362527137118,1,0,0.483391606134391,0,0.3688296330670379,257.30505059410433
49289.25425585859,5874.739525265236,2187.7600437009496,0,0,0.21924412191004158,0,0.4699832083841413,2323.7922375999856
26210.151277540284,3779.612361834632,1695.3047909732916,0,0,0.37852141100259235,0,0.45101500616757706,1848.3650152486744
35304.40220003571,3526.6146561026626,769.063759936037,0,0,0.27713544693969294,0,0.3207918185268033,826.4493679224885
44600.62518829462,1527.2497590817688,872.6887154632891,0,0,0.9589056010891333,0,0.5789454288794817,798.3798422347522
26379.866541636376,4300.775305383411,2415.812536410678,0,0,0.45026726050282123,1,0.474168256553129,2584.9334144669447
39264.506073751516,1449.0898339728292,443.4637301593991,0,0,0.21181309727639672,0,0.41951307688994377,468.43319424087275
21991.694060981546,4074.653422329053,1452.4544823708156,1,0,0.7284506015885308,0,0.3506045651576373,1576.4189724525443
30783.588272585435,6227.114742212425,2107.6570998258626,0,0,0.38595835240625376,0,0.42065843785181106,2208.6429423604022
41837.383209710446,2436.982684153726,809.2511472385164,0,0,0.6533890040248034,0,0.3474747008131248,870.4068257060591
18884.075197619968,4105.896261347954,289.1332761239124,0,0,0.3205963636875903,0,0.2968351923863949,260.8108653260692
43285.69685552479,7940.119770476267,2502.4178476476004,0,0,0.9872105880979718,0,0.3919665648165454,2741.551561909738
37764.34641287982,5649.87817515528,258.78588101977937,0,0,0.9762073492522665,0,0.2559670115311699,242.7880641355061
44629.87945300577,6810.175784788989,3821.4076458948016,0,0,0.7247866813522448,0,0.48674758743936086,4099.781567489979
40686.96960877594,3611.357049204093,1776.2995524747582,0,0,0.7657620974576487,0,0.5146816178007483,1928.9229874594791
54369.68515968613,6258.956923443915,1735.7976519839044,0,0,0.5407031130333211,0,0.37138997095501447,1562.9897728964233
39502.69403177489,803.8187970599138,497.5988621464963,0,0,0.9697434763345352,0,0.5443733135692975,538.7680115887687
32847.13350649696,1421.8338690668375,970.7268212309679,0,0,0.5389916962969608,0,0.6711187059335331,1034.6417821538407
39467.570036387406,2023.029446900466,517.6870551788942,0,0,0.3915743979264482,0,0.3151203418581923,561.4225668925337
44519.576348436654,3514.6394346141465,1669.8681242843472,0,0,0.29230288768312324,0,0.4329831040648742,1561.9553364281599
38586.320843908456,6843.086587443224,3910.6596474840658,0,0,0.3665002402515085,0,0.44113759313555917,4127.655060086546
38487.10029444659,3096.9953809094786,807.9091720043021,0,0,0.6577708031429776,0,0.29948839941745503,805.8871134595768
29576.099746318934,5409.658951365972,632.3116800518472,0,0,0.3960733743514393,0,0.3788203686722881,601.6684693769876
30045.188989388622,5819.857211026126,2102.3243234377896,0,0,0.7233995427580358,0,0.3957906938946683,2210.035398141443
21168.736738403677,4896.3676556625605,1860.4929454963647,0,0,0.5057476159080374,0,0.31563384847033626,1850.5405087648596
58994.92091824327,3179.3147612760217,1300.3948149097914,0,0,0.9094983243337955,0,0.42275168005754066,1404.396409755998
23073.64117530458,4827.900062851582,1130.2403061319753,0,0,0.6467824539724619,0,0.3355882937489174,1177.875753897671
29685.137626449112,3066.991945923097,807.551527576493,0,0,0.6980832424810208,0,0.32651128326444734,749.2697881318045
29379.11281316963,1129.0530391400907,104.15172978933641,1,0,0.6452478423941417,0,0.273865922871584,98.9600466626546
48739.0925233333,7946.029836395108,2975.8215485064916,1,0,0.9084550193528194,0,0.4248323068183082,2835.6803096123
34460.60386049567,1453.868402243832,882.4152160737879,0,0,0.2507356543433531,0,0.5067191736968952,854.8927014125358
52972.90487208481,1042.6128787704301,462.38497980315896,2,1,0.25387896567259616,1,0.5836500842764258,477.7778154760891
29918.112509073577,7088.980619053669,823.1138052601925,0,0,0.7613921959397987,0,0.29978776136821456,888.0299206781477
41347.929946685625,2763.7599566967133,590.1266054367547,0,0,0.8143711216385427,0,0.34662335827906443,601.185608366252
27975.835360882913,5377.227305551307,1419.5838597922486,1,0,0.5468715346255744,0,0.36110620237624613,1491.0745889324633
63741.78953328066,2967.5429724667465,1558.0523215315645,0,0,0.4818441664434107,0,0.4369101759172215,1500.9443743586519
23748.818971645847,3435.9070309585336,2447.0757673505755,0,0,0.42235605296433054,0,0.5227368487975402,2458.070383774344
41717.84852272433,2465.847290125974,419.97871991766306,0,0,0.3875159086668382,0,0.33147113804299366,420.32531521920674
45605.322571185185,3072.8300434475764,1297.447647535282,0,0,0.9295668717428842,0,0.4096752146537704,1349.62056683374
42965.58916941798,3580.2530043990732,1677.6872792774564,0,0,0.43611163708893796,1,0.48478177162559677,1683.7131777689256
35776.5480934675,5903.120518192572,551.7198629181391,0,0,0.7184630366489573,0,0.2786526686508384,533.4307500815144
36442.15160319889,4336.521456760938,877.8920712086604,0,0,0.8296758243068978,0,0.31018324229740074,832.9277391024281
38525.737663749314,7576.739128677327,4452.485127436571,1,0,0.2175732627580647,0,0.5247997729037467,4234.051504538651
36235.97598045813,814.1029537908164,54.04020886560916,0,0,0.2270993199065493,0,0.28096044490610533,59.2376278441689
49566.54940153891,4273.012419740211,621.5063962914752,0,0,0.46650992370989547,0,0.24916619661252237,603.7905412726907
64526.276019096214,4881.685916237886,3362.4299614658735,0,0,0.7568125954509626,0,0.4871456934655766,3568.6169218873506
31310.098579905996,7401.4773955570545,2853.051337505172,1,0,0.4086389082098798,0,0.44631200862141707,2608.468605527128
21562.364245051067,868.688927160707,164.089465390403,0,0,0.20118663234580023,0,0.30529918000087564,150.62274893807086
36940.61541978494,4801.24688701412,1225.862032548113,0,0,0.4305183199551336,0,0.3709678827226297,1271.5011585712634
68956.51205185182,6902.224463959677,3024.054437267197,0,0,0.2721046533148102,0,0.45645473446112805,2998.1740460118604
28355.90518436323,2314.457960894274,1275.8399745991192,0,0,0.3755306446338586,0,0.5461942911354737,1372.9296868598392
57669.40166532881,7072.192613929531,3949.2395246902215,1,0,0.46655200055943813,0,0.5672707759051323,4235.338449458207
58132.40976891729,642.8255695571886,90.78471106947651,0,0,0.3024458840550015,0,0.2677913489066263,95.42666481629112
31356.941099504067,5993.409718502973,2006.3985953295428,0,0,0.765091781958128,0,0.3946761247566714,2132.9286000237926
44827.7969502233,7498.349158764898,1655.0999761849343,0,0,0.40473618560495067,0,0.3443862003921772,1777.744234692565
57540.75947754245,5428.982462300467,1018.1040131793784,1,0,0.72887583944397,0,0.3951502719891416,1075.8458941661554
33450.46710815016,3792.71932985336,1222.7649449434005,1,0,0.6792262822569355,0,0.33750124483183563,1229.3415250458368
35557.03567877166,836.6076235453852,356.31426547081406,1,0,0.9184363901549888,0,0.499079582836683,339.549432496959
31019.829032616275,7400.853599919716,1430.7038045936158,0,0,0.2703465378757354,0,0.35949726718617875,1512.9356063685157
25822.9192316856,4027.221670186811,784.3460257813114,1,0,0.3716864890909318,0,0.31566838234565403,755.7500671483068
30208.669459207915,717.47558251961,209.61982260723505,0,0,0.892142743235181,0,0.4163648267233926,198.92158126415669
23312.71679885292,5673.658034965714,3362.4310665717526,3,1,0.8577051651085545,0,0.6016910913612713,3141.6320665717476
38409.00161911071,4113.7794018219365,1495.9916049551096,0,0,0.35368444574564056,0,0.3490015760929548,1534.0461987597535
28760.3212272963,1432.5898808180805,249.65034661301635,0,0,0.28618880955689935,0,0.33325839511509575,236.79230404782925
40805.43094148897,2107.0385698269465,1198.9428732872957,0,0,0.884993171696155,0,0.49548587602898453,1168.9279707640776
19329.252245556472,983.680103418847,299.8923695464411,0,0,0.34251044545976383,0,0.3677709225892441,312.4316491966959
41970.562786573486,4807.201547814301,84.88347838545862,0,0,0.8968877648566362,0,0.2263194103170515,89.87172828537982
48002.3475393071,5165.221094390069,1592.3520375062471,0,0,0.9688917595021926,0,0.41334469499388415,1533.360064679579
14075.172289142534,4293.067237665833,1929.4971913408172,0,0,0.3766453108605363,1,0.45165430720870137,2061.7835536835073
42488.67883817087,6628.265997519612,4499.763796956485,0,0,0.872310079936764,0,0.5364737678645424,4101.9457420665885
52732.027909679506,6957.566159810102,5332.114295358971,0,0,0.5390648719858104,1,0.5706019850296817,5850.260151551342
23484.307775705536,5117.18297512345,3560.3088470110456,1,0,0.8310227398027967,0,0.5446901204948125,3501.1197555773865
58070.86864205244,595.6735978057291,186.4529192891036,0,0,0.5259164327830745,0,0.3675508010385632,179.92278677196552
43028.22811239254,5714.222418108017,1669.6901494375577,0,0,0.2563164789869736,0,0.3652264165687339,1811.171593409065
29539.857730899093,3634.9941269026367,3183.807144060671,0,0,0.7701562180909314,0,0.673211805519013,2949.726654721334
37330.771068107526,4741.681124197902,786.872815505926,0,0,0.3205509119228633,0,0.3098195200293547,764.4939499973116
44699.92295026067,5368.104515141633,1229.0623127647088,0,0,0.9416200714533594,0,0.359164815716797,1194.378449116486
38912.06469694894,3126.7746074530755,329.7989588113164,0,0,0.534197026416561,0,0.28207367372639636,324.8098721929304
44465.07190935643,7378.238788788457,1075.8256142126352,1,0,0.26560011832766367,0,0.244652118939798,1150.776034535051
26951.916883047605,1504.811500623359,691.7731848088497,0,0,0.3827840118191955,0,0.4656071712101866,740.111733197051
40032.329888432934,5536.338554607781,942.213169266667,0,0,0.8900140939741557,0,0.2979347303267246,959.4815428237933
21035.426037140238,532.6968496743532,263.1947153128505,1,0,0.4568683756993226,0,0.4990201642413245,289.0803767900683
36665.2872638156,7434.883290538856,1495.0751691068713,1,0,0.8850623959837516,0,0.40669182073868787,1597.9844159042032
27153.108302422523,1343.7809992856862,319.60644626042654,0,0,0.33782939071371915,0,0.3305772726666138,331.18062680143146
29173.640688922802,1211.6317261068098,710.7579599584418,0,0,0.5745744988618356,0,0.5501843340063701,668.035496257074
52833.118102525244,2997.5572478918316,1584.2627330751022,0,0,0.902607593429293,0,0.4713496739985323,1600.0200443311405
51095.72144713123,3301.7471452931045,526.7257462197477,0,0,0.23872386585860525,0,0.30948587414803247,496.5872090467312
45309.65745088612,2107.2505424215897,774.9561431187936,0,0,0.4434217462236964,0,0.43060350193941194,744.2145989799876
24892.246823929054,4888.412456953435,1903.7208969804524,1,0,0.9278812715510287,0,0.3465821754907181,1974.487459900146
34203.09860366238,3821.8557353147266,1612.712893049361,0,0,0.6772210621664345,0,0.3709161461737933,1510.9248137796787
52557.1723997502,756.3169178081556,228.33714390170587,0,0,0.7729857048177078,0,0.38815436382207674,209.65190364199483
39700.60296367886,2897.3904669147546,1009.8158466658465,0,0,0.8737027508739259,0,0.3020936262218678,1016.1868945047655
65831.95447978034,6578.246851798779,3559.2515771143508,0,0,0.6188771410152933,0,0.5368893504933557,3204.0037158775776
42719.814072732464,5672.761511464015,1838.2245073635572,0,0,0.8762927208172802,1,0.4492215865305409,1878.266679832855
40304.58939788038,5936.5314018491035,2280.9499895652857,0,0,0.7110116565347266,0,0.43704517541038934,2464.0380046562227
34290.60242956998,5735.876930626427,3407.1153218040563,0,0,0.7485203604508017,0,0.512072164621614,3196.039545641142
39602.49085738739,2832.2976603727498,471.1803645316636,1,0,0.3222835641345116,0,0.3692207587486881,460.1329875459048
36170.361963433475,1247.479415575819,112.06942299843477,0,0,0.9512150633877632,0,0.27183287230838193,121.40181357089809
46497.304120263085,2543.50388024822,495.20004100482294,1,0,0.8368674803479326,0,0.322531592361382,515.3914443656107
49480.42780153501,6738.389751388695,2857.5833635772015,0,0,0.40335679691771964,0,0.4353428738264303,2649.159072911953
28568.126473904606,7853.530983373033,2137.5581827123947,0,0,0.6639957331064426,0,0.3393792788231321,2087.109467891049
22025.204557306664,4203.85261056171,311.3844787532624,2,1,0.5011727238889289,0,0.4349944859846143,327.32706397209887
15965.535522760441,572.7526619228166,186.2421540167517,0,0,0.7283215990479293,0,0.4467502285326233,192.37986872657035
44095.89592295053,1550.3360910067177,412.89082483534384,0,0,0.9949974745619761,0,0.3322092215362364,384.4557468681603
24759.600725913515,2915.604314871993,413.43793792085376,0,0,0.23659711771491612,0,0.28382318732466094,377.26063688296654
12165.312884570205,4839.390114447123,1608.666105493868,0,0,0.9620189103708998,0,0.3856141301599373,1667.1137110236873
42662.94325437157,1063.2023435398546,686.3450634419195,0,0,0.25791306571492023,0,0.5885786881423254,701.310513076023
67915.99420919348,7575.179740324112,3089.4077681370463,0,0,0.5686117086726223,0,0.4193467878590746,2817.1337535858124
37927.14906152128,3238.1275496330054,635.7085330275686,0,0,0.5856873604747489,0,0.34463312589299766,696.076927235075
48061.88929341971,7344.381634436173,1625.9300954008402,1,0,0.41497956367984684,0,0.3069339844545471,1545.426579831005
38981.95230257078,6353.913520677664,1356.7786901416273,0,0,0.6533594288477491,0,0.40696807392784573,1325.850526065835
36813.32416170629,6165.779543866858,3139.0924917422394,0,0,0.8671713170709017,0,0.4323340357684253,2936.68223157405
49028.917795853224,5050.39684836674,2924.1889219554505,0,0,0.43516974496901856,1,0.49408994298207076,3116.3211001025234
34516.70546973618,5200.878627888835,1877.8906412048057,0,0,0.2563239501217101,0,0.34423128943122244,2051.6211431213164
41208.707768862834,5285.024264121861,2306.5786622308087,0,0,0.7058269605130099,0,0.49579652132993374,2174.3220589501084
41860.373674352166,5215.410402691866,2461.2752310462756,0,0,0.8013961033186014,0,0.4611108144848828,2354.5391185021517
29982.914556283416,4652.961735487709,2449.448038411373,0,0,0.9636184078368562,0,0.5580373015683237,2550.6180735204143
49904.50819443828,7898.105138621667,3486.8253858316803,1,0,0.3276197174747064,0,0.4094293721090961,3506.2743354451327
35900.4829196551,5992.17925569272,3790.8559274889485,1,0,0.9210878926438444,0,0.576657304475877,3491.42947640679
28931.05808608586,6327.097912943908,890.5350438195366,1,0,0.58569878175129,0,0.3290756258256407,966.8751446914331
44438.11812284484,7043.471113127556,3739.977052725357,0,0,0.3886065896192332,1,0.45721037020018745,3823.1175721210507
27218.384218507555,2117.2982204438686,1086.9965020523769,0,0,0.9701987761570157,0,0.4546556766304998,1043.7900237414779
38338.17388842954,1128.5311932129557,294.08720233866336,0,0,0.3907434164290584,0,0.38917827129722066,293.4874484867216
37890.57204026956,4121.708274489491,1127.125060487558,1,0,0.7867553485887455,0,0.37153438613437817,1127.1807070125408
51030.74678997893,4355.605217144548,2192.7961443817617,0,0,0.8279094227233035,0,0.4491715459202261,2203.9433387984677
43696.37879455943,6718.863349624383,3517.9528109637645,0,0,0.5444152419391295,0,0.5555469069396031,3516.05712554306
37699.67649505827,3828.3768446175177,1309.4506053612,0,0,0.7519878757815561,0,0.40569331454842317,1325.6336478838928
47813.19559040345,4781.397691582345,884.930689297511,0,0,0.6579816600234009,0,0.3182824011528274,866.0555956563121
54682.49058820776,4453.032038850937,2212.9393445090523,0,0,0.3536262019464942,0,0.43036233761654186,2056.335245829275
44693.72367622235,786.5208781804329,169.67871411324063,1,0,0.8079103056908308,0,0.3262636355609154,175.26396418014784
38124.231438120565,5114.111724476855,2742.9094077729947,0,0,0.9424129158691474,0,0.4056336062486874,2903.362200764927
22257.965211798088,6710.324643306892,4416.6488237816475,0,0,0.5909104437753121,0,0.5462642127155415,4717.880352949826
25218.63604309553,1681.2541105685286,747.0291303969499,0,0,0.9954482032534064,0,0.4792792347988661,675.6059898529394
34337.30354774399,4957.4880044494685,1183.0443086913647,1,0,0.5423722508278885,0,0.41479594608578874,1160.4778166363735
30685.8535740886,4952.079083348108,2553.880468672682,0,0,0.5837892605371416,0,0.46537323695202454,2798.2552849813105
35756.34436417465,1731.3872304226904,283.6394155155615,0,0,0.7391180111789077,0,0.34289591159823224,258.8245461219748
38679.79909876529,1425.97680298052,773.7378648772974,0,0,0.348616115379475,0,0.4803229526734844,817.9266679218169
44356.31305228077,7850.389572323636,4829.881422049866,0,0,0.9215568079577652,0,0.4552481961260222,4468.715399578545
37154.0146632909,3452.8937723977815,1332.213827372085,1,0,0.8410182377115738,0,0.341900210774985,1418.7115831281326
43838.019725914426,2205.66296542647,519.5612971977387,0,0,0.8979338291134236,0,0.3516332165847331,537.457201499028
38773.69297772145,1784.934083407812,1049.0896984698043,1,0,0.68764686360327,0,0.4334375421552708,1096.3056774176491
14294.401203753543,5507.012851874263,1626.7942521828031,0,0,0.9069983689435943,0,0.37271837644443195,1782.094912723212
26727.975274174947,5070.839729954591,713.9284397180807,0,0,0.7439779898224441,0,0.29622471161416186,776.6804340290611
36270.94933134061,5326.6409224056315,4660.830625485689,0,0,0.6092487198286076,0,0.5733119015621506,4478.472348287349
23483.663085906708,1160.045206335892,202.2220310620396,0,0,0.9454326431877726,0,0.21982029572646775,197.17523728262438
45199.144759954455,7201.509376238278,4609.137028757022,0,0,0.5517758150572011,0,0.5085213189454609,4523.574590063909
56369.009988124366,3419.497976067862,488.76213100300737,0,0,0.6004558843934992,0,0.3730164177787493,457.5375511749476
52625.1422203678,2850.2705482276847,1230.8173607570675,0,0,0.33563498466139974,0,0.45424905401198595,1201.5571107150733
35438.6855488375,3967.710854358044,1472.3683158618571,0,0,0.9581272078871683,0,0.38707271105498514,1613.4285233903536
55888.71364219942,3425.495493107212,822.2491767196993,0,0,0.37684224676984457,0,0.32525742617417064,820.5328196779266
39784.00948642534,6976.827523543594,1057.8242821109732,0,0,0.36113273935333334,0,0.33144442375682354,1153.5787241710048
33954.968346583526,7469.4573139841905,4039.9014717691953,0,0,0.28095568338493665,0,0.4961487169555803,3693.6479553900163
30639.168037508724,2775.8991233720467,804.7977463442589,0,0,0.5626875609215751,0,0.4065550395906086,730.6413521598031
34370.36376214246,6979.518555949661,3346.780151497239,0,0,0.4188916399024663,0,0.5355281237717421,3397.202830702933
33341.878177505256,6361.423471498004,361.5904142370531,2,1,0.7926248004251544,0,0.41907217289200094,378.6758354885002
40044.99466850585,7481.057542585713,3880.897386384463,1,0,0.4460172961632427,0,0.5260306865062712,3661.5948700053236
39926.88777259838,2343.127341394159,1320.5490054011475,0,0,0.7766162093795155,0,0.4979904430825952,1321.4360151509748
38036.552241840975,4827.193625907344,2111.1724078353564,0,0,0.35676886622103177,0,0.35559334507534535,2268.6407465707275
43243.2580369562,2559.084385553335,557.012799953602,0,0,0.3839726747200666,0,0.2612846575616867,586.1695736219947
52287.755297436095,6680.708678632806,1996.685730541539,0,0,0.8449393283532043,0,0.40237639631351996,1889.5890659028582
49394.64962529588,539.931429282982,206.4128765935064,0,0,0.49687484153981115,0,0.3980285778359675,199.57943032807503
20181.224378601157,4736.143721647971,1475.8219286530214,0,0,0.28941918048375426,0,0.45429731462184814,1418.4984275967215
12000.0,3044.0257345393848,792.5698977957709,0,0,0.9691230440707266,0,0.42414354079508476,827.3648102674777
49211.83893487128,2920.127803083652,1644.1172847111632,0,0,0.34191372515488916,0,0.5066149586493478,1798.0662281802138
21597.455619014945,5336.797428986877,1147.8512673422933,0,0,0.3201576949295659,0,0.32579537320873075,1097.363819868738
35302.8151772878,6886.133369854954,3975.124012085215,0,0,0.4867056506812959,0,0.4715963968826027,4045.325115192225
23958.643687287687,5068.965435449947,1349.8993177258017,0,0,0.27650701538505884,0,0.43272273239583126,1481.8002758974617
16376.234749039762,6898.797339850418,2646.913837481538,0,0,0.32449310076093507,0,0.42769042048632216,2465.6422956226024
44497.55273845745,2484.4783391077244,1341.664446788969,1,0,0.8771556780279597,0,0.4632864459956924,1384.3514640504181
47109.86192363176,4396.263910737358,819.4709414318373,0,0,0.3372054845677349,1,0.32868785225954217,791.9347669911107
31081.875191279367,3879.0240430030703,868.8204193258031,0,0,0.28914145093003074,0,0.3397398182027731,954.2547558470349
12000.0,587.3367462732216,167.27714414640943,1,0,0.9039660295050098,0,0.44869990650199565,154.1884220581491
31445.066620970207,4676.091073555551,1623.4503575872334,0,0,0.555037206489948,0,0.4131110696109431,1607.6238650887913
42701.64806483056,5461.432431096312,3659.911841668006,0,0,0.32573035312994203,0,0.5522169998776727,3480.5566635727982
20253.061174710456,4939.358033143026,483.5327625106067,0,0,0.6652139444036156,0,0.23931347685997084,438.243376284748
40200.319037349866,6022.099240875661,1637.2792812464502,0,0,0.23320467190073507,0,0.39086919697643707,1789.0868900155683
37816.281809924054,4785.046463398078,1471.295481986663,0,0,0.5419060437036436,0,0.39008798767166614,1491.3556761055033
44951.49799521306,1000.6269113806768,457.19960299621835,0,0,0.6722510611002748,0,0.47679901660437,475.559564629159
39434.96442096984,1373.3414306353357,419.3309337956416,0,0,0.9656960242090469,0,0.3895200076334785,429.41793474491556
26323.172709421335,4973.559331579643,800.1569918416168,0,0,0.4611718110277921,0,0.3085520553893758,743.9017315421066
52358.85801997389,2562.3439398023015,833.5356803451822,0,0,0.8120408772291554,0,0.398371057250041,778.6157487620135
36097.64512367636,1097.3384677607437,211.0107990868812,0,0,0.3061598511241035,0,0.3056251105297066,216.34707326959597
37672.34552588082,3722.020575864101,1951.3050367787027,3,1,0.5468658800271999,0,0.5920865316603322,2060.5037804405015
26800.784491121645,4657.419485627415,3198.364580142115,0,0,0.37850778390437506,0,0.6106697422232249,3269.413180158962
32680.612985701875,2965.5949126220494,1143.7081230444492,1,0,0.5939742687010994,0,0.45882080687118704,1159.8055572171072
27382.367431677187,5903.252766693335,820.2554440862838,0,0,0.5337854870927028,0,0.30086054987969235,860.6058302290483
35924.64728091892,5328.279560759335,931.7809709237497,0,0,0.9838280399679307,0,0.3203419378600827,884.000800129053
58540.50176170812,2996.13770818754,841.5668444064731,0,0,0.9339983983365159,0,0.3998133065740396,880.555988182865
21537.186284823725,6161.543966814204,3667.4599868285877,1,0,0.66576471973283,0,0.5327610029519753,3602.3408936982164
18637.263225479106,5365.212818997766,916.3834951511857,1,0,0.3412078223320959,0,0.32682803092494134,948.2828216384488
55654.043929923304,5280.840340384266,1283.443040933932,0,0,0.6455655931375088,0,0.33709725660632883,1225.6153721643943
35488.11587417761,4650.70775590301,359.3537877092602,0,0,0.8336658226590179,0,0.2492558527986453,333.2981191203583
29971.127136081002,585.422510664146,217.87447788193356,0,0,0.23042168958184553,0,0.38142960725273833,197.35763118597498
50478.85624875292,5723.8038760766685,783.5173012546574,2,1,0.5472234789238587,0,0.4051349618116953,831.07275981961
30732.61352315763,3320.3134333186736,487.98911862006594,1,0,0.23411753186356368,0,0.32961181858112293,458.4139737991635
59912.116562563235,7569.572826189917,4236.760100461449,0,0,0.3951663500383391,0,0.43313327430462956,4121.066341732757
46135.11045607123,6634.88578307904,2506.532948442187,0,0,0.27369172768074296,0,0.4492549169123498,2641.311696902252
32145.063102251566,4907.708521484841,2108.186065237133,0,0,0.9684626257800659,0,0.4006691359280474,2087.180915242732
63887.69855918604,2391.3648636445205,481.281494800921,0,0,0.33506292222428413,0,0.3131788048781292,454.0937990878964
30731.42092395994,2027.8804495824993,1187.5676808896333,0,0,0.32008310586900157,0,0.5033588643089587,1115.0696198489145
46905.14446411168,3052.8862825816186,1543.7924131875384,0,0,0.9776439731767674,0,0.4929265530263219,1515.3666706598572
41591.5109648779,4074.2595768501387,1431.6168825493864,0,0,0.6127738322424587,0,0.4684283576749703,1450.2783997149597
53620.895472785574,2720.4913252921033,483.88900164231063,0,0,0.8063880251236379,0,0.3114294405560197,473.4710356709081
56738.13436072224,4361.971215443621,2603.903709031886,0,0,0.4618517209356281,0,0.561864249863907,2814.5957520062007
38384.0497887892,1740.2781913488946,257.12262289682855,1,0,0.6262885647478844,0,0.3004018355694626,231.6075237932373
28958.9855558458,7832.84609619125,2934.176037915182,0,0,0.2054829696621785,0,0.47175110638576634,2876.6729968356212
43519.665715269395,1309.434162237454,143.74149380647438,1,0,0.5270547771019328,0,0.29655434263526154,150.72258332006624
29867.415562974726,7489.581047407791,5029.920892338826,0,0,0.6440718291551631,1,0.4927640941902997,5423.151171679171
62160.646970319474,7351.835085520212,2343.852369468847,1,0,0.611528130799299,0,0.36494686284888767,2277.4753223997673
39638.42397299285,4440.203613646236,596.8480336317025,0,0,0.5246557497734048,0,0.310885083126794,617.5692997368371
33616.1413842547,5936.8270387706325,656.3561151492324,0,0,0.8303261309955574,1,0.29139929373253703,666.9035942268773
40216.1636703789,3770.362234794409,2026.9678830186417,0,0,0.6013126613229663,0,0.45129813715643935,1905.9710621280485
21834.484525643642,5225.259331568286,1301.77571537128,0,0,0.7088964189167517,0,0.3092573104783566,1348.8855075947333
26340.63153787218,3054.3195306583902,148.42264422677582,0,0,0.34769690530722147,0,0.3038636775687774,140.98858760805965
52404.966895333106,2758.69264839084,835.6757214580741,1,0,0.8892000771288993,0,0.2939505642977147,883.1266703182025
30117.26865234325,4836.723396271353,3877.748225756673,0,0,0.49026894551170513,0,0.6309544633965645,4161.522767829457
25437.068207816723,4235.972556379853,1048.8529725833557,0,0,0.5856829066611701,0,0.31748539770711715,1044.3266049858757
44439.833030327434,4846.522768624858,3749.236233014306,1,0,0.48175582385971716,1,0.6739192271815719,3414.89778549816
52228.449855955965,2649.9543596526723,1702.7130671520574,0,0,0.9135257408057236,0,0.4582108361587804,1783.541727884075
46627.4397279808,3252.1837386274647,1444.7146415762368,0,0,0.9205921175697862,0,0.3657458771312346,1435.2416944243755
49952.57222966979,1129.2347047168198,218.35245743133518,0,0,0.37942747568819446,0,0.31997271988389664,200.6449129202948
28918.45893716647,892.0727920415429,408.37068124247236,0,0,0.802171644609867,0,0.4966255705328551,394.57894329413824
20938.271999097877,2400.928472547622,731.9000299456889,0,0,0.2823068365665594,0,0.4742002596267372,701.254080208286
56016.00382346584,1056.8514449790932,392.28896602202724,0,0,0.22388028264623863,0,0.45653333769154086,410.0486249052117
34127.84193389437,1278.3103147605552,278.5937308173379,0,0,0.8692672908001695,0,0.3538723442762883,274.362822821135
34990.00380253943,6596.963040454528,1603.1953680160234,0,0,0.30494251641595604,0,0.32048664122364423,1631.106261694906
53938.3297021887,791.5527276251698,334.548708583875,0,0,0.3238261742887934,0,0.40961430933711335,334.62221642214297
44674.76011280792,5442.070954510571,2146.1998755196933,0,0,0.6852706074352026,0,0.40108213707860274,2242.4599138139797
43470.65326497929,2544.183116115504,180.15236143265335,0,0,0.8534148132351789,0,0.265589930381034,188.00883638728445
63980.02813881301,7036.592605310948,3637.9476843346597,1,0,0.3516807360328338,0,0.47250967591843474,3600.687702226312
30277.781235438284,4137.442134331246,1262.872593366029,1,0,0.29135378776983967,0,0.3953227728609015,1170.6913128131448
49134.081536974845,2791.823444958693,567.9633857178637,0,0,0.2618578764006825,0,0.3182001997890177,557.4988143050763
38684.15749876502,4382.292017670759,2493.675680004607,0,0,0.21987712926836256,0,0.5125038458063955,2324.1731706886585
41223.10734635908,3364.685142839516,1039.059876323494,0,0,0.29318331988645757,0,0.40406791553698335,1134.4783897238651
56341.62111695038,4732.257985023726,1409.8333243512955,0,0,0.9541535276549336,0,0.34018267132188934,1536.7589543754254
44094.02907547548,1358.9965124476116,626.5450206215214,0,0,0.2762260100675695,0,0.4074152222683115,621.1173440982243
44459.55294859559,7977.4287710941335,2201.5849082251666,0,0,0.6780471792600966,0,0.41807773481093036,1993.5914403177967
50870.088047717625,3691.6690827253815,249.75442141478865,1,0,0.9367731111328239,0,0.2854031031291833,243.49276285818124
33620.56724548538,3111.729797805265,555.4947980301008,2,1,0.7022561126209377,0,0.4242990203323471,599.3893313390726
27929.483991931924,5826.573862371986,3214.7836739550758,0,0,0.2261966036186781,1,0.4412762240558575,3078.4904356572874
25462.289671747596,3229.2455487149937,461.4847757136769,0,0,0.67713104577277,0,0.3450828334619314,472.74314394599025
14403.720927487979,6749.557287715683,2969.427113607442,0,0,0.9224522454724609,0,0.44789962500905994,2781.722041188914
62674.485559283865,3907.0304327031895,1614.0082215590455,0,0,0.4580472280641013,1,0.49572423853729647,1718.9717618254554
24761.4996113398,5896.6880994907615,2708.4869916765283,0,0,0.45090234365667553,1,0.4643967150744399,2920.776750803478
35344.956516970735,1305.8991233141492,424.655262822396,0,0,0.39909087096064566,0,0.3859710025584858,434.43249977714413
34678.24040133295,6845.893891663339,1166.6098667866158,0,0,0.6044356695570241,0,0.30200874543650796,1195.4863729897613
41688.88037370921,6017.884900835824,1695.345926905981,0,0,0.3903542768874765,0,0.4399484930637848,1654.1693750029795
47788.84655047156,2087.8758384647426,605.9963075134422,0,0,0.7790310171192238,0,0.42023723276191854,631.095628090231
48325.681860316945,1589.6450730933998,978.7393322198169,0,0,0.7158893979356897,0,0.5359071412198886,974.5232337363934
31003.07073717274,2872.192615442183,1426.2315235722017,1,0,0.5206188922956727,0,0.5111288412183287,1496.2557455040312
35994.53943456306,7820.529395239282,1502.6288632581595,0,0,0.778044046235417,0,0.34992393335341115,1643.4287627152175
41390.9594058596,2426.2368092529396,1212.4297072621678,1,0,0.27879704515177234,0,0.4024196346127046,1290.6013221566484
35015.70648579743,3920.9540670997494,1537.1850727573838,1,0,0.7996227227072796,0,0.4640766236523252,1542.5133388675958
57288.146912239914,725.1516928800223,412.2110695910976,0,0,0.682326545266962,0,0.5338154022827156,451.69169903853356
43891.69941965902,3479.206471746744,1016.8132668587679,0,0,0.7040663005493104,0,0.33777443455517014,1038.5897931520867
46818.53343259781,4784.900115748271,2398.747717969053,0,0,0.2517309601779876,0,0.4990822639377961,2189.995459849085
45954.57522400895,7648.4345938097385,5033.116638349627,1,0,0.6945080093826222,1,0.5126445719416158,5265.010062326235
52081.6862898239,4375.520337050483,2127.2130089866682,0,0,0.595297619060394,0,0.4517032130787715,2263.3810746299973
40172.25870444448,6643.304946332658,3881.472222745367,0,0,0.588690001853555,0,0.518977713331209,3598.0000822318943
22438.01662452984,4603.457319266754,2093.637707917533,0,0,0.4574827198329316,1,0.4586525842290344,2168.711354812601
42796.2554210317,805.8876007663857,366.55563307257916,0,0,0.2060911066722147,0,0.45140732206666667,397.4135062134009
30183.717274498053,2862.5620639233052,192.60579743146207,1,0,0.5381099200369268,0,0.2153963235150536,183.03043691651104
31656.599819002917,4816.621308733274,2709.1805292002596,0,0,0.5207329793805908,0,0.5049566800139351,2755.2412627931917
45036.36822506112,7629.4547444834325,1314.8790345878479,1,0,0.5382443258549092,0,0.3944573362291005,1255.6012068571492
52859.396857203625,6943.47769813425,2816.5530416168945,0,0,0.6895952052640346,0,0.4433545959992946,2971.129649380481
38255.25892083274,2212.6671063413573,1011.2833039364739,0,0,0.43992497140812203,0,0.4485121559211108,1027.5973337245136
41705.996151187566,2150.8237251437263,1184.6900924709942,0,0,0.4155067593873878,0,0.5254933460067712,1167.648644817626
58426.57933562285,2008.7972533542556,940.0302766778051,0,0,0.5982250235786242,0,0.46657625086063276,851.4771664808743
40889.03815386282,7418.741722268774,1704.5410585564732,0,0,0.673854140788192,0,0.33653247303642725,1856.176672462348
69220.19737016474,6894.996148262905,1394.1316785114404,0,0,0.6538627413253608,0,0.3775744010262282,1393.501328279979
44786.11574757853,6311.625741897115,2964.069025618257,1,0,0.9053133873052694,0,0.471821212965601,3144.349361077144
16870.846890130186,3445.5133566817067,1747.2338717803061,1,0,0.8153152466758564,0,0.4944886351576987,1709.456897232624
47040.09945325439,4282.855282240751,1457.5327685355603,0,0,0.24175191710000768,0,0.3951864213381805,1559.2987666476126
42573.90061859333,3982.488085963646,636.1111038486526,0,0,0.6507803321184792,0,0.31788846092146256,592.8605041465822
53477.03304899295,2400.4858066952947,772.0089432876523,0,0,0.5342513675919014,0,0.4266468440581111,730.5511230429665
46078.1762152395,4287.710346115752,1789.34531529059,0,0,0.48884103473388607,0,0.417571226035058,1729.721250260401
36338.52819219472,728.7241088956584,111.71601633080928,0,0,0.966316724899531,0,0.4118102754291641,102.52391832799997
23308.421164527612,1488.5778012309438,607.1007487600752,1,0,0.5654366260224419,0,0.40992558733063944,600.281907612825
35491.720912567696,7149.421971267098,1748.9637511422134,0,0,0.77554791597507,0,0.33573504259636416,1744.0402044115717
27793.754549488396,6137.598252735675,1427.3364109984952,0,0,0.9736695759654588,0,0.39607609199787774,1317.374413251898
31033.718602343328,3671.513067943153,1285.3012574600905,1,0,0.3208001087219288,0,0.4066036509619076,1266.5612325519878
45062.940853047316,4378.627717129079,2396.3283644553658,0,0,0.2436930097191623,0,0.5202408350389204,2251.2527525029964
58038.85405221688,3274.991644699831,1528.110435475973,1,0,0.4508961835576183,0,0.5206953742107264,1642.7834396595354
42736.05835787577,6055.849003705043,2582.599518518895,0,0,0.23555541227784424,0,0.4581859938423991,2587.399757045033
23649.40325557779,6381.403844240597,5232.946934885052,0,0,0.293411689002789,0,0.6324169630441794,5705.969902688912
43335.23201864169,6224.638926523693,3420.4159386102488,0,0,0.9933678580166714,0,0.4752112704369575,3311.9418892289004
52359.57783974781,5919.587936258372,2095.4621678033363,1,0,0.9681431238142131,0,0.37528538709824644,2028.9920722067209
30682.605148167415,2033.7825401959687,578.9643028753468,0,0,0.7530341271671173,0,0.3166019825423824,560.2882862414692
36391.79399992499,3034.7748443035907,1504.4559344286833,0,0,0.8023895996834447,0,0.4445428279361483,1434.7347867927572
38176.25833675037,4023.840762377562,1727.5645675704814,0,0,0.31239366211442043,0,0.4242109094065138,1825.7719886278892
28581.220243013122,2980.9474357074173,409.4920937252848,0,0,0.6761884607634736,0,0.2820519126340665,391.6989097040266
45779.365206126306,6162.051501187468,1582.769092148837,0,0,0.3235301955265302,0,0.3554133810223773,1515.6638653872267
36548.62221670662,2970.15143187466,395.89562886321784,0,0,0.502708924881762,0,0.2909954818969772,360.01927074004817
43034.38932688433,1536.7406508900287,247.1582401359527,1,0,0.47627602031185046,0,0.35610682719160747,270.1618201552617
27350.0938663748,3492.8033903622804,802.702881085876,2,1,0.6911683689507249,0,0.4010135026595963,864.7187181689249
32750.500396119074,7849.358245867852,2261.067983739969,0,0,0.2637544870209279,0,0.41922239244261106,2167.2380289180373
46668.576293933256,2194.110597001819,550.4486553293262,0,0,0.28276965593736203,0,0.39017544739623655,552.7351130591821
33526.00217489879,5091.189942074218,1230.483673500656,0,0,0.6879455393696278,0,0.3218203289554061,1226.2372980534612
58723.56621480086,3747.2978737977974,1478.0638830040396,0,0,0.7088941255517012,0,0.3765178048301288,1356.1836505841025
33204.36577262477,1032.6842573699496,348.5503914815732,0,0,0.4719059401945287,0,0.424308264327467,350.72514646791427
40696.21670902263,4159.074544985446,2446.463035303628,1,0,0.31749690223158855,1,0.5370440300599609,2257.2665978155333
49191.089982477075,5766.2324648623435,2668.2389001023216,0,0,0.9088639326332899,0,0.4265346948614062,2633.065975669392
20979.61120480362,4349.149818708641,1771.5886826172894,0,0,0.2423590382754659,0,0.380315442320465,1625.5404305332124
16870.29425623069,7040.795478099358,3646.042221251061,2,1,0.77390041408377,0,0.5669661867268433,3710.880654684688
19692.124225158863,2667.02762493187,473.869730775962,0,0,0.3120357745027074,0,0.2015386053948594,431.12752300572805
53151.00924112619,1146.8687847797369,520.8841832389966,0,0,0.7098991267415573,0,0.47622352998586054,534.2634716679257
31377.70224929064,7524.2420874350455,1740.7249955027162,1,0,0.7309246775431197,0,0.32879715202257026,1812.867069300852
68698.39142801902,3336.4726214616426,1898.7218148914535,0,0,0.8434077096282964,0,0.5140165838209123,1925.631713005341
31229.028816111335,4823.04163590225,1849.1319972970805,0,0,0.51602006581635,0,0.4942237455015597,1837.8486050959589
40214.61563836444,6440.02344597647,1482.1190423109408,0,0,0.21743717458622439,0,0.3378450404596531,1351.9275436185644
56505.3194308145,2932.3524790668544,1809.4754896292357,0,0,0.8488395087751941,0,0.5547900227084792,1632.6366337530837
62073.11465790948,5871.234036332084,2648.790191903253,2,1,0.5552544155028272,1,0.5427588290357813,2565.3170279425603
62738.04291963678,1515.6413736337104,447.9669509519297,0,0,0.8776718556780645,0,0.3653019891866477,472.2693761171293
52500.39476711771,2684.7031040412894,1864.071455599447,0,0,0.8207879597287577,0,0.6235412613053555,1918.9787596093367
50288.750309737545,1585.3297710238994,1030.4826093411343,1,0,0.5986454569861319,0,0.5203045979312564,953.2543151662519
45110.323390414196,6584.229188010184,2138.9902048527374,1,0,0.9995195271941011,0,0.4180952237753174,2219.390210692922
47340.33291399965,2169.86926420089,149.97723323659437,1,0,0.5696600616286475,0,0.29372064596229014,152.22435983181998
31385.7714040576,5880.526665539077,1706.5364663513938,0,0,0.7572036960375674,0,0.3973437280770799,1592.7866616307044
28181.613398932313,7574.737979342394,3492.839523800164,0,0,0.7358430559382791,0,0.4825555939920272,3671.185056529625
37959.506511068575,4458.291568016577,1200.099437965473,0,0,0.6144533720268619,0,0.39180670964219766,1279.3790890110188
35957.78452970086,4550.218941955158,784.0199379050216,0,0,0.6682802312033895,0,0.30497298618683505,742.0838767425406
32561.263408072697,3957.7517607335903,1472.0963287261422,0,0,0.8388870094224268,0,0.40011721919564724,1512.103871443011
46356.64936948058,2944.1760754523207,712.2492520227044,0,0,0.6572906142355184,0,0.3698655052248994,694.8892420623318
49463.66250284613,4067.4127319368786,1990.1678493249763,0,0,0.560118644227477,0,0.39599090267523857,1814.4205041982777
39060.88263550217,5021.0564920006955,429.1135235845344,0,0,0.7296659796988609,0,0.3031088114823316,460.1258346166287
55730.36097266314,7894.936791279945,4759.806589592699,1,0,0.22840722829737603,0,0.49824336782682155,5065.1429284041615
24299.730630397942,7533.2341948866815,3937.444919507158,1,0,0.2873551000035022,0,0.5269770664976328,3794.076650230806
35676.086488643385,6966.147187198413,752.7365073635634,1,0,0.3003411040166275,0,0.2201842926934875,757.4795252093332
29398.13215276634,7168.479017786438,1314.698035934252,0,0,0.5406141308384373,0,0.3511019078602519,1317.9505040622114
15601.56059512328,4008.868874690322,1214.9730975256284,0,0,0.8974201918808473,0,0.3972064002304963,1136.5974018780678
37007.83176988761,5430.832453830986,3240.810119459035,1,0,0.7146356782134575,0,0.5247285093444558,3011.1494028071415
36539.0298994006,7213.000422021606,1667.9887033895136,0,0,0.9780947830376077,0,0.4068552588627274,1782.8356888126166
56161.39691890557,3447.130737435148,1086.0324189020373,1,0,0.23195277551004212,0,0.3923855484807151,1165.824983242471
45569.74021465733,7713.218587591016,3808.3984740463143,0,0,0.7776056358868171,0,0.48228250520408683,3979.9132869131327
25709.75810804954,3618.3954655188727,1347.4408394194397,0,0,0.45136124591219906,0,0.3688075258354656,1232.3062034968618
60249.11079601026,5008.119990449118,1545.1524558014128,0,0,0.2186283491288249,0,0.3939749053218479,1671.5898631703478
52652.40434630423,5823.53534954279,1064.9270894232945,0,0,0.8607413519474509,0,0.32203910420826737,1167.3204115562892
44985.17244162339,7629.440098069537,3558.6598139283046,0,0,0.33015483474348467,0,0.4490281963040973,3754.8230566503917
35282.190813802015,2334.6220553919957,1425.9619381317955,0,0,0.37125992780992023,0,0.4609390519522665,1384.1563469932917
26486.729159318245,6095.982336789817,2864.442804950417,0,0,0.47237268692041995,0,0.5306359887706534,2810.462249874755
33533.51868714736,4406.116896080616,1431.085954293365,0,0,0.8306856934886959,0,0.3579386845439198,1536.8823398705222
51064.98343645023,2514.178554654808,1051.9181686537322,1,0,0.6996724633370743,0,0.4265671754224385,1005.6729232170749
60615.03567121531,6324.551298472929,1870.143346972637,0,0,0.41188890867759115,0,0.3236166131393334,1736.187825804518
56518.92233926627,4641.667101303849,2137.3710908307985,2,1,0.3347914706603117,0,0.49927775747243297,2275.361603033748
32133.80693856471,5457.303654872569,2284.807452110785,1,0,0.287638589601492,0,0.3811638701172922,2144.6722372223226
24564.590800531863,2921.7580143342575,1167.5711878724169,1,0,0.3198532583758084,0,0.4917943866403649,1262.6814968472802
39690.63496293445,4109.554638707037,1193.6612730397978,0,0,0.894516122462311,0,0.3164424335839135,1216.5036829480339
16778.72761324578,5130.156882410503,1804.9742582550261,0,0,0.938146698519482,0,0.3853736609112071,1824.9624898977868
41878.012570217375,3536.83110702383,821.3748369706868,0,0,0.9743662460844571,0,0.33849216696966167,866.6735493954052
36228.76896441598,1987.79404885776,802.5406301044366,0,0,0.8677855075825744,0,0.40217437966620534,724.9293796485208
32407.561977581092,7712.3036923647805,2301.2166082451195,0,0,0.90991226001868,0,0.3494917583262552,2399.4965052589987
18863.563192798454,4336.006550319631,1205.3477868149953,0,0,0.8528828003707405,0,0.3579123690403003,1229.0916808036195
44163.2012788366,6004.402777157754,4948.768239840377,0,0,0.966444615236824,0,0.5713648832588993,4972.305262371593
31607.589924057065,3582.853951670436,269.97616929719027,0,0,0.8765207532354877,0,0.32117170430591097,254.71312722020858
23960.997971476543,3163.4882301928724,1330.9807053397392,0,0,0.5696021452943488,0,0.5016109086021835,1418.6748832694113
12000.0,3553.732238503437,409.93177848759296,0,0,0.4586034514863621,0,0.3519152218234337,389.488507168407
37669.82113939236,3568.9748283923736,1185.8133333641254,0,0,0.667369511081253,0,0.3225101284902522,1183.387841164271
59267.01916003693,4581.350869564652,2243.2341346852677,2,1,0.6865466622461247,0,0.4905840405775322,2089.8329668255374
57935.11057457444,4576.024024860224,829.3701823264809,2,1,0.659931631130491,0,0.36876080785096427,907.9464064903278
32514.844920964737,4228.653619121537,422.2029668277987,0,0,0.765381074176773,0,0.3164655814837729,396.40914232552535
30773.455275658634,1510.8933868807858,651.8137138197721,0,0,0.7591812631201913,0,0.42326707427292987,691.3420962863169
43625.29107290028,4220.566088753983,854.6204795654022,0,0,0.2697554271399019,0,0.43700181305594143,814.1250147104107
26019.374729740503,1768.2792531548862,294.76538408872193,1,0,0.42841796139794286,0,0.3259939422034868,280.38338232342744
41621.50279783359,1446.0183972182388,403.8541238658012,1,0,0.9118881499322051,0,0.41840460646858146,397.5306074063886
47192.96334061628,7494.842880058758,5226.849804193755,1,0,0.6720280432295855,1,0.6072476606588348,5588.388491767364
52723.19868661169,5037.125098607782,1437.955075384934,0,0,0.4628197585531222,0,0.33850363192622385,1491.8949034630878
36798.15108224057,5446.175435934382,1368.172032721178,0,0,0.8803669196664612,0,0.32945843346399944,1469.8641128124357
35555.91499787641,3513.4525275002284,955.0835010698331,1,0,0.39923382851643413,0,0.43410471029533804,868.5934895280442
27464.20895892127,7317.356689361482,1164.6906497394975,0,0,0.5273598915009845,0,0.2532161226863924,1270.8388616432026
28077.43575152168,5284.478671847491,1445.7892699396432,0,0,0.42100381733765446,0,0.36671178876460075,1323.5150819751502
35282.253297181676,6268.774021426906,3736.253594845097,0,0,0.8970799390284798,0,0.5460912686136468,3901.444865812732
42408.38608179414,3264.2185177078536,576.0148996846078,1,0,0.782630949440345,0,0.34847391314861725,542.2803744983737
48963.01551479899,7700.089106143441,1446.338022323999,0,0,0.5681805157198956,0,0.318653631342361,1544.9333974911858
28361.852591835865,6653.459676187363,3453.7631087763593,0,0,0.9458406659777301,0,0.4660403268230625,3704.065401361336
55912.26282751426,6904.613472609078,3500.5336416578475,0,0,0.9419558244346529,0,0.42777754878493257,3536.413931543647
34746.51678748918,1791.457005693157,997.1964247004846,0,0,0.7692200209299564,0,0.4636933865142695,977.8250304044369
37743.592467818766,2532.224059034146,213.66458002763613,2,1,0.9135949065994844,0,0.4531976729804293,226.20118716068714
29033.45985022612,2642.199497626828,680.2395706359148,0,0,0.7755144971352597,0,0.37399759048748843,731.1257574500689
12000.0,2531.8191743515335,1215.926895741505,0,0,0.7025694940339342,0,0.44153994449338363,1273.8681592264022
48608.544756332594,6915.56121578216,995.1451727691075,1,0,0.5366264143412061,0,0.3394762479598744,1076.1334223259812
46842.1267651092,739.1359640644408,405.5474535321082,0,0,0.41877580968384864,1,0.47853831067912384,415.81036611646215
34624.06931458144,1070.7499173558072,545.3830317660362,0,0,0.2482058869470124,1,0.4354919523495407,563.977531543439
38803.88860669846,2554.3615297242777,370.1359868737123,0,0,0.8406959772054408,0,0.2918876128610028,375.45572648958733
44191.270612449196,1999.0473098708273,486.7299974501731,0,0,0.2977304646674484,0,0.30296689809805255,485.5776386015817
19249.449717361487,2238.947104121363,578.703914073355,2,1,0.5282793925278453,0,0.5301029446674541,596.6276009273671
31651.367871844464,6484.57391939975,2876.50242991066,0,0,0.387707371396262,0,0.47471259228872625,2911.6851588803324
47531.17615546193,4723.449454190351,1276.0097869895947,0,0,0.5637010392561927,0,0.3963616815734883,1335.0226813551608
22948.52692196901,543.27995969726,111.1370879944939,0,0,0.45198706037393555,0,0.32048548014337586,120.78899702887915
41522.69518599955,3719.9207427814645,2383.390781659525,1,0,0.8637550770039377,0,0.5359355568654861,2322.875146122865
21721.01834451914,3559.136951377692,870.6905689367716,0,0,0.9825428489918577,0,0.3402173762297324,855.2216048785601
43597.15978920231,1354.5895208340764,433.15498107731213,0,0,0.9532438206135103,0,0.3373362070235176,391.1418567669054
37572.3022124302,5571.063414510929,2410.817984378876,1,0,0.6978959350191241,0,0.48079141224527,2423.853067021716
18618.418209133888,5765.728912846183,1415.6164293430259,0,0,0.9834212380021454,0,0.39226660823265286,1311.257456949378
51976.87225348606,5906.699142890732,2670.8769006145862,0,0,0.5205781265967373,0,0.46938494567933775,2786.259162385338
29184.90107842341,5963.532091689441,1625.3161649691226,0,0,0.617989955159001,0,0.37372819434602267,1716.1995967710266
28276.970755827428,500.396201992226,344.0619289973918,0,0,0.4054798656873995,0,0.5239699836217778,359.389238803497
40406.83036677131,7654.406028850416,1709.53324541006,1,0,0.9183860257197003,0,0.3638309170900321,1725.4812582390484
51783.64819314458,6606.565752909973,1994.0390299791015,0,0,0.3437672969087682,0,0.34688531163801734,2007.6851525707266
25810.138172259234,7279.86272441964,4045.3746054934727,1,0,0.6883899786583674,0,0.46660619315260393,4163.9477236032235
38740.15819817566,617.324714805756,335.337349166279,1,0,0.8395632949497347,0,0.45580520249215867,339.0059944929416
43145.79800396688,7503.940968393045,2360.3712493773514,0,0,0.6763189974613864,0,0.36540164424811317,2478.527135476093
46317.26728715773,6573.413965160785,4389.937241396617,1,0,0.2630201742957599,0,0.5204825512500789,4736.32771068311
40117.2986633267,6779.14357219024,790.4878349973939,0,0,0.6891575029993154,0,0.33164077141641923,796.1998200283014
33595.665931000134,1199.6553854147637,421.91404302508766,2,1,0.8136634576891935,0,0.4677418169109052,389.03357435786523
28068.917352215365,6040.835216889483,1687.3610239266563,0,0,0.3502625270823603,0,0.3751758371040283,1562.8448776660982
39033.726596556495,7699.375172315682,2520.0354630285196,0,0,0.7895622847641179,0,0.42158611056852124,2457.4974802014203
25134.331856172717,5589.105060636205,1273.2351260373487,1,0,0.9028621664589809,0,0.40104966533192715,1272.2910841986163
12000.0,4779.210534684548,1672.675453996333,0,0,0.9891667957775534,0,0.42281264459795437,1580.6951560775356
43238.717649892016,7592.222583117477,1107.8659083855773,0,0,0.5280474110274245,0,0.23951578413098323,1097.3966213478977
48847.218093034346,3822.02841300827,1295.7085932832533,1,0,0.2201299060595462,0,0.39336436509626393,1201.3120544579779
12000.0,4994.7017473285905,1489.360890507918,0,0,0.5352632003376377,0,0.41275291570751294,1412.1613603866308
25883.23154348075,4072.5372012077464,1521.89344532688,0,0,0.72818227212965,0,0.3788244513475053,1593.1055632496218
45429.85113206237,7496.346660202244,2410.167497251821,0,0,0.9130920303198027,0,0.4478299096889816,2644.2286589752002
62689.94563654039,1070.6354507413043,273.87997571038903,2,1,0.9504846338586239,0,0.5173785658824188,256.69143799631524
38249.524492104894,4258.397756190112,732.9410207062753,1,0,0.9276606296256567,0,0.34757178575581765,709.3544773252399
29263.964705250386,5652.1433103907875,2381.459751059364,1,0,0.7263678180152713,0,0.4778057036201286,2310.3430029481588
35805.24270674192,6439.299038166777,1793.821706475702,1,0,0.7460184340641367,0,0.42373271825386954,1694.5609696896872
54498.51702977822,4872.639855831023,2281.2139950118885,0,0,0.2019070457296473,0,0.46319223881588895,2146.192110515143
30248.429850505578,7316.883080910905,1827.6076247874619,1,0,0.4909849947271787,0,0.39754946205591096,1692.9839760562022
28409.69592019696,7564.935851629038,1370.9541923151503,1,0,0.9254849888931391,0,0.28543314844206114,1482.6909610160365
32207.07773381561,982.3941739518764,120.15669117872213,0,0,0.7516941313713914,0,0.33405900824828677,123.74630873095413
26560.056700895453,3517.7790465603075,1972.2527648116854,1,0,0.5743366008597348,0,0.5180855479998829,1889.6027291181647
39472.04379193755,675.9426629086583,60.08813799112711,0,0,0.28340193190674373,0,0.38971636117355224,57.18100734364429
57496.14150163473,2970.624930308322,1047.8421947874638,0,0,0.39705333274742877,0,0.393294620845581,1066.6453361900042
41876.95127739235,4526.511634779516,2935.2941628126946,0,0,0.6439380142539954,0,0.5928364466960225,3051.075301768109
34971.75797448455,7330.961978824616,2584.3099346939057,0,0,0.9180012108813904,0,0.4466495343255095,2456.6494528814565
34498.26477301347,6849.157418490521,4217.6108925677245,0,0,0.2766498781165164,0,0.5228045495769309,4088.6893676198556
19241.710295640114,1456.2479500398929,406.00274560997366,0,0,0.32300435550038914,0,0.302933162585781,389.0003511834808
48597.31732576591,1197.727810556718,202.30982287785838,0,0,0.7240040610953085,0,0.3100319501380477,185.62769197140472
37065.953635846374,4919.505040675002,1676.6527677768413,1,0,0.43531978519765313,0,0.3988961513404655,1638.6022868906043
35834.24103691249,4490.8847934408695,543.1867700652549,0,0,0.3357630332092879,0,0.34260846204771295,546.8381991032119
76317.29081413834,2497.832310725179,824.8917359464457,0,0,0.34274877206974874,0,0.4097656959953012,850.5238037955208
41585.03490038824,7245.898134153764,1447.6570976221485,0,0,0.5940905808772593,0,0.3412678695272172,1423.5497519777439
28978.507398857786,7455.248070961651,2935.307295315468,0,0,0.6669954048337274,0,0.46013226112478844,3219.0752623082617
32883.70884553348,3519.58578755122,299.52179097977347,0,0,0.9234795733868479,0,0.3192679371092168,307.0600171949435
51781.34851036106,7177.269178351402,2489.432774996512,1,0,0.6238537511536684,0,0.44485142897946867,2681.9080290794645
39359.244926453175,3379.6167069722947,2093.6644795885277,0,0,0.7530188651955467,0,0.4947315806091831,2267.8522401065898
20740.6642601916,6026.126238722751,2652.7498989381156,0,0,0.34454876215864016,0,0.4869219954035596,2823.2683249862275
49030.74721490244,4069.566631607931,2714.8186417992674,0,0,0.7707682295282796,0,0.6022762838293436,2589.9291560032543
29982.27097353207,1419.3736738038724,722.2318367871668,0,0,0.7189548711481113,0,0.5858507254707088,712.3050645940905
60479.57331461055,7459.506509277661,5067.908516264182,1,0,0.372945650037241,0,0.5755741012166171,4561.508046388309
50960.57678857578,3905.7244503315246,3069.06807955567,0,0,0.7355019720443274,0,0.6472243293333961,3039.2409646366564
32632.137252094984,6008.652802418027,1235.071108240844,0,0,0.36919363545962486,0,0.36088477163269733,1184.1250933369722
53372.196340821356,3253.803608234691,749.5868010056772,0,0,0.6748622200959568,0,0.3789744182113275,691.403285285485
38814.26612632884,641.60658932176,369.71741516838733,0,0,0.7350797636843209,0,0.552975136149444,394.7537802598817
48233.284101466634,1253.9776901887694,211.46822731445835,0,0,0.7546804356379067,0,0.26115139697634837,218.8039275708687
43816.7938075337,4221.646096174432,1499.3365203523483,1,0,0.9274132741900487,0,0.4215893621862018,1649.0013538817889
27843.720140109515,5674.732678447718,3145.516021267334,1,0,0.9582698839977628,1,0.5124809118803305,3144.5021852228483
30277.402012190454,3010.514949344593,2127.375493380234,0,0,0.8481583619210895,0,0.5437554802549811,2055.3451698771933
50359.52981097394,5716.163443832377,1826.1508148252117,0,0,0.9029984905462154,0,0.33235359870421216,1739.8876121742758
33982.69601472151,5739.76692073967,2991.6715387643303,0,0,0.2154631064868423,0,0.46599992205948026,2952.9958654461966
33156.21844109604,5779.5193049587315,3490.136933577276,0,0,0.4901344869842692,0,0.5343922642761321,3357.422507248517
26538.529047807766,4193.913905153813,1604.4390488788094,1,0,0.23177777159275312,0,0.41367722970161763,1761.9174862664763
43083.18878712153,7361.64612591128,4280.950283717068,1,0,0.37987628588713324,0,0.5230461737817363,4009.3615967491064
62750.29903091774,4168.973884854617,898.8223395877037,0,0,0.5053794582240052,0,0.3097738176918288,812.3789450620577
25189.605028948725,3876.9889512247864,569.4085818328338,0,0,0.8940604080945371,0,0.32220260569887144,527.2722891417553
38290.6334800731,1995.3561425797025,585.6651257072191,0,0,0.6094032689542266,0,0.3957836917510818,631.5264915770667
54946.64666498515,2807.4131551725236,1058.374497024164,0,0,0.7190888408862297,0,0.3691948690070312,1099.4223367269262
37044.30330505142,817.5086938872751,334.48291324949565,0,0,0.49025247574714037,0,0.379373384073598,353.4796837037965
43428.46155499681,5251.514702121277,1356.3613835743572,0,0,0.6823327254000588,0,0.39823842570945345,1307.6602968191062
25251.277662237444,2364.0180794531966,1001.325541510805,0,0,0.852429199141584,0,0.4459059864707026,1025.898782919645
43139.685166491785,2781.1644086409883,2206.665080151988,0,0,0.44099310558168225,0,0.5663085587677917,2298.4176125572985
35754.26881994541,6281.108912482409,2135.751852770867,0,0,0.945805358369711,0,0.3864370324016173,2061.6054307682666
49828.75994815835,2954.158873710904,1146.3088599820157,1,0,0.3706507967081689,0,0.4435264337492204,1197.7844763042247
52248.63261877702,2316.4691900985663,788.573864082978,0,0,0.9354410452292967,0,0.36639690474224135,809.022958988888
69074.76370422337,1767.9331185027931,1383.193012358906,1,0,0.22263803627751655,0,0.6638317385636759,1326.8237476092688
44955.59807856291,6311.438016364669,1202.8312318562398,0,0,0.634201822199812,0,0.3581792012778433,1095.2634505669398
41909.555798985995,1472.7969349252016,889.9046017688067,0,0,0.9881383222128441,0,0.5550904240596031,843.2495415148455
40332.61161892803,3903.1532018776516,761.7877776506489,0,0,0.6878229814057726,0,0.34469888156740874,780.0000179740161
33762.00448627174,4301.975870578958,955.7854421783456,0,0,0.6438892984289408,0,0.37434122759934935,974.7158542891452
42061.80612154029,5655.424345142859,943.2809643345812,0,0,0.7459761974039691,0,0.40968670763265314,944.7240241003168
34455.18307833165,5249.626117497466,2146.90393543266,0,0,0.43144179825757445,1,0.41643321105432646,2040.1921189141672
40021.531715235375,6580.405047088811,2901.04722823391,0,0,0.2431322712622909,0,0.43289102169887944,2868.866922375896
53811.17042729552,835.6357544467861,267.3632451489734,0,0,0.4008513993454725,0,0.4782120094780983,248.32932169545546
25921.489216644306,2723.305435845479,1357.7654004482206,1,0,0.3409977337201914,1,0.5263778120792199,1401.8609896078424
51678.542733548544,2601.0058908153483,553.6121532361699,1,0,0.9388553894289913,0,0.3389023838564758,594.4864508909995
53805.380808078386,1595.1267919408117,644.7739731939225,0,0,0.8818096229298835,0,0.400516099781773,640.0910957186375
36583.17767610706,2668.8369039233235,1785.391653525419,0,0,0.454171106846848,0,0.53442444667016,1682.9092965489208
12537.741211896864,2823.2398560717756,847.9900434799686,0,0,0.8688554450344776,0,0.4665102489332886,903.5989055366136
30706.13615486681,4414.133464456087,1468.4129793717505,0,0,0.3694021509185074,1,0.40330623144679684,1413.5176595695093
53563.93455873331,5477.783591946921,2812.7356222938147,0,0,0.3596634029436622,0,0.5232229075118694,2865.596843595663
37725.58325241342,3358.2538520886055,2071.0859548124326,0,0,0.8140283431682684,0,0.5371484879070494,1895.218251853062
26008.37321246107,5896.0267348503585,2664.6221058645356,0,0,0.46154449005384823,0,0.46624590750759476,2780.766292182516
31942.700945261393,3021.2400393468497,1058.1296064136816,1,0,0.251834111539661,0,0.43138001073219473,1049.8067197371925
48087.440318054636,2677.1275798607026,638.4071841756686,0,0,0.7759892647475854,0,0.3525159283911088,628.6202261129904
44560.80281841655,4558.910418927682,1926.6070749570492,0,0,0.9916811040738656,0,0.4299553368408236,2094.1588789293755
35132.81480996367,677.8727022934295,363.36405763713805,0,0,0.652782171861532,0,0.5544974870247036,362.74557879896895
33598.10705822375,1098.4184272550028,394.4763069077907,0,0,0.4109340602566183,1,0.4029493568004166,356.35021233647353
33298.90221147414,3634.771576898953,1737.7788576528967,0,0,0.49832455494410094,0,0.48617719706491425,1897.5922595344878
26931.07778601797,7571.845335438174,3562.940268600951,0,0,0.7189196468790526,0,0.504812415752403,3215.3490037932065
57384.5082736333,5911.338348825677,884.1553333966949,0,0,0.7611036897383321,0,0.3401717766202972,890.4981654860588
34132.15436946392,1160.9492712541833,466.9630002782026,0,0,0.9090657783168421,0,0.4614687667215974,479.4399735583557
52605.90224990596,6847.385095856553,3247.036183513742,0,0,0.9270682978553313,0,0.3981701224549863,3503.2170487896956
56255.792623069414,5992.2557795613575,3631.5426493494415,1,0,0.8890228097999968,1,0.5320972609136922,3761.706188432829
49979.73077777553,5082.098942769899,2193.650528156986,0,0,0.7187927409798993,0,0.4957401488481529,2330.1538486398945
32820.55624738342,6652.19720456883,3256.881909496084,1,0,0.5598818958554271,0,0.5605873109250041,3432.7031169549477
42844.76108403932,3530.823858072178,909.8041231881542,1,0,0.74344438750207,0,0.4126290333914026,857.6786904665353
37709.65272330901,2161.2578814038957,623.9668807267744,0,0,0.7332523658875778,0,0.39030792636043365,648.9839682316709
27155.57767123846,4340.175418315695,280.54745955392156,0,0,0.37438633704447066,0,0.3026443125674698,288.26712549746634
41892.31138065924,4616.313166951054,463.1161176813824,0,0,0.6060429035216892,0,0.3242896599491402,439.40187277552826
23851.522506082372,4537.44779007434,510.8006749354939,1,0,0.3665718111499257,0,0.2192029750071328,472.8309166232709
52252.15266153876,4738.053436100789,2493.647826714414,0,0,0.9192990247882824,0,0.4406835708632005,2619.147820824231
32424.592432419282,7615.286886793856,3130.0400983932213,0,0,0.45859832688052454,0,0.44071117587405334,3424.968921987405
40413.91587047407,7266.842173221735,3381.9731443846094,1,0,0.8443407912472922,0,0.45632521432579715,3543.2566273791053
41399.45445855371,7067.877774192046,877.5973253662794,1,0,0.5017816518864235,0,0.2908749728814164,921.3806342430847
34893.14031555107,6510.626081814704,2319.402962661466,1,0,0.8109889132486106,0,0.4258483269724867,2164.7936551114954
45040.325617703296,7575.71080448964,2530.633097009285,1,0,0.3767299638838362,0,0.4204802743747728,2402.611082269674
32301.156120529708,1238.7098125955245,579.1596343915799,1,0,0.8109945740252458,0,0.39903758900417413,589.0936856755609
48455.56756948693,2488.4244608430463,835.7542260305933,0,0,0.34362562759570836,0,0.3461964475068969,757.4324948748271
21848.243837039015,4212.9195924093865,996.735991756477,0,0,0.5926540322118657,0,0.33987454998369215,1030.2109599890443
39516.554954556945,6849.0086984255395,3396.156213582624,1,0,0.29090139583151836,0,0.49565660147873386,3154.900918736333
61267.14798869942,4288.742836420493,2996.772542820467,0,0,0.6223184646480409,0,0.5562188588517818,2944.866267448976
25996.024104733104,6110.260545061915,1583.493961855239,0,0,0.8565714800731603,0,0.3449743253065529,1526.5477585261424
29867.06035370178,1542.1992893668717,103.53553807733864,0,0,0.8044375620172401,0,0.3373877619147452,95.38636977425264
44166.89419590698,2393.1035973242015,1234.3346194954515,0,0,0.24057217227299577,0,0.5087828048533974,1253.7806938153813
40154.981383275175,5988.320712782543,1382.2852264888415,0,0,0.593742057072214,0,0.3468673012910985,1343.9256646842687
42207.56119128271,1735.5050666579305,151.92211381306623,0,0,0.8817802483266126,0,0.3616452256043198,138.06636082125613
43870.24556177196,3135.1695099119506,667.4715384081326,0,0,0.7200827922540891,0,0.3498492492004721,660.0519218825191
45616.65762274124,2486.4969336017857,1284.9516323531855,0,0,0.24736105521552443,0,0.5207599149626276,1308.1472890102643
51316.398103474676,3123.9627066685885,1070.3118653263564,0,0,0.4605056187553174,0,0.3656968506426709,991.1974852354613
42917.82388314215,5812.430368084777,2475.697052080044,0,0,0.6452695109845135,0,0.3857585378065517,2517.7808821348654
35104.908144577494,3258.8538585710075,487.3927771931812,0,0,0.3381211801714915,0,0.285064854450256,468.0943760141914
46070.884414432774,4664.474919559551,1755.3810050746251,0,0,0.7455312537614109,0,0.4407965446548403,1670.9991870582912
60798.583218742584,1249.4890779080724,312.81135136382505,1,0,0.7078771274920674,0,0.35754660351292694,331.2974518065382
36408.39504340912,6537.632699259709,1042.3277362310487,1,0,0.3619554241296503,0,0.31490904620659793,1035.6029862581768
26305.6483439523,3274.1646923609364,809.1411747792949,0,0,0.6403183718359224,0,0.3706190512607272,789.3856695351554
51284.96803144367,5364.006192750068,2291.204768389964,0,0,0.8493748447174301,0,0.4483074982052683,2434.6444468039763
36555.42603255682,5940.422012463745,2107.7607672373533,0,0,0.4998613598217452,0,0.4588361089146393,2280.742270578984
12000.0,2072.456915837753,544.1956902968296,0,0,0.3975892600003002,0,0.34595825364892324,524.0695507167472
48169.06012580506,7135.062387150125,1444.292936808363,1,0,0.7609764587624386,0,0.28419059647274153,1314.4215564984509
31576.06176855293,5121.681887052147,511.45353584516425,0,0,0.25664345120912024,0,0.3603703693120344,515.6185642024395
36913.60061235007,3715.438563136111,1522.4045459176243,0,0,0.8661390456697611,0,0.41569233736592626,1587.9147411812398
41983.76396682818,1867.5138768366467,592.6587820711793,2,1,0.9547671738112897,0,0.5409868223798273,603.0647731854971
40285.996157348796,7567.257034259051,2488.0549889473805,1,0,0.9718296041360099,0,0.41408100185282865,2581.633598454474
46513.42180566848,6163.011530987188,2850.662670053656,0,0,0.5460310034525426,0,0.5169172772070897,2934.314954016024
32774.16355316188,2060.1842204993663,424.17320958307346,0,0,0.6985622727740397,0,0.31775242043858865,462.8573744234063
44157.269578112995,3032.830810431684,768.8472799929248,0,0,0.8858916459764163,0,0.398924284957162,825.1142886601549
34885.439868992995,6572.556935660549,1219.706902703127,0,0,0.37873919203434747,0,0.32228216743598437,1129.8983033050624
46865.72577065004,5717.582474115043,2322.4240936921683,2,1,0.2221621350064046,0,0.5060332076410707,2300.4093145762436
45384.40980815664,6243.382195367933,348.1901863863385,0,0,0.5076529859881949,0,0.3423349949689817,345.0403575207175
26774.735575464856,3809.008266596993,500.1198801896704,0,0,0.9074968472141336,0,0.2792418117467513,495.75220429108583
51031.785394100385,5873.571969816252,1191.7425833873085,0,0,0.6040575292363908,0,0.3096684787537071,1294.4002307846301
31568.438658631425,3398.702921479353,727.9275459474636,2,1,0.6241751588098288,0,0.4016706847259407,702.7693310184366
47696.69357937374,2084.4718770364734,261.2003548382683,0,0,0.7531792361887104,0,0.28848991885213177,267.1699864103544
42407.44776081609,5245.0777613102,1352.4032359046494,0,0,0.6596138082994039,0,0.3723666000611344,1459.5983534457268
60058.204121541465,7820.104441990957,526.7611380131815,0,0,0.24358131123041504,0,0.27379117250259644,479.4093838853028
35318.408211537775,2829.507285464972,861.1129275812267,0,0,0.6486881001175946,0,0.4024959181721552,926.3084715304451
33808.19844658163,3957.2719415940473,1616.9141606781993,0,0,0.7183670807100444,0,0.37066339238676327,1702.5973519007903
37766.96472934721,5555.010283023902,1330.1362273915504,0,0,0.713276622257839,0,0.35618830371367577,1252.42232450951
34361.84260598869,4561.297115918659,1914.7198380697469,2,1,0.7826753272624245,0,0.4818944200382089,1847.9004409434147
47599.3028233046,6825.708467817869,1859.8606005600052,0,0,0.6159362216777168,0,0.35500991326352127,1789.4041513079362
18604.272698760946,6213.070298521369,3375.1812285799574,0,0,0.9200470382017298,0,0.4849436916575654,3187.053017867231
25355.81097024375,937.2290289676778,366.4930346286906,1,0,0.571408490739634,0,0.42471056297920523,376.64645822743535
25186.364941049684,7988.159254428305,1349.6286354683987,0,0,0.6145491784097455,0,0.34039314476027627,1479.9564153362414
49403.69110368291,6143.018402896004,2336.277631797829,2,1,0.8242446050263432,1,0.4706649581005546,2180.500149870741
58527.3604709831,6979.2748722058495,1856.8595930160386,1,0,0.8665879805723287,0,0.35178122199124273,1757.402055915291
36746.60937755034,5383.982840715098,1891.075908407062,1,0,0.7186891735984504,0,0.4994684923721927,1811.7922225232721
35974.13932171987,6922.138460350717,2333.990728734889,0,0,0.3010985701306571,0,0.39859723267611763,2538.2480839307286
38840.62595735818,1342.8723119653205,426.84727185187023,0,0,0.4655616753303778,0,0.3853229619254798,437.58859196048377
51942.539631298285,3108.0337666948667,774.1935417970175,0,0,0.21612444188803073,0,0.2851293868208425,729.703467488834
26871.762389713112,7073.157077033696,2376.568237012409,0,0,0.4363598465251934,0,0.4078934901440356,2521.0583895257837
40860.42779281742,2012.4140845016918,1026.5740082238206,1,0,0.6561954330091267,0,0.4160443929350364,1113.396031948834
49702.37155738915,1086.8157393501706,511.9569390777469,1,0,0.8441845914774977,1,0.36272426875490016,502.0702513530953
44013.13003927814,6410.8920495891425,2527.5415312519794,0,0,0.6685198188818622,0,0.4450095400686242,2362.1477511351973
40274.97939918492,6766.146167324721,1259.126887573457,0,0,0.231915724577629,0,0.35111045203783536,1211.259052399763
50012.5531108057,1719.8916364242546,343.37224771959524,0,0,0.4072851678986365,0,0.2752820480231278,323.9452590708864
12000.0,6907.594870870366,1366.7035170209722,0,0,0.6624493451618441,0,0.2828277039736978,1285.0913680451577
46134.50383437089,5650.758466978772,1240.078698086853,1,0,0.767238177282179,0,0.31747109505004645,1158.4291233241368
30151.091802470914,4400.62012412438,2168.70640220937,1,0,0.8931630800155423,0,0.5494540003664153,2331.813865363422
16032.405237722516,6726.876445860387,2183.9952451723534,0,0,0.9741161729137511,1,0.4072707062938987,2003.1115263144118
44134.43119429977,3644.3693698922434,2167.7465059355454,1,0,0.913429297033999,0,0.5407303778479395,2130.179255021615
54483.9025419555,1954.9546716754792,178.18810540501275,0,0,0.5738623895102539,0,0.340183673588445,160.89441757812475
36350.6178244677,2636.3950745796024,990.9004640364315,0,0,0.7975436088758054,0,0.48005812782707596,949.9555253864256
49434.49456643526,4288.730137199861,2083.812404131464,1,0,0.3924222398194278,0,0.474424552387631,2170.0552166230113
57347.33909586375,4484.980945048817,2242.1539775686124,0,0,0.2510646356058942,0,0.4932396529803523,2108.8963796209205
53778.97344300857,6541.856198309252,4043.72107181339,0,0,0.24405521125278062,1,0.5288313701351374,4447.065790556219
57679.574352456715,6435.145427392508,2048.307038567395,1,0,0.3930445477433666,0,0.31424108646217225,1863.2626702428283
46905.52989286271,4860.249179034311,102.23000073313726,0,0,0.23003286811692736,0,0.27102377995150156,94.79754575171773
38905.203666819114,6355.891125241073,1208.1231442334079,0,0,0.8802179311479967,0,0.31369209006936594,1277.4406517941254
18776.41025723398,1938.3009372025324,634.0312974063403,0,0,0.591936605968944,0,0.280149541278773,694.3908685316976
35047.250142440615,875.4839531997076,200.97579179058658,0,0,0.8487200325534232,0,0.32213817756011753,219.22491647062776
27881.0408562057,7052.253669760251,721.1670654429145,0,0,0.951918621486455,0,0.2762451410442362,764.1827258723658
64051.312609973764,1066.6587032207717,534.2102402152536,0,0,0.9951263092404112,0,0.51199845001375,584.7450939001639
35889.37025081196,2350.1632230799796,1006.8774041114101,0,0,0.9497312075829165,0,0.4364629464934657,1075.5050502064316
39478.45768141383,5714.892122182884,2000.8132602949731,0,0,0.7732454377367854,0,0.3776478578000493,1823.9512906765121
44617.82451248561,3570.8595322048186,980.3034820995462,1,0,0.5535837214727712,0,0.32064012875347575,1048.0687479045703
38523.22935646945,7072.354774366316,2701.3724891019438,0,0,0.6783878712489533,0,0.4126213221561932,2692.6092020863607
58340.61248516904,2734.8484599670214,1011.0723581375361,0,0,0.8531970943276532,0,0.4220789585070165,1002.3272319360193
30528.207659186577,589.0351000201947,346.7375286601437,0,0,0.9180436040874675,0,0.5369538259522829,312.2390389131774
40335.289462846915,2754.917304205581,896.7045289296718,0,0,0.9651747748831048,0,0.42902569637067867,918.271557816045
29090.35297162342,4835.562868886237,1286.4066428941271,1,0,0.7844845592455918,0,0.31239167321009786,1330.55835028778
22159.72986535153,3319.5378155247,2182.4587204062104,1,0,0.6319628392973298,0,0.5556752106991575,2309.353610844965
30658.770909136576,4511.545668190664,2224.7201755867986,0,0,0.9746973678562056,0,0.46496784371358046,2147.2789951236355
37555.55843541906,7074.4858912626405,2421.93982350673,0,0,0.9668999694142335,0,0.393527917704762,2241.812215675685
32848.37330579288,7343.637906727764,3403.7455865900906,0,0,0.5820422700681691,0,0.46648827898353,3362.7987387605594
29690.948241513728,2494.805484905841,935.1813391350422,1,0,0.7189267123957028,0,0.48686287495520375,909.4241876115175
21124.190435937995,3966.0535495242552,1104.045647576457,0,0,0.847413718313712,0,0.363287394877168,1159.9397786827383
37002.733128455664,4618.580114310884,1448.5534343294196,1,0,0.5464632853478468,0,0.39517667048690674,1370.1689570990695
19943.355511627975,7618.343426661853,2031.532446445271,0,0,0.8635021013465118,0,0.3299226021086515,1884.5189672619447
47120.67156427523,7989.629893732885,1271.6477124002154,0,0,0.2891643779881891,0,0.2772684236193235,1256.4351132081297
38989.277035214036,2265.5543663114495,1237.863162493584,0,0,0.5849213766821452,0,0.44954299749361665,1269.5498824045037
20509.382006420834,5952.349035093615,726.2377728951797,0,0,0.5860899991111828,0,0.24092381136942984,694.4282123425774
34289.49107540164,3335.2329667489635,1855.752993145558,0,0,0.7477256449343219,0,0.4734129936609788,1712.6496301169834
28974.123132913002,560.8114766465992,210.2772770231887,0,0,0.2931304081402856,0,0.48917357040633813,207.71678913741064
41830.09412503016,569.3939182692677,248.11348113677488,1,0,0.2825683467602252,0,0.41405390031622863,271.03308037527717
54085.40535227773,3954.245056716918,344.9269660719446,0,0,0.9204758499244075,0,0.27557405166963,377.16483871514515
15497.930364251064,4162.51184753251,2059.3926170331247,0,0,0.44299317156268936,0,0.4158454469648647,2145.345753047949
39380.31294976901,669.2727243008198,229.0922521613597,1,0,0.4615379026464309,1,0.3950720644401014,241.79099214029725
36078.40645320032,5651.955625807269,2158.2043482426543,0,0,0.8214892373560698,0,0.3782153434725074,2030.2272059234233
46056.08091740559,2705.0254144621485,427.70399126230654,0,0,0.5319272288892553,0,0.30731646898099246,416.9817880009597
40558.359538852266,4699.19826151962,989.2891764083918,1,0,0.8663390032791349,0,0.33061754555583495,1010.0156065312046
28976.36801913417,2756.893048740641,1157.8565726644815,0,0,0.521174984931214,0,0.43417460346247017,1215.8458789498754
34171.35277200058,1753.507361519804,948.520992271716,0,0,0.8084798129661934,0,0.5376822023580838,885.2783425017536
28447.68971835813,3553.8030394915645,692.9666600907485,2,1,0.6202479662797745,0,0.5090739421478078,687.094235065343
50912.08566318318,2242.0502359287557,591.1802598272853,0,0,0.9486625010705849,0,0.4395848827263103,551.3056692271891
38255.739784063306,4511.00732689376,3005.3670930222397,1,0,0.4619111783669344,0,0.5541186665706578,3085.525382939414
60814.28822903609,1991.2139771485997,551.4638293300271,0,0,0.49015247603131384,0,0.3815367174403498,581.4813519316612
37272.07023422455,4313.044824834703,1760.4969362027514,0,0,0.9759892129952146,0,0.43743008895704283,1877.854644644367
29499.118797074447,1680.3388615165068,519.2783914846102,0,0,0.7900200783731559,0,0.4198290284767993,543.410832408586
19835.427288646075,5532.310321143387,3512.619607051085,1,0,0.8180538708994667,0,0.5081470024739448,3273.160923708519
16362.32388492866,6154.5326333106805,4092.8871727124783,0,0,0.4367813991576659,0,0.5085558060249932,4361.717774189299
18990.368683934124,1327.9567568745033,777.6150206118264,0,0,0.6256355178313082,1,0.43331904095453,751.8625751099114
41205.5198121378,4008.518090280044,1631.3529040814549,1,0,0.4508327883433878,0,0.4688007056136708,1740.9035796078933
44104.70027875921,1031.537754911552,379.9547639308862,0,0,0.407895109487449,0,0.4247112019556834,361.02546458552206
19025.711575614398,4986.3683415650175,2487.616710755638,1,0,0.6281929501017736,1,0.4416390619115931,2475.5285136022185
48740.45976891339,2483.03223447234,1256.248853518567,1,0,0.990208499399907,0,0.5418845738950608,1275.4874824997885
32203.267379798726,4457.1834262903085,1487.5176041257973,0,0,0.3716981177714844,0,0.3737247544311422,1349.0956261908889
39761.51614382659,4380.957570382184,2337.2406522404463,0,0,0.39401588727003145,0,0.5504113144693531,2525.94692210421
57346.64753906509,7432.657596453503,2997.783104889619,0,0,0.3945031906757559,0,0.39662313159948065,3004.703958713577
48762.071790386384,4618.124169265421,620.5876808517377,1,0,0.8333618092906321,0,0.317727587904813,582.3646640640051
34777.632225130015,4872.488597887367,1224.4746157177772,0,0,0.6083856488917316,0,0.38068066052891786,1141.4091789650088
27305.69329501655,3512.398443232852,1507.1410688077517,0,0,0.5078141253847532,0,0.4218333703338845,1563.3719717568802
12178.215184048342,7618.097023871126,3476.937610530902,1,0,0.875031867493753,0,0.4037480243289971,3186.080041261634
29370.16016909096,6328.894320797072,2770.520445145126,0,0,0.43799251068842876,1,0.44824826998135425,2737.1754135359356
35466.437134067666,2640.5396772713116,1731.6878914332829,1,0,0.5137743189396917,0,0.514053236851917,1745.6371518433207
26153.84567418579,6831.57189332174,1082.134575798451,0,0,0.2588964474347428,0,0.2579444684885831,1024.376957921426
36424.916394892345,3742.9727013881748,1526.4816268604225,0,0,0.29512808150001346,0,0.36093658774444504,1413.2777045340256
38922.22259550522,6715.003576501955,3780.8147158497877,0,0,0.3093848533769272,0,0.5108306187247063,3773.7873451965233
35301.728218303055,6671.660512201265,2801.5151491181714,0,0,0.4775801907538414,0,0.34694655387512724,2712.0503145988773
30199.969030118482,1916.526400721408,493.9641514006384,0,0,0.6192682083901548,0,0.35427519739231034,458.4226027742535
40023.85606360073,5758.558485376827,1078.983886158735,0,0,0.2005954519112649,0,0.3645927319783334,1016.4834428095543
43303.28779483291,2679.822269798983,414.32214904338935,0,0,0.3519458491998657,0,0.2590527261345116,411.9140823085683
24915.211070685848,2731.1950249450115,776.4878695519229,0,0,0.34052001615282484,0,0.32384206639053426,719.5014865885207
54931.18855695524,2722.6105766043556,1187.9091171286195,0,0,0.4026774790308134,0,0.4588917915281663,1291.5231432431096
36816.94241258886,5941.761856699612,1981.333920147811,1,0,0.33286474084258344,0,0.2938021984450694,2090.487912239851
38226.19547533817,2223.6953134440205,1699.2681870274287,1,0,0.35610254493112914,0,0.5910040362314464,1639.9833834436672
46498.573079078684,506.79376434567666,72.26511940977304,0,0,0.9871042887711983,0,0.29440557214219065,68.7726294685176
40798.59357516202,5864.276401119749,1925.5668626617469,1,0,0.6757842073236904,0,0.45529885682766796,2069.7130676158386
49437.63960695894,1783.8855787634395,344.53721468844805,0,0,0.8101545318825574,0,0.400729174324429,339.5020136861078
41445.48998242189,1283.61796480876,159.93546819752632,0,0,0.8554747016645508,0,0.31911933617352667,171.5377571878718
30650.751504314743,2281.3709044554507,1788.4385464331494,0,0,0.7341444779407562,0,0.5745106170056056,1875.1622124627975
42338.04230247322,3349.25391742028,1973.941192724019,1,0,0.7632642160217944,0,0.5182338679005275,1812.9141796445008
24275.28551215206,4069.297456049005,1503.6300952341212,1,0,0.7058267556282274,0,0.4511365892917682,1597.938958738612
39302.71646931828,834.2753053447311,427.7225281059665,0,0,0.7194987824370382,0,0.5085389553328868,431.1341322356719
37601.24011226647,7779.299994705203,1671.6852803967595,3,1,0.9427597033900756,0,0.35223073184685055,1731.0635885285017
35502.59771272953,5870.472900646686,1172.2366097568486,0,0,0.34859077910038216,0,0.2807848712303129,1106.3579594076214
36457.549862732834,2923.9554899325212,195.78475563824756,0,0,0.4197840286610154,0,0.3100874546677114,176.21687498366327
15417.811454028331,2890.22942964048,1399.0274192124398,0,0,0.27460683905498995,0,0.4162762987780642,1352.4924356646748
31415.301107108462,3864.0691202634453,2272.2060588490176,0,0,0.8698595703714176,0,0.5278706336081169,2131.614371584336
39114.138813693375,5196.836170722747,1459.14265068,0,0,0.559004258902279,0,0.40881235567747076,1440.2369813485047
39918.276703968804,1597.797999417258,207.5086869691475,1,0,0.9256836484380195,0,0.33208952450817075,190.53023535609105
25667.8983088885,1916.9736032371425,929.7083125254957,0,0,0.5293405705970979,0,0.4872575416523195,1003.1638784530801
53188.49409037641,6945.759371251632,3044.0606318830332,1,0,0.5540913264652081,0,0.42739480301290256,2811.9351014202102
27605.901821425992,2421.9119291680445,1113.5360341683943,0,0,0.5586852010300665,0,0.40144571183615846,1172.3719221408887
49633.48640632084,3351.4624848138315,791.2107486385545,0,0,0.6899944737448047,0,0.4278489888087187,860.7304069576943
43126.33234246022,7034.5388821258775,2201.2137872913036,0,0,0.8128992935726898,0,0.31294905719753324,2046.3489173429214
30245.272281874364,5473.608720498669,3303.875417055153,0,0,0.481033820893775,0,0.5261002859022746,3202.4311075342807
59303.73071131414,3062.8390950626626,633.98547263933,0,0,0.704132362737856,0,0.3203024289514316,663.2835247843805
23676.35801892224,5627.746592934655,2969.9189257705298,0,0,0.3631739494055478,0,0.5403007780202582,3097.305922659355
49029.850083320016,647.6241153606028,234.2612621255429,0,0,0.6432376836011598,0,0.41385705887510355,212.5871782479028
50006.98781651574,6017.31995008524,2407.3092142642713,0,0,0.637267919874944,0,0.3948178734709981,2200.6147827640702
29952.55749108026,4152.620303871796,2050.8795480800436,0,0,0.9109726925186297,0,0.45317428913331825,1895.0699762426157
54709.58360077195,6598.866104633459,4578.095858590357,1,0,0.9166761790797817,1,0.5974398650022821,4640.377982834182
34999.441824812566,7659.782390048513,2707.9597997262695,0,0,0.5897689266396605,0,0.4515630647647965,2466.9747247576356
41464.323551358284,7443.414121209263,1095.6376544728632,1,0,0.2196795726227072,0,0.3419148161809508,1115.0107080680857
41123.86206525465,7319.4878259150555,465.14689773902666,0,0,0.8756975604945354,0,0.28263811260007116,450.4912338283333
36388.295102353426,4341.274669504153,2344.242796101928,1,0,0.20049797645213757,0,0.4539104109201639,2423.670633713615
47729.69927791739,3201.065856042035,809.1766053333154,1,0,0.5826029084060349,0,0.334295981802283,854.821016943497
47521.864646626556,3987.764935480046,1531.1860331547418,0,0,0.21583212610676547,0,0.44096768660803726,1620.4233481243436
17017.61632114183,5674.220024850206,646.7604583573908,0,0,0.48207303548481834,0,0.3416195789402117,586.9525557543442
53652.08291453783,7129.9833265339,1413.6638215414766,0,0,0.7094117488532592,0,0.27962430247597136,1540.1005925563597
18050.096143571907,2052.3972725008966,648.1796224102744,0,0,0.4969607224432646,0,0.323518191740923,659.4120939008272
50390.55445209989,7386.448688462772,3972.992113641981,1,0,0.9415130868614852,0,0.4834795970269242,4287.41399077734
51520.461641931004,6613.851739774168,1942.0159233264303,0,0,0.712610906755847,0,0.39111904252374813,1986.7386784847135
24908.40283741762,7841.42011383676,4943.473572369449,0,0,0.7171550980437924,0,0.5400213854037837,4927.770161751309
33070.22854454498,7101.888299612653,1301.455095955524,0,0,0.49954963677549574,0,0.3535525692013718,1361.251391510457
24731.54397816877,2599.5299726893,351.9195850108625,0,0,0.2308348194370077,0,0.28916574171010806,332.1713544694457
35420.94763653517,1294.6693350803575,458.35783629888493,0,0,0.7905437787935647,0,0.4583991037692463,421.98496231522523
34303.588589771105,1341.8080399369146,419.1077656489973,1,0,0.7729957844355726,0,0.45082558426468955,384.78269041440666
47355.92638723208,2684.174889337071,652.066695537245,0,0,0.6241000216030539,0,0.3802683168548574,697.5986960272202
53723.7049534353,5106.3779298840445,2000.1431409296395,0,0,0.5330144314061527,0,0.40544768582925134,2165.132865255293
54748.20572947947,6532.402445728794,1854.5135113347078,0,0,0.6306536400068972,0,0.26582329680434913,1971.130513173122
31253.983681060374,7244.377302361735,1786.6516777043862,0,0,0.7974523233203084,0,0.33394651882620613,1931.1680827273822
35489.337515065665,5178.150382769246,2817.5642548484243,0,0,0.7702283446302922,0,0.4999391600864122,3090.7416238754477
17798.7416933486,542.234845610403,268.8437430901752,0,0,0.7264877298625523,0,0.4982923775434803,270.2448964522432
28329.559202045733,1897.3758238890014,856.4879166071802,0,0,0.9230218139226636,0,0.4386426369132228,797.1984946602937
49578.21959716949,1247.9465289002596,895.5626074199332,0,0,0.6879107018402428,0,0.5683221461412209,914.8935983621661
57386.99388257878,3224.9335667675755,820.2211376487456,1,0,0.21160771803602982,0,0.4317131692813806,796.253171931035
23187.813537440936,4260.132452253094,2036.7085641087717,1,0,0.6944510685082039,0,0.4208519271439912,1974.1606723744396
30890.42889016527,825.4788393392064,482.8655757230811,1,0,0.6900473965362235,0,0.4462243705172708,504.8657146446341
37683.130916492875,3113.584818467415,1324.9729227841744,0,0,0.2557089308043506,0,0.34525569951490476,1216.497571937399
41361.93390583528,1843.8475596899193,1119.565983345826,1,0,0.5421838034527688,0,0.5611013406419981,1016.013185287875
28284.757760940247,5353.026246941555,1396.45046806852,1,0,0.7208770095666621,0,0.3135066080014915,1450.988692475216
43088.73253356908,3982.04276993255,1546.414346098949,0,0,0.7636009853984416,0,0.41027877740559315,1472.4121676342002
32313.927835149007,4214.882352004316,1816.027871916575,0,0,0.914439700190371,0,0.4763189558778783,1774.4412677432651
37826.57274946065,3707.688410250958,611.7134428612464,0,0,0.8731047845679045,0,0.385741361725948,588.1787450467536
44555.4109760444,7670.147828649252,2753.635707074546,1,0,0.293241447448746,0,0.41322529356463616,2816.881877498702
38077.06723773125,2110.5134384117246,479.1064629315639,0,0,0.6870275413099316,0,0.3116134031955645,446.00169532147373
32763.369313681178,4374.981948829058,2328.0447045639216,0,0,0.6771851289573172,0,0.5030424743376275,2430.7524749842933
36684.68235289003,6020.130262740019,1201.8370375415313,0,0,0.44299833414207956,0,0.29709711934720845,1303.9756284842294
36939.644489535975,4676.333098509219,3055.046150524769,0,0,0.34728456489431403,0,0.540836280738384,3260.411661265826
33559.867641414465,7467.656642876008,4423.1281105907,0,0,0.3596069271951211,0,0.4602607899670347,4783.20344288748
34894.44724799477,3334.762667309631,424.9650285864755,0,0,0.3420382152320987,0,0.2735329563943379,462.11299442346126
57183.766046056604,3977.5685432988353,869.3377641276832,0,0,0.8450109379319892,0,0.43805211647777187,847.1408208356702
44731.033375294865,1163.917364110463,296.03031235981376,0,0,0.31871444052647063,0,0.40716784101573744,313.539923984081
34454.23618365008,5067.493332889464,2307.229048964005,0,0,0.41151358187344433,1,0.42764834512442124,2304.8413506342326
46363.45285412883,2661.589763360795,1599.308599639578,1,0,0.3742307236173712,0,0.5024821993962291,1525.6678497719759
33994.16612292788,1702.3177963667663,629.3047173619531,0,0,0.7702854659272254,0,0.44498201367084533,660.3775218475338
52077.495651039695,4583.984696783811,3078.4728694824453,0,0,0.3267167155137053,0,0.535453120536125,2920.9342226465437
42435.70630637713,4492.32697534933,1385.5897226405566,1,0,0.2192519620867831,0,0.43724808240303326,1277.4085687164404
36712.37427194925,1069.0373091803567,392.25905514362796,1,0,0.49938033753458566,0,0.3521098179862524,408.31183009986006
43372.603109723335,5736.615901208545,1781.5385757297715,0,0,0.4440754089207894,0,0.3868430501676824,1705.8427880296567
19149.486175178008,5178.291429881397,3088.810534283262,0,0,0.5181637639646006,0,0.48621573593108325,2968.9145072509386
24478.79037308234,1917.629620598729,579.2291816846828,0,0,0.8030525912907007,0,0.39607072954790923,623.3806750652622
23672.899923211335,4020.761466155329,2390.0895957027374,0,0,0.20989352711612944,0,0.5221952431790408,2215.8708146095296
39715.31713716448,5902.4218735892,2418.1217596296533,0,0,0.23016608139004707,0,0.43523654976510634,2546.2077433779627
58790.179993821104,4470.768054059574,953.5751639507012,0,0,0.40451570549264626,1,0.3629123819052722,931.8741848590619
64775.60175431159,3466.1680713767764,1387.890388511851,0,0,0.9113667890238608,0,0.44104832272578054,1496.9814462430172
45656.61321728909,2917.538435607077,816.9265596339079,0,0,0.335259600478211,0,0.3303164759894779,807.1796782860168
44010.133699333484,5077.953999830402,2507.9788164747993,1,0,0.9976303654252854,0,0.46768248149325736,2462.345083978715
16387.307190167132,7543.315237326804,4243.476064414468,0,0,0.8445540528570936,0,0.498700078712457,4183.953768875819
31487.91440319174,5538.086303581125,3005.413966181495,0,0,0.5649092425033702,0,0.4921207092136871,3208.393888701395
28546.594977101133,1060.5942772723663,488.12306780536255,0,0,0.7982897961988853,0,0.5449584168571633,440.3368157689661
30549.828820986608,3955.1373011160035,1079.8788357295057,0,0,0.61505209994953,0,0.3739273927222436,1124.1242835936541
35982.27417698252,7181.180986329707,2617.6939455229854,0,0,0.6527938117118874,0,0.4794841413134783,2463.3758164229384
32334.913067634472,1208.4681935081517,216.4286821799964,0,0,0.6646173935350808,0,0.25239347825738606,232.96926660010206
14248.402275490549,7916.567841031575,5501.501218975758,0,0,0.7189764102908971,0,0.5392163589875216,5364.98328627131
46974.923073410406,7618.02045234066,2164.654690070248,0,0,0.2486113520244719,0,0.3676911848314737,2094.9335772606923
25127.083691122323,1087.0586054740688,517.7913179036483,1,0,0.6931984839490801,0,0.5259693999994415,539.8103297194131
40870.96236933379,7500.599903371662,835.1971053112457,3,1,0.7735588654868086,0,0.3124366409677546,872.3548600497196
62888.99203699968,3223.4944269459666,1194.7371443262389,0,0,0.4485785080293703,1,0.455516148658131,1226.6870398249207
26967.38490096292,6835.318753068969,778.6257168595124,0,0,0.9828630643786858,0,0.32260154773628796,752.1225787074073
12000.0,3637.875032849536,2373.6536023681215,1,0,0.3155560688091555,0,0.5650878915888861,2426.0415861305164
34567.94933743867,3806.413345268869,1102.7634555592758,0,0,0.9283540180227099,0,0.372149973210132,1004.4556051819756
51211.51561998285,5256.82318233157,2402.107657289946,2,1,0.7411595263565733,0,0.5618037229287983,2620.785838384612
61500.169450647125,6308.580644569875,2712.6350132364173,0,0,0.7314515825509869,0,0.44137738431293344,2686.979894307571
23245.404866571,753.4186321118648,114.11971784968257,0,0,0.9008181279357323,0,0.29090851423067016,109.65712909037676
43960.39067883826,4948.669966453507,1311.4361208402613,0,0,0.8653833690405117,0,0.4051781542176048,1406.0638391545788
32416.27451863936,1900.4974557302824,572.6601360247967,2,1,0.47634754583955896,0,0.4887737043749749,552.522197166306
36728.61974835037,3094.621383974022,232.99374441891896,0,0,0.7642958418525692,0,0.2524394380746411,256.1614038887451
69732.12016420442,3109.7649961641237,1372.692048030647,0,0,0.24048206614954248,0,0.4649988291380889,1425.0189447505375
19964.35605925816,4017.9525516586523,375.260799442998,0,0,0.5712147457806478,0,0.2835710522244686,386.4869541114806
41044.87593793488,3006.0230890713005,1460.773082554953,0,0,0.9502218085794516,0,0.45071757921943845,1359.0613693687774
43612.3180611852,1305.2083883800083,544.336034271768,0,0,0.419271558241058,0,0.3697886321953534,556.2964797775596
51029.43589927217,1592.2155389408858,893.0954831456927,2,1,0.23997663125241325,0,0.5814457322483703,831.4942104266921
39175.79784165075,750.7848917082325,50.08802869599775,0,0,0.6663559935531325,0,0.2570259206572637,52.92906332270317
41696.60647404923,4026.8681399656575,2681.315254880574,0,0,0.4840798104531685,0,0.5617787437902196,2487.403820820645
33300.21719093851,7658.357711397414,374.3945311570179,1,0,0.5037467760793652,0,0.2566003789478227,363.824078619122
41229.52329494129,1367.564177360874,616.6664874520036,0,0,0.6659657496454521,0,0.5602614916073952,613.7968650013049
33881.69269403107,7596.983697523116,810.5285275558268,0,0,0.6972712474785756,0,0.23659207998222856,860.0021454994728
45458.862678272606,6000.211360490702,1765.998133517817,0,0,0.5498575724655959,0,0.33259289201054526,1812.8889863104255
33564.67596747639,5281.241022006224,584.4437419673229,2,1,0.6060393937515871,1,0.37819537460129,613.4283363950849
42525.20472682624,5339.583164926722,1286.67573565508,1,0,0.9946046053966444,0,0.3730000560880204,1220.7912757004895
37648.84623578026,6700.457362972115,2861.28330056616,0,0,0.9657183664276441,0,0.4290676533954943,2710.930559075357
51512.60300926602,1301.8989828486601,535.2097040831655,0,0,0.7658536576194435,0,0.41050107901919963,522.4310303179425
37383.27531693817,4285.6574267415635,1166.375184995298,0,0,0.32918362155118597,0,0.3246489681175897,1054.0954469301234
16723.61038151742,5728.183536955689,3267.5283977343443,0,0,0.4879680671900274,0,0.5238529222599762,3483.6454274371013
53143.058008567896,4901.153338051728,626.6037356829554,1,0,0.9064705792694607,0,0.4169123094639432,610.3081102058964
27131.212389648572,6745.843032674709,795.4363837029904,0,0,0.5388527329433479,0,0.2606893911604775,726.6396695734561
30154.80393621416,1042.037817585136,122.70687648832194,0,0,0.9642941195010268,0,0.32597562376662115,131.8415559114268
30852.064471478094,5680.257796243744,1783.0024857038186,0,0,0.5906414266072229,0,0.45401940278986663,1949.829613479221
54493.257118049805,4505.207977885383,411.51987097815555,0,0,0.8894153073641013,0,0.2967420605115074,423.5843610002023
12371.909432255656,3343.7064798495758,1169.6669069526442,0,0,0.2283031196223984,0,0.42094252369048535,1136.1181173435345
75652.98240391992,3052.0623667552313,1066.379721127767,0,0,0.5473309558342199,0,0.40400366369557833,1047.9861610045698
50672.68170879262,5156.244745806446,1371.3381917551235,2,1,0.7602094805993251,0,0.5412763463432267,1304.4595814539014
40678.86696954992,7182.465309831986,836.8372753634421,1,0,0.8908516258745942,0,0.3343522375150065,872.1978931447272
37341.27199260456,4221.319445758365,2135.544074307933,1,0,0.6877063142569823,0,0.5231731278111938,2074.071189135566
41426.64889829188,6685.423730576901,2379.7404673134383,0,0,0.3386096207528951,0,0.40497755687956327,2157.2270200847493
44253.46914055206,3516.1728638297564,1078.512998482901,0,0,0.9086353321860698,0,0.4151924992053846,980.6190011010667
45742.58703140068,1267.958470948824,298.4324672597456,1,0,0.6598505301391657,0,0.35293442776418676,305.28146635148397
44667.25359204138,961.2930234397891,374.8872912600092,0,0,0.2864145454005691,0,0.45637052571476205,359.1708169170928
39074.96817506298,885.0077849275817,581.3215405161185,0,0,0.5710774219118677,0,0.5293350784583982,542.7905766427016
35631.938956312086,3351.1260646825244,733.9033171783664,0,0,0.7591547148210367,0,0.39530575618784747,741.5894939598526
36184.72059615786,3029.2831312688154,602.3118151388774,0,0,0.5608125970531035,0,0.3612601955700359,575.621751679994
35661.10063576783,5884.527677169272,925.408479243862,0,0,0.8966320858116434,0,0.30244260572412307,846.4406519949863
51605.241162404775,6071.161261886494,2223.434245969091,0,0,0.5389554516486175,0,0.4498133866576108,2087.1743646594387
45122.68066737034,881.4047662530487,417.3920987375597,0,0,0.666762151626529,0,0.45048640037679916,440.5913125503951
12000.0,2158.424471667612,341.1357038926026,0,0,0.36893634880152243,0,0.27174000933371767,365.15243980714496
45870.80931835713,2556.9638761917477,839.2406694540605,2,1,0.6101490800360893,0,0.4864818371383539,901.7049545000832
40336.834336625296,4607.0898810710705,1409.6060367497278,1,0,0.37828584794618325,0,0.3768196230197017,1419.4261631648803
37775.49492264923,1583.864179302127,598.8201433649219,2,1,0.38014971835956723,0,0.4738301650018057,652.8278676757772
33337.77856293337,1504.5591455000026,612.5886440871234,0,0,0.4239220337945936,0,0.4531805253798763,569.911899273541
51489.35263983216,7578.416669059685,2041.6703577008454,0,0,0.23535941395814008,0,0.3880903122046748,2114.4992537872413
49370.317545474296,6531.521804733357,924.7291652972054,0,0,0.33064771339181426,0,0.31309892683866947,962.5064928299955
28725.46798611669,1854.9117656837773,274.4843291194917,0,0,0.5394885002664491,0,0.34928963644597694,249.95560815063882
42884.62744549442,3549.2585592911823,763.5901301528761,1,0,0.3048483989658688,0,0.3322088766074254,730.3659633788158
26340.11918550457,3167.1649944317414,1316.9667750517501,2,1,0.30670780041366463,1,0.47762891955197256,1435.2430700278794
21444.582022532835,6432.530555490554,1091.3140903074273,0,0,0.9743454627045414,0,0.300346305174974,1147.8504691630205
30479.393304920417,4326.596873585915,1604.9343754078675,0,0,0.541677890557765,0,0.38365199457576565,1461.99697145317
48348.721668593105,1458.8730274510026,532.9545659625453,0,0,0.5229861596978951,0,0.3997594819939139,537.3028176292686
49437.50054451304,6042.440473671829,4569.752907099135,2,1,0.4141885238719863,0,0.6944027813672028,4705.586236545186
44157.025041167515,3476.659836686892,2047.0259958905242,0,0,0.6099577272859746,0,0.5958880301920665,2240.7087974821393
46701.14944217596,2471.931857241103,1103.735480080801,0,0,0.6768519213264426,0,0.3894579829741946,1151.5126857719904
44194.1394453795,3316.2396651554013,879.9125691822063,0,0,0.5345484175675943,0,0.40493596138732535,904.3132406873065
30302.220857324573,4233.1742270517225,1153.8451867510928,1,0,0.515046813164068,0,0.3325321770116187,1248.1206764770268
43183.07053608729,3073.3663731275706,1203.7224830730554,0,0,0.760341346915244,0,0.44460772132298726,1242.4672445874558
47604.914302732184,2314.2932944381837,355.1012646021875,0,0,0.9598213607088948,0,0.29357108036281176,385.79068264853214
47051.49595776289,3488.7652160298526,1078.4348856210668,0,0,0.902257656786069,0,0.3983761729787925,1076.8767973147396
52266.96045769571,643.7968306242368,380.39794034229146,0,0,0.2948962135243113,0,0.5811644243287301,397.026277855453
46499.646166412764,6293.733845722354,565.6634086314804,0,0,0.7218469362937916,0,0.23113321421675645,580.5691664551894
42217.378490498995,1782.0867017568935,315.20010051347225,0,0,0.2056380900008084,0,0.3420070161250828,318.511342088692
50841.80285979713,829.2846022297794,564.2427597419448,0,0,0.706473421880665,0,0.5702984375476714,544.392088703709
37681.74488901128,5402.740196788094,2564.341318446683,0,0,0.5714828711399462,0,0.5045235102548853,2771.426460348882
27417.504185267386,6304.520966177542,3079.5198744636573,0,0,0.5928904418750665,0,0.47268572971653006,2937.8894617605324
36043.196432674835,6603.718486946324,2990.767170926854,1,0,0.6704204862816894,0,0.5915581508719618,2787.0297893230845
29061.16826232261,4201.3188699545,703.3341845269772,0,0,0.7941243050311357,0,0.3727028583364212,733.162602941255
29897.86070030742,2040.2613851748897,883.2570354851658,1,0,0.7835662421183556,0,0.4700678068467767,891.4806599932806
36265.77595141379,6029.2075793737,1285.4710988066915,0,0,0.23558322523734462,0,0.3606884129621907,1224.5039462791765
28490.960948000466,5747.848078657529,2618.8944598816593,0,0,0.7891955090411946,0,0.4787142243057404,2812.853793738346
34304.46164433152,2347.0305057737996,584.2065158937482,0,0,0.8638527845353232,0,0.3674868429312631,559.2266716647422
15276.623996554572,7275.558168970947,4881.322457022806,1,0,0.254538099548482,0,0.5576766505529043,4455.458385376496
40559.52448847526,1282.7859356212175,160.5603138967874,1,0,0.4583572805421491,0,0.24560506862053705,144.99773949192468
38014.465704346694,7870.161796934943,1364.5771665370446,0,0,0.8336512614656246,0,0.351437628313387,1479.980825758112
28194.93642718171,6951.858582330985,3369.1858173205205,0,0,0.5944854525613619,0,0.491073189106828,3303.269785752228
45910.94802118886,5659.239841093064,1730.775205682694,0,0,0.7559128550479648,0,0.4018153949415797,1631.5979463577005
49250.8416515187,7540.624162098747,2988.3380386856834,0,0,0.6018526460785076,0,0.4435267837575785,3028.442380524274
18709.28162757231,5917.333762427808,2709.2139399785,0,0,0.982577959846533,0,0.48644531326779045,2702.6498747970545
28847.30265720543,1928.4274777253445,728.5963392467008,0,0,0.9489544582930893,0,0.43847192547961644,801.433044728221
28770.29180255242,3816.171035846088,832.0829203282019,0,0,0.42491619352495924,0,0.3516219444589346,896.7365912321203
26721.162786693625,1036.2726824872652,256.5367483327622,0,0,0.5087078573947952,0,0.37463730164194947,244.79261395332958
47953.698103180985,3422.4306671608656,574.1022126951401,0,0,0.545076798268255,0,0.3747184347051155,596.8033023735347
35674.08633472636,6062.022648029065,2980.431827585283,0,0,0.2833634663548679,0,0.5299295926785121,2913.1782049976296
34825.82190427267,3398.32513198113,1772.649368632393,0,0,0.5232599575035569,0,0.44539947485112485,1724.5884703710637
13953.651627118958,2977.206316011006,495.57597374104523,0,0,0.8198782569493022,0,0.3092067419635312,482.4042907566641
45625.016362510716,4965.167918827339,1536.739156341591,0,0,0.8775170251592932,0,0.42737337139042036,1579.5389310850308
23128.899261758328,7041.533967491712,4505.037958335687,0,0,0.908906200350609,0,0.5602665317695684,4539.261713282637
38719.19156319594,856.8739440958432,308.30548197293876,0,0,0.21164720013717986,0,0.3864388144025383,324.03213980435237
41328.5232554983,3391.0282602480156,1731.916632545853,0,0,0.8310448309986869,0,0.4823615517304189,1611.7167156197172
54327.90315006381,1686.8055636144704,416.3737401713894,0,0,0.6021021475881876,0,0.3925801297805418,410.16369625457503
22294.155210570658,5715.156880489022,2533.265113851325,0,0,0.3649273158629113,0,0.5262043227226637,2715.8238791428766
12000.0,1292.9342032335117,548.8907572301163,0,0,0.5989960180091489,0,0.5351979246331652,494.3490623335587
40206.194537044335,5486.058189351834,3694.14934783342,0,0,0.8754083733454339,0,0.4803513695768205,3785.3891099210737
59606.13417813025,2646.3565309843048,342.4348067680105,1,0,0.5473994942085009,0,0.34228134960250645,362.004067107417
52867.35623527325,1991.8761030291853,1531.06101772892,1,0,0.9923688644792192,0,0.5708576246414907,1495.4958396417305
40515.91298329551,7522.64418368739,4280.392739827024,0,0,0.693346547734804,0,0.5521985626073992,4608.79815810571
32100.365772415433,638.934325594669,229.11568169209662,1,0,0.5918109353165935,0,0.3565337737753972,239.91581472697197
47685.47115964773,3783.329539171767,1844.662669154117,0,0,0.4359114622938807,0,0.44207298982472953,1883.7872970331862
26317.445603546374,662.2024434634534,194.05825558342818,0,0,0.20884085011122488,0,0.3748997873888432,182.34965285941865
43716.293232274635,4126.947860782468,2068.7842535209566,0,0,0.6884386853514435,0,0.5023940777418534,2139.1659248401666
44065.641909999526,4257.855333458137,780.6602151991742,0,0,0.6619964370850941,0,0.31768722900502816,832.7719181228387
50722.51888998656,2912.4685354606027,1151.3316397063925,2,1,0.6134514841860206,0,0.498758226898578,1204.2719511347204
71115.92046693293,1491.2133314376774,570.474949013944,1,0,0.6301635631829305,1,0.353755630270663,579.0157420206405
42708.9916061452,3322.906533008565,1877.595081361912,0,0,0.8748178969151714,0,0.47768678994383196,1958.172764764052
31892.436491510016,5541.972049494245,1467.6534518735118,0,0,0.45349593971218466,0,0.39621916762193365,1607.6348839767925
37693.10825369607,6367.968564833443,1048.3093388199227,0,0,0.6402031552001657,0,0.38360035767590783,945.7436632562533
16771.08914133058,4480.6295179110675,2774.7009578956745,0,0,0.743958100686837,0,0.4869499506676235,2865.67153689439
29663.442426931302,4923.757958298167,2126.5129658086144,0,0,0.3678551415428488,0,0.406378334863515,2251.1234701621793
33088.610742642755,2004.6227834348952,636.3810338498889,0,0,0.9398555320376192,0,0.36338454872412285,654.0586203884425
31710.93922478489,2654.977499207371,906.2428562320223,0,0,0.7896980198191286,0,0.3989084804938251,865.1161228738341
39828.258464404666,1714.2170753926882,994.9840790230181,1,0,0.2426363201248588,1,0.5189437842758472,1059.211773214852
28130.96081141359,2369.715125034585,653.7414412049582,0,0,0.8920853583503432,0,0.36187508492371623,707.7795929515655
51452.36800789366,2186.6508516914882,761.7788151014119,0,0,0.943896116288097,0,0.3435453064018546,789.7368185285458
38002.48477901836,4395.865897934282,1431.7140617321124,1,0,0.8349360385790041,0,0.31529588640631245,1434.8707636163144
37888.39614633663,4720.165668430471,1815.0861724452552,0,0,0.540979681354935,0,0.4033110495078203,1766.5583472169349
34065.26340184498,7587.105656161284,3090.538214523961,0,0,0.9955015197742283,0,0.4545893044535123,2985.4949977569477
39862.28820630775,1966.7798532614229,1349.5908080561326,0,0,0.29954871952872886,0,0.5590576829764455,1409.8440037433963
47901.17917601162,5312.56782621122,2701.191368223338,0,0,0.6292846730828603,0,0.5461512028404876,2759.063524704279
27594.437411469196,6629.444517406421,1559.3063288854655,1,0,0.33631264325803156,0,0.2950870066089083,1452.2913143309831
30102.60213109692,4701.810978372894,949.3911001066666,1,0,0.5514790422769762,0,0.34495065272436554,881.2431700055888
34355.287654680025,2412.527393758068,443.605192491229,0,0,0.9419394453004641,0,0.38852601431640854,405.5526684279932
21849.548918321423,2469.1267251500017,1192.5539572917626,0,0,0.8354089027213332,0,0.45539345218031696,1236.3235303382073
28168.905683342025,794.3978980324994,301.203035746492,0,0,0.825665553224272,0,0.3695244236619988,290.0202327475954
32285.349517464092,2790.8316991136126,791.5270590523671,0,0,0.48308304078545716,0,0.26944640826532873,715.5788455335008
48492.67016855273,6084.527592525351,3408.7898428925964,0,0,0.9474161419548326,0,0.4893627456831263,3298.135572104164
41150.7359480231,856.3831790533278,486.91748980142944,1,0,0.49460874452319437,1,0.4853777830493744,519.2601711024456
40323.07893641053,2144.71461878623,144.83177110895588,0,0,0.2319787485759501,0,0.2544084993488239,137.52247457502926
48210.77554601566,5796.743738988364,1089.8107388867797,0,0,0.7102410099687715,0,0.34658387787158446,1118.9194517813883
36351.53853920724,6369.886721171575,2518.2543230162296,0,0,0.49011809322071465,0,0.5005260942891683,2487.869662144136
42685.57819914667,3914.8880754644633,1164.7212757286286,0,0,0.3229799105884129,0,0.3289383930655734,1176.1112916738698
36761.33896481004,5735.557538589866,1476.8538089148803,0,0,0.9477264496432733,0,0.32744483868818297,1505.142266535333
41184.34819279554,3409.64126491169,1101.122414852447,0,0,0.7097916272273948,0,0.38943170607906813,1091.170686462327
31006.896108661014,1699.3493376809563,857.584739761725,1,0,0.9524237516081846,0,0.5059278536619665,781.749523210686
12000.0,3486.121201421799,1942.6733388432167,0,0,0.6663829458352655,0,0.4853741823077394,1968.9753551694587
36388.65005376435,4849.758651523572,1443.463181303231,0,0,0.2510909277006178,0,0.40726225847433906,1413.8793492371888
55072.977633199276,7610.399613896677,3329.6830040232217,0,0,0.22395241096830087,0,0.38930439578529635,3129.8220484489934
49114.58482689911,1015.6321406650799,327.3405113005416,0,0,0.9204491480018315,0,0.3969393160370825,353.2991509809594
49584.76981509405,4305.455703837204,954.6293739499217,0,0,0.23098234950296642,1,0.3492200426284205,999.7007084323152
52833.56866167461,2966.898336580433,1189.2129470016157,0,0,0.6921406377462236,0,0.49310206767115444,1137.8551798229214
39063.89109153725,4312.3377070752085,700.0764147369455,0,0,0.438380645953892,0,0.36842758180472857,705.5310147476796
40367.78848886715,679.8158553239875,313.7039536420614,1,0,0.7501265112823738,0,0.4622331123983798,342.76004017015083
30588.1772547878,2847.69016026186,1559.9398886436527,0,0,0.42777794297371685,0,0.4584931046868661,1480.526959214117
34207.125727675404,6649.011106452537,1403.634346726585,0,0,0.22977773635959198,1,0.2516401812978591,1529.2271910754118
45389.253797253696,4654.563003909781,1782.8375885364974,0,0,0.7846707782391318,0,0.38696297866325496,1848.2182882211962
52446.613246025794,3879.3686961208805,1848.2804806699653,0,0,0.44872210421083597,0,0.5518521744837924,1863.3759961609842
36326.644691828005,2641.4380378650467,1428.2604494069142,0,0,0.6406391418079062,0,0.4208323503287722,1566.2897366215045
32597.72882178306,2735.3189209351694,1394.3700259778532,1,0,0.8190926559481597,0,0.44284512319468233,1347.9957501355902
38006.33550627917,3373.2607519293833,2098.024919165515,0,0,0.7622586414640045,0,0.5349907287173413,2004.9696201551715
45214.48098714938,6766.780324734203,1972.8898078176119,0,0,0.47885688416371797,0,0.43183905829032343,1909.5968492691363
20673.7422063975,7754.099051062013,2531.0369575767477,0,0,0.7982613273810379,0,0.3457367575852214,2658.0233348432052
12000.0,3789.915360127809,533.2425051419905,0,0,0.9405448056200687,0,0.3318792345346283,515.8594977467714
31393.557806101,3450.146290608214,858.7260031717764,1,0,0.6879796740128357,0,0.3305348553324974,790.5023443951724
23351.450889030097,6849.130818648971,3666.627199748357,1,0,0.7628048485156349,0,0.44214733267263323,3772.4549313664597
31902.317628232267,3701.789904772277,1039.5881677372836,0,0,0.8927265117443011,0,0.35256661910676895,981.991573443846
36226.63617419034,4640.136292217384,2632.8921602674864,0,0,0.8749124930234227,0,0.5035297800220045,2371.7951272858504
32561.01909172384,2232.0624844905833,1093.74730001462,0,0,0.4812810619886261,0,0.41974243978563447,1027.9381517542636
55429.610413648945,6076.269018343064,5091.6811341899875,0,0,0.9933604774211144,0,0.6717025319530395,5416.678486113091
41920.93717522784,4489.912387030864,1158.2647933964124,2,1,0.22285280003764055,1,0.5240715054905487,1260.2495696074138
41605.69231532994,6567.759126802563,3253.2920371755927,0,0,0.9893660574150105,0,0.4444925154333137,3358.6679863750164
45466.48572852083,6355.495475215022,3001.5179039292466,0,0,0.3967977067092866,0,0.49365583528774587,2887.754242683405
24334.00258663077,2112.5357620252144,726.2422828097768,1,0,0.5523496403641983,0,0.3436120497683926,717.0186204598739
50469.341449043226,5867.266629183218,1441.6545794013412,0,0,0.9069509902597714,0,0.3531860392893711,1353.5835381200418
37090.82856157448,6500.408059635285,2278.441985971329,0,0,0.3954630708219347,0,0.4412278718011331,2451.9580675653483
46045.76740689455,3095.804305867963,492.5934888385307,0,0,0.3798253080720473,0,0.3502901389124447,508.9063687789816
25137.713203518135,1794.568346767059,773.1655600487148,0,0,0.7144870097504661,0,0.4497030508172165,708.9019866691307
19354.894807807228,519.7411668469114,185.20751057065493,0,0,0.7643604204762215,0,0.45833828867990617,180.27853433174815
47814.675896300345,3881.777398198611,1568.5962992389254,0,0,0.20597654736082183,0,0.4023801940012834,1580.5247201628579
42516.9143131702,3143.245486541312,1016.3210992148134,1,0,0.5603553887806294,0,0.39901666542049624,1076.7576661652201
27175.381347709874,4661.823753690567,1329.1516900352694,0,0,0.5912871823044961,0,0.38039470267381775,1440.9345701984162
27564.043024703667,1910.3081944158932,592.6595355105368,0,0,0.41746815977756335,1,0.4064224608159423,549.1196158440413
51505.21741297723,6947.491607498564,1097.6993251276679,0,0,0.6368877717031238,0,0.3453293678020563,1171.1476076555718
23727.057285592065,2433.1641172108225,1181.532673583863,0,0,0.3236620845377252,0,0.4167242155003314,1078.9245425764166
57712.07543907156,2198.2220381573748,683.7557100775186,0,0,0.4588846414859191,0,0.41729181551252237,648.2674856005151
27192.551184225573,4105.355423632669,2008.3128828984402,0,0,0.7705913868436387,0,0.421900965819109,1815.9214459875423
45660.70310730059,4241.382678082056,1171.9262440094558,0,0,0.8990292302954432,0,0.4111587337238946,1069.69405133898
34056.578291012185,2113.1392158881963,785.7830364187402,0,0,0.6715031693705644,0,0.487392262414807,712.2997790372841
45238.249172988115,2538.9554504443686,500.9962305877275,1,0,0.2598756314729584,0,0.3187571434060783,465.5264850230987
31470.631974629687,1772.789293664337,1239.4541361636836,0,0,0.7429966958120333,1,0.5270433397742523,1332.7919922252531
36046.485127132466,5888.45133742375,3626.697790397743,1,0,0.9180782567117578,0,0.5936714593701798,3469.8986627949507
38491.03010474865,6275.667734405614,2772.3071540042847,0,0,0.6034512343973457,1,0.44610103658555944,2761.0600948955894
25973.750530622325,3967.46373094462,2332.158785646669,0,0,0.5949535728824522,0,0.46071645435604325,2326.149450636463
46889.89214504151,5855.652670137631,2604.3328443549544,1,0,0.9931308635618308,0,0.4133645657212541,2862.298749253101
31841.437202340978,6019.515439530841,1687.2727958692892,0,0,0.7090382300368343,0,0.34154600149386766,1641.606052613636
35256.80101591978,1537.0664575835644,460.51742588032755,0,0,0.8448231213329336,0,0.4330101522674622,438.88225534350164
26067.807504697856,7746.335186259025,2539.2079143627534,0,0,0.7171947882209695,0,0.3570387138722068,2774.462835982876
12000.0,6657.739603223233,1569.053418752379,0,0,0.37673254925112865,0,0.2623843757423648,1598.0889553324505
35707.66684879797,2033.6259589686763,488.69831977212885,0,0,0.4272625471970127,0,0.3561344524779378,468.12230635766616
66951.38505935499,1896.2377680955267,998.0054747194438,0,0,0.7325646069991534,0,0.4986467055584056,955.5874349784134
47415.251454776284,1442.4585918468706,360.89517701115636,0,0,0.5648569040575291,0,0.3854631107105109,331.03923629064036
37768.875443187266,1537.8392190643879,315.80687091856873,0,0,0.5234782321729132,0,0.23395164766980403,319.3987722295104
34845.31004950079,6111.213492715221,1868.4050609423275,0,0,0.21796156270511455,0,0.38021221198862537,1951.9929762431098
38269.590713744554,4022.406927137177,2913.7957096328405,0,0,0.9074952539189571,0,0.5587590454656307,2899.0599442080006
44565.42938210252,6372.006295549004,1646.460382951363,0,0,0.9075982318694298,0,0.3830617600901661,1773.05240271173
23830.24621629386,6096.911707626541,3845.2824673111545,0,0,0.5687768997797732,1,0.45435848420623104,3832.950480231317
51371.86033602647,5034.595351289162,394.3708796330167,0,0,0.7605913669005455,0,0.2912610993810818,382.2525201453331
46584.57578529493,5647.749549340097,662.2569565607017,0,0,0.342255482988249,0,0.31002691874055377,629.2477982714539
46618.22870849521,637.6679328435634,435.8869395073105,0,0,0.6030488196670354,0,0.6030177062835136,413.5079222418637
43261.708865716726,2838.3323510376645,1443.1493705160035,0,0,0.5510925135198842,0,0.49295178394014505,1390.189819961316
38235.39989232788,5283.666344445576,3941.3083960609315,0,0,0.7252908566492942,0,0.6134969333339007,4329.11335677085
46074.33483160184,570.0871511468315,333.8686448086157,0,0,0.5757167209153633,1,0.46403179481053786,324.5755129466606
45101.76960489654,747.3270776194506,319.9934454968549,1,0,0.5987474261351698,0,0.4383826347197498,321.56780655304334
33751.511468707715,6889.159868527874,1734.7761005392626,1,0,0.4365699656106856,0,0.4153870617320378,1656.5984613793166
31116.77872523719,5630.186462690538,3879.3522804929967,0,0,0.23873853464366424,0,0.5400894926346981,3602.7822889803547
39222.27554314384,2490.2729984025796,1088.2297197144012,1,0,0.9336206072139126,0,0.4775857039438842,1119.969776456267
56588.24181794225,5659.721300890317,1530.6138155724143,1,0,0.20978529880593932,0,0.3329328929930663,1544.4566995190853
23130.71509215319,6443.425018544474,1489.7020759257857,0,0,0.4250595428490616,0,0.3446687293310456,1360.9400903846897
20389.69681097072,2800.9571233257593,374.0508584350853,0,0,0.558088625755441,0,0.24517366953771685,402.6872128158768
39977.1300948382,770.280331243906,429.46138408954005,0,0,0.45527388343392206,0,0.4972144051902999,430.1236059508614
38610.652422272215,7495.843435158009,1007.3559196355792,1,0,0.6415342960506163,0,0.27659035838448487,974.177601294395
40080.0999724449,3088.8487872172286,2183.5490754326734,0,0,0.5692904121364131,0,0.6136849590048663,2305.5479136124254
40927.438374902005,1298.6132246352977,680.5795387768604,2,1,0.40438098869086353,0,0.6669557044535597,627.7788461596726
35321.57294438234,4188.926535448605,2443.8346958942857,1,0,0.27041610472435196,0,0.44323403398321937,2431.019315153793
55878.361263224986,6263.508467481003,2689.261932589279,0,0,0.3100282164673356,0,0.39346706650479635,2715.494332244582
18789.152258281814,2162.3548596316937,252.375095242688,2,1,0.5890560554056112,0,0.43923744386921926,266.2620342670119
28058.035702637048,2521.1753760002252,963.0789553676974,0,0,0.8767564271885915,0,0.39102415731088386,938.0860209860974
36760.942878211434,2320.362400989374,520.6760282388386,0,0,0.2805111135375842,0,0.3473613144479186,557.6402760445613
18281.734266149993,7937.547896237586,3086.1482875070124,0,0,0.7417651081628087,0,0.4851798398484305,3208.157870011226
35889.74714681515,1980.528002979069,103.1475970136908,0,0,0.8336729166764874,0,0.334780773647002,108.7397514315433
57937.64198873621,4816.40162724593,638.3210965602906,0,0,0.42141782265178257,0,0.2572154371559618,698.2055276239877
38250.63785955154,7439.484812427232,810.8559188017898,0,0,0.7345915942815195,0,0.37612206407094856,866.765016043741
40768.4108686242,1601.7242665833444,834.2740679290562,0,0,0.7493263557463334,0,0.5109913024371465,808.7099696777279
22878.022817929035,7781.406484007752,3494.4418725353307,0,0,0.7662341848211411,0,0.49211821616218354,3596.347527499883
30603.66310352627,7606.079257967184,5254.9714387692,0,0,0.91264727327959,0,0.533968384611804,5642.380116190924
33497.643436112754,7134.289902936969,2692.6129541346268,1,0,0.5188208515928843,0,0.38883136890793174,2706.141494675029
34187.418838925194,2109.1739099750166,662.1838866424413,0,0,0.3949513101371411,0,0.32136701301658505,686.3933096886856
53379.72554004523,5255.412920082375,1226.1149500341683,0,0,0.6350758943098158,0,0.30502392186679894,1145.7458561497851
44692.2927287015,6206.686047209301,1867.6554106313818,1,0,0.25003869858833233,0,0.4126406428414695,1985.6592122666893
24662.504516755616,7895.209461473223,1713.6391761097727,0,0,0.4671367441603616,0,0.3659333430215318,1801.8781009307297
40958.05734118406,1853.1786656102781,219.76910114496835,0,0,0.9065801013710704,0,0.334728981186897,236.8624724903156
43978.660981961424,6245.194246394723,3001.727454507047,0,0,0.6256460481953705,0,0.475557655668301,3127.8893101201156
51681.788462255194,3041.008774453347,873.9660612397585,0,0,0.549340243391674,0,0.3782332127775961,939.8457267600963
56966.488238820486,1817.1984917600173,1168.723561454386,0,0,0.41254712856082487,0,0.5111419900724967,1089.7683601712272
25818.869698065577,3660.3270591039122,1598.6567445954247,0,0,0.40030054776493984,0,0.43504486475293713,1698.9396375258357
28269.70986547594,6453.769341114623,1072.0114050769234,0,0,0.3892896170882554,0,0.36050574392246665,1169.1286183932027
22909.065693024604,3986.373527780391,1827.4145917592161,0,0,0.8633869344959055,0,0.4887632258134651,1942.7272863901962
35191.76169071622,4531.423251522863,2571.779000788217,0,0,0.9880162977542477,0,0.5153427700359036,2631.0471558238414
43596.300493356015,7963.695576500909,5205.386542871043,0,0,0.6278387466184898,0,0.5064947637331739,5649.40612313783
49848.01419906922,3493.319746680695,1346.3882090828365,0,0,0.2638667337382506,0,0.40402476747921473,1237.1924433847655
37088.58771628972,5115.505660319299,2508.78365161492,0,0,0.8008312367481523,0,0.4165251664889185,2266.3672117018295
34161.829720941874,3239.331512115289,1009.8125696548684,1,0,0.9016435387362562,0,0.3758337366673732,1103.7898101081646
39821.09590698488,3445.892347465287,670.65141150998,0,0,0.9449825367916098,0,0.2706462709317546,695.1979497210028
27978.28518043972,5717.305650840561,2876.26691434397,0,0,0.7030202768171081,0,0.4627780830274798,2654.3148639110595
63074.46466033728,7534.152320711626,2631.698387282152,0,0,0.6055046666070556,0,0.38037438590517103,2547.490504200478
18708.067674583297,4567.692128692411,3094.8294302939626,0,0,0.6964218515731304,0,0.5543013339918985,3248.8294324540025
40216.886946748695,6262.999467115849,4472.038469938026,0,0,0.2103605740903836,1,0.5400543916092476,4695.98703505382
62283.27463075567,1169.0491911272288,99.82917037602446,1,0,0.724335900239,0,0.3176509069701654,93.24027626186675
38081.59813471997,2083.685280739452,870.7382685391534,1,0,0.7677171146044384,0,0.3722543920246144,865.5395546878874
35719.53157998207,4265.9873068964935,912.9431974570315,0,0,0.7776242781103107,0,0.28249198715046364,969.0547125478911
33710.654926274874,650.087927215811,127.92421370845547,0,0,0.6504574247275305,0,0.3277009803745954,139.8671483155623
35835.299818851105,2396.412340719191,559.0375042523112,0,0,0.76003549705709,0,0.3654970705750273,572.7412563250052
54474.181696118365,4380.509673687246,784.2316797596352,0,0,0.7110659125841539,0,0.314071898253728,805.8973892159565
12000.0,612.2089869222553,145.27224230003858,1,0,0.2924227358738394,1,0.34366350848566496,144.38170306651477
56401.204415555905,2484.097146695313,623.6663958562494,0,0,0.9186934155219488,0,0.3667177066952198,628.538227595569
20912.51417059826,4355.231146069022,3269.002080625077,0,0,0.6981820061503117,0,0.6076431701315246,3006.7846887339524
34800.17204918702,4798.619359859343,3054.489205317916,0,0,0.7822354963864213,0,0.5193472410008406,2962.602892680139
32849.066956416056,7443.137697914791,3651.1426041640266,0,0,0.47431001593396077,0,0.47832640673904014,3656.468672668439
45062.63923724864,5340.092174379559,2050.5054659908933,0,0,0.9353916129832685,0,0.46212114202623505,1958.225023178936
18822.50777739503,3610.518518974953,983.4162903590945,0,0,0.602092612950953,0,0.3178145970445142,955.8470075650754
43546.071992983314,7477.633828498008,4689.21059901474,0,0,0.7432047933269261,0,0.5827860016380734,5131.118659851516
62291.71547944223,6386.622375408457,2481.5428624967126,0,0,0.9617456484783193,0,0.47239840606986916,2235.970596238406
21641.911944886277,2000.0669083456069,715.9572361628016,0,0,0.9328661959462881,0,0.3776347207084411,687.6974646820158
40276.474011324746,1481.3177101161482,624.7668127009564,0,0,0.7158390165909663,0,0.460616586734838,635.2571493014672
30056.213866440692,5568.587268070497,3293.4959307535128,1,0,0.3325931132265958,0,0.4548095136502979,3147.901596995236
43110.64647431643,4699.123741827379,1592.2132994948986,1,0,0.9604547447788925,0,0.4145363655079262,1648.4069187901414
38229.773328989024,6422.552103445668,1030.6721307436248,1,0,0.9873085578487741,0,0.3768115626517125,989.2958146334413
30302.157091468285,6041.037875590148,367.51912506573734,0,0,0.2827173563056124,0,0.23554311130404057,377.6779198909054
43854.467418452885,5189.086503931363,875.0602167499933,0,0,0.5602381456946428,0,0.2955267291557091,936.2903846377882
59652.17731744092,7897.8662872166915,3247.913503630004,2,1,0.6386044510769413,0,0.549507485745592,3350.965863452
35709.154499272416,4501.922975828065,995.3512514259064,0,0,0.27366523237513907,0,0.33562362630461423,905.7466546673154
46637.09530577818,1348.2931737628987,600.9879313421457,0,0,0.35174395956772797,0,0.4582300083941548,636.4718658040216
22480.724505546037,6712.051736119913,3383.4703115944267,0,0,0.6301643128634984,0,0.5746040280610138,3189.1247057854303
26522.763478183893,2388.900217592817,1018.1740179270757,0,0,0.9704715582805241,0,0.42520277942906914,1045.6222920491766
43668.87533456453,6329.766111079387,993.7938354864516,0,0,0.22224798074300642,0,0.25793249606434865,1022.9584412295293
55809.39234243158,7678.303220000385,1618.3998862888598,0,0,0.9299544593254991,0,0.3184615175042767,1716.713505284069
42267.36018542792,5725.966354732559,3910.268119249943,1,0,0.9188865360395126,0,0.5647056539851352,3914.8221116667087
34243.30363372215,4970.226207123508,3278.574498057622,0,0,0.8857429081492452,0,0.49565926385725106,3197.2418346133004
37991.49686508025,3952.8963175628046,2653.7048278744837,0,0,0.5020407429313953,0,0.5247337776118259,2663.2731437055427
22995.10719236339,3233.0739949655244,1717.6134556244842,0,0,0.5926588297664022,0,0.536416432505165,1733.3320000954288
45254.1839162644,3147.535632288772,2023.2802720233726,0,0,0.5228757114606981,0,0.6045457915070346,2153.392628749843
48587.99674788091,5272.795292821929,722.2508375307577,0,0,0.958068949143063,0,0.2958675309311999,679.6482956895987
32574.916006003034,6134.548377033094,1343.3182114233914,1,0,0.6170804958191249,0,0.33382266447338504,1436.4993907016403
32359.49422688598,5588.878021133108,2446.9153792256884,0,0,0.2644900869336344,0,0.3979415876343863,2381.194956887729
41190.538755824586,1988.0757589517204,375.4683606609253,0,0,0.41924787544894193,0,0.345136738570012,393.7808771657072
32759.363167512856,4204.903851076184,1434.3879227056866,0,0,0.5696265703318035,0,0.4991059866506713,1387.2575458662923
37206.408624490134,6437.3005413729725,566.3707412105347,0,0,0.9628447458542355,0,0.2748461250819937,590.0320512057066
63196.66146999819,4067.7805864179218,463.19120754841566,0,0,0.6551608724978446,0,0.28790487033437673,490.90665368567267
35035.69159104804,4524.674598016203,838.7086484078245,0,0,0.7568580985344047,0,0.35326595982559283,848.4486507162893
33699.91817574533,6283.5203612811665,3764.695369244505,0,0,0.2708158778670619,1,0.5015370023068467,3854.7051869482257
30229.49833237809,5459.489796988186,1408.4059275346615,1,0,0.9018592367397984,0,0.34871347502820255,1466.9281714422855
46930.30365799924,3570.0869066179444,461.53239262238475,0,0,0.6312145776110298,0,0.36344373024634086,478.9254588296114
35825.309921382766,7215.595333956642,3488.9527844481704,0,0,0.9369827300324869,0,0.41587997191200576,3647.6412079475112
30207.523540142887,1719.2530149760894,510.9721924676804,0,0,0.5563813483124448,0,0.34043397904847716,546.7070674707497
53855.648387276146,7966.373364427435,2971.629023274319,0,0,0.7464671975559343,0,0.4436111040979761,2805.5247186336023
55035.236054163644,1391.394338571779,622.5733447814738,0,0,0.5766708749815737,0,0.44536257726434714,587.0532329751346
30794.917211135536,612.1247832817918,231.80244273047836,0,0,0.3140463436114484,0,0.3773826538041492,253.62350949040442
15601.520583672605,7175.141758615735,3175.647340527973,0,0,0.4176399823642732,0,0.4608047957735514,3398.78144196139
50090.16427804306,2337.1513127446706,295.29682814490246,1,0,0.2538058355529443,0,0.29351103618422864,300.7128752640256
29784.44209087995,5972.747205850406,1431.0270422452795,0,0,0.5522130743294241,0,0.36466848240946526,1290.2651538402379
47487.50718995322,6582.61531199052,3053.4696455096655,0,0,0.7194732347690775,0,0.44743110710760914,3270.118343537066
14358.754187457973,6942.397932740876,3118.539220287185,0,0,0.39496902064771944,0,0.3929457204181138,3275.4619747485117
48711.16805959171,7936.956767481251,3136.130407268371,1,0,0.5923104465652833,0,0.47018257105448913,3422.3814521349964
23465.936848630627,2705.297825299993,861.3305445978016,1,0,0.5671786673905304,0,0.46096794922824813,777.464826402768
46769.1694287983,5826.825064454443,3444.134908898933,0,0,0.6267363927226725,0,0.4791484923762578,3119.370719349902
38171.276814037206,1365.4989371062115,195.86776262135976,0,0,0.3476677336216628,0,0.3789680688778915,196.55136108861777
26552.72696724026,3551.0696851763705,1585.1195721800825,1,0,0.6271872707254827,0,0.4466323642618807,1697.9956862406077
33115.56424487863,6859.787699844428,1124.1810145855611,0,0,0.491364445429737,0,0.20256982702357706,1234.6467233319906
46235.82148348041,3257.4353454433126,1486.3624299680891,0,0,0.4288334791672386,0,0.4723373085430414,1432.8608823320735
39270.73343738281,4933.215354017106,512.2951576162895,0,0,0.6687856112188926,0,0.20866628987140182,464.7914298933109
45012.95576566981,4278.300827934756,2103.218739195826,0,0,0.31842944280126884,0,0.45167153526067333,1975.1360928272322
61717.28701418583,5344.636483340338,2174.6301172236717,1,0,0.9205269204859807,0,0.4613571336577902,2338.601737952585
19229.100659467385,7796.707920407712,1896.4991024079886,0,0,0.9478822503917721,0,0.3784622497244431,1883.7737370648106
57406.550899623486,918.0164487605159,247.5585816441497,0,0,0.7284877518362258,0,0.34252382709053625,265.0514154387116
39252.27125027856,4804.711381262223,2180.486234113847,0,0,0.44252375168298663,0,0.47933052006215354,2156.0247944804323
27214.591420122462,6972.715844377136,1592.6658631988112,0,0,0.7008046960211312,0,0.3888429689973844,1450.4057034496138
22036.23649113212,4110.370338113206,833.1470606457248,2,1,0.6812187732225181,0,0.4171040214756438,852.7385521422879
35730.5553106756,1088.953894561796,388.96929567060823,0,0,0.5130007853034693,0,0.397093821338453,383.965633247386
49059.80134309351,4704.045143125782,1291.2649371965563,0,0,0.42979779789864764,0,0.3814887292156914,1289.0318749078763
36469.41055546959,2990.5541811786534,2468.612528655406,0,0,0.3347623618497864,0,0.5751573690808877,2690.279489359617
56133.85916296817,1662.0633900345192,1298.2927105515662,1,0,0.3739070720205205,1,0.5691065956182203,1287.1468646702401
20585.891719381292,6867.758849626048,2925.714007064858,0,0,0.7224239388388487,0,0.48167088357501053,3099.224922974107
37854.932625847345,4411.996347433413,1493.218425038699,1,0,0.9087154648526328,0,0.49420445087172155,1361.490447148385
22971.27866704257,7499.573092843,763.6150752622328,1,0,0.5079648439483646,0,0.32012308008650797,760.4138407614586
42363.58259149962,6545.123784523018,2010.6313999536173,2,1,0.2975195876014655,0,0.49882446267043007,2045.493671145294
48642.6486811676,5697.288453302505,2532.995827579138,1,0,0.21024504132099953,0,0.5232491271134584,2337.0590217183435
32950.858475827365,537.6912752398395,87.66527999828598,0,0,0.5247245240499083,0,0.28632513618026856,84.1978257130607
12000.0,3708.6759247868745,1319.9607048829746,0,0,0.3860535609491271,0,0.4134623272342628,1383.2115455865387
40387.37776155793,1981.1471123902422,400.10542647157126,1,0,0.4580444536070724,0,0.3740240982996824,374.811293928247
43240.862620802116,7330.984332866508,4504.321961294532,1,0,0.3933358996046365,0,0.493274991833041,4169.607032712524
42851.53705954037,1809.379885072702,835.9902233459164,1,0,0.7313181056598095,0,0.39233237821654654,802.4294811497822
52829.386301865845,2645.4503874446414,799.6979035267319,0,0,0.7108114406758339,0,0.41894671407685674,857.1100842433889
25147.355844211415,4376.275758008744,1083.9210558581408,0,0,0.929843619608651,1,0.3995487436742424,1140.9230550199827
46162.59326540539,2475.2271424855944,1025.1882149453315,0,0,0.759795931875739,0,0.47011725339910326,1081.9429580353521
52310.0901497357,2073.985079593409,173.68533352324587,0,0,0.3319531044758695,0,0.3221313853745203,167.518028641945
16656.9489919218,4993.244938270644,271.1915771009627,0,0,0.8012755434464367,0,0.278020055190736,249.43870754528396
41835.82191102773,1166.971420662679,166.66494468398918,0,0,0.3450142900419515,0,0.3199695006115121,151.06353080608352
31949.842027907944,936.2581904069355,316.9624728068496,0,0,0.646880708755008,0,0.41153628931471775,322.4268059405047
37021.72792278025,3291.8397138955356,1150.8604630605155,0,0,0.26166256758831435,0,0.45165076540596727,1197.4209606665086
42172.11780246004,5904.983408808967,1032.048154564319,0,0,0.23786004557411894,0,0.33982130598798105,1006.8437094936886
32153.257230637373,4661.05068705461,1305.5582875203231,1,0,0.5713839940993568,0,0.3794885613850749,1313.0944315367387
29891.50305006066,3671.5735135008413,981.4410566336788,0,0,0.28398684915400274,0,0.38365051271357176,938.0621217147792
38409.829009856294,4743.136731684368,2080.644603292534,3,1,0.44533328390566507,1,0.5652382626298021,2024.176831720901
24953.04873364637,3240.886134899552,893.3937720524391,0,0,0.47106670265068484,0,0.3316932024143416,934.4570330402731
24970.098453377774,7521.097515740847,4068.9010902525347,0,0,0.8155415352377078,0,0.5489866868275295,4246.48438897838
46152.47939547804,911.7866818308075,366.49651087346405,0,0,0.4661440841437573,0,0.4043801238089348,331.9059622375412
24214.471578096127,5550.436092723764,1328.7509784532049,0,0,0.5954401479374655,0,0.3605947531480143,1446.8056039515648
45995.750010910546,7184.619986208129,1813.89092510079,0,0,0.8180687440004002,0,0.3260656216416737,1730.09348736854
43551.09551424741,6529.135315514401,1945.9858991925555,0,0,0.3639186454799056,0,0.3760108713567118,2104.6174156394486
17290.31925451284,1880.3077611608505,196.5941966371263,0,0,0.8439179137903741,0,0.31850219278094344,197.0619663501303
29869.22417197214,2719.4476173521625,1556.5711354268556,0,0,0.8654358375695732,1,0.5200757706260019,1556.3164853943674
52329.31283656847,5877.859540303285,1245.7532780532495,0,0,0.9910774361353474,0,0.32390979098943123,1233.4485153971727
26226.01362632382,1132.0291938557416,275.0423200698543,0,0,0.5552381430914448,0,0.3318278501334777,298.27940195844377
32427.148852287348,6588.96274874438,4235.907752097054,1,0,0.496519462928349,1,0.5496888342293553,3988.6222217772547
43544.73071902276,5891.802084535928,3517.9457510513425,1,0,0.7616042164601688,0,0.5619169427614958,3596.498082838494
47400.686111391144,5972.049869265069,1324.943718836366,0,0,0.24652089381662645,0,0.4072062479151351,1276.6578958965617
34981.53336746605,1251.8102770069354,364.08441460517054,0,0,0.23180120922388428,0,0.46145668274354434,394.32079655476656
30829.877663700303,5883.204086121731,3642.7348817125676,0,0,0.4679926907725655,0,0.5005582182776133,3401.833934449655
55068.43834038209,5598.6359391497745,1710.5386253177278,0,0,0.7836120705412823,0,0.3566783468492297,1770.8145075415966
58866.79596557094,6731.918681163879,2469.546221118975,1,0,0.2931635549424829,1,0.4103542435474934,2430.901990896452
49746.29660938155,811.9696719235212,169.34190174559058,1,0,0.7084374785699488,0,0.33686683585619254,174.80225908246797
39023.81771078029,673.3300135084414,489.5808349733436,0,0,0.4156042122397141,0,0.5199386242851444,456.055075445333
28300.811340308883,3297.5532490892056,1645.81478638851,0,0,0.7213397381484004,0,0.5082088846698115,1610.8112966137103
28034.667121321218,1615.9121288686465,829.3884212121452,0,0,0.5655808991114603,0,0.4499673918921827,764.2420369320267
44270.16926318909,4687.883581776664,2508.803546671869,0,0,0.29212134023576086,0,0.4649679560232761,2744.017417826524
43020.77865066421,7380.116761300616,3917.6719995402486,0,0,0.39782625181037834,1,0.506111352079438,3693.575209574956
54819.183115357155,3436.097977505118,1192.6526650711387,1,0,0.3757710031144604,0,0.35840539465681054,1310.3021558581038
45805.40111043367,6837.127829544531,3251.5848478676844,1,0,0.3316676741671761,0,0.45387048658864243,3198.5828167402974
19963.036378882185,501.80655888399855,232.82769505854472,0,0,0.5746763587238216,0,0.488423522840214,212.87664921154425
50623.37141267502,1763.8598259438816,1244.5254431316441,0,0,0.9637324314535967,0,0.5694858193186019,1124.4474511919275
26023.272472227043,728.1765474056422,279.2102700115169,0,0,0.7264710402327899,0,0.4524241312786326,284.7361970811836
33392.34473657178,2961.1038538630146,1527.35527480281,0,0,0.8688016251984865,0,0.521390950778421,1562.4018639516603
41002.40247502033,7311.421967723772,2042.5083701510557,0,0,0.984864151225179,0,0.37232229573755166,2052.636419230024
61948.009877407574,1227.1409269924081,291.12263871903673,0,0,0.6324981305548543,0,0.22268321286166473,265.87643546593756
75319.02267206434,5048.073325578503,3619.385832925688,0,0,0.39045606054910015,0,0.6217972627939948,3497.41569273959
45280.676709634194,3886.2195433958314,1759.253839322195,0,0,0.9422488056348692,0,0.4518173426405597,1709.6677943184993
35801.64057535535,7538.511592743594,1112.3417039763615,0,0,0.7591871912574064,0,0.34802631806765805,1157.9069426729798
44414.0677817666,1418.8935690282037,213.25648202846338,1,0,0.9671530084376134,0,0.37231800197373227,209.79553086103616
48651.86511048603,2090.208878766717,1068.6850859205574,0,0,0.720825569324419,0,0.40706011572358314,1084.2808584037127
34151.9884933137,721.5647645861995,285.401193194678,0,0,0.8201160080234173,0,0.4278278175771613,273.20487811720756
59542.536270947865,3754.514372235303,1639.4544247250597,1,0,0.9125089558231028,0,0.508240413284899,1713.5517759534373
40760.849110296826,2583.746746734907,1091.26012128676,0,0,0.8073994492160652,0,0.4318099540569714,992.3408647509866
43972.91706909673,7024.294504177406,2229.0055242787166,0,0,0.6501166176101778,0,0.43183525499075553,2446.781261714141
45991.091024653535,5037.056098983163,852.9924209052538,1,0,0.577536745809178,0,0.28240391140875754,877.1308418777362
43059.039327373466,5105.680534817762,2791.6929157720006,0,0,0.8587018679302763,0,0.5151998477812588,2595.638562383551
48067.286005635346,4489.330226609769,1832.740848589886,0,0,0.8175886502565508,0,0.38366364608451087,1912.4617095136832
30592.96176143692,1188.8775292190076,357.22765062866597,0,0,0.4931446591448132,0,0.4212655206007247,377.70087932176347
31300.378952647632,3837.6401279401643,252.52249648343232,0,0,0.598665573873723,0,0.26152289881006596,267.09789266200414
24798.14920433966,7996.288922813874,1967.6518391208451,1,0,0.7079926047085539,0,0.4179143904513565,1877.4279813262478
43274.01476744271,6764.219681345111,2222.582302272952,0,0,0.22269617524171795,0,0.4565028778894404,2426.4543154371554
47347.23804214537,7200.942906253369,1255.115745512149,0,0,0.3980549599453171,0,0.30427381818740684,1134.0567896527484
43493.27439382263,6674.197694348746,1154.084761371137,0,0,0.40017151605708473,0,0.3949944444645897,1126.349668760305
58093.90920017045,1272.81270073237,575.8188391892461,0,0,0.9065852475850498,0,0.4301368338734218,530.2391124245503
37932.84777405144,2205.8619054859973,624.3299459131462,0,0,0.4651902027970331,0,0.4045369368068773,609.9528017565656
46024.89986711015,523.4123851730722,215.12913770343997,1,0,0.6361147102383309,0,0.4336745692593222,196.07837679081211
24899.58948632823,2776.325936585836,479.02017487763624,0,0,0.8652691736033826,0,0.3107525921452425,492.90981794962835
33354.80357030719,1314.5555175986942,82.73603833107963,0,0,0.4077550500346687,0,0.3103874992172087,75.49599223119957
46346.45309078933,4045.9500897618727,1311.64772840762,1,0,0.2990056619734913,0,0.3754154054959782,1342.0377648031113
48189.22532891773,5578.456164304264,690.8055888584112,0,0,0.9586878452067578,0,0.28303673849267924,654.0663728354787
34472.39662802981,7058.789712785578,1083.5889799746176,0,0,0.7637463488273304,0,0.3193067602377519,1014.0546147327289
37140.8089777032,6119.1287381817365,803.0202411485216,0,0,0.34164301254411306,0,0.3453876471266259,778.447960519306
19785.515039830287,7539.391968338789,1458.5980963972902,0,0,0.8557692432101278,1,0.34651074231964707,1499.719194072824
33715.64959032069,904.237177953416,28.950433931943497,0,0,0.8297012906684682,0,0.2500576844544575,29.40322154607268
48684.597962237436,591.3487656240608,213.4459770205483,0,0,0.8700328779803888,0,0.3918899674935324,221.15016423271078
44902.46019327879,5460.035853771595,701.4757614407209,1,0,0.42097006132338344,0,0.2994661399907224,760.2567618203755
44007.98865657452,2670.143076666847,838.622703882773,0,0,0.5588637387111768,0,0.4131434818859544,788.8593657490195
38597.28424617152,2401.2576207932984,1192.8637714418117,0,0,0.7549389945824909,0,0.4305967782040126,1172.1931392052088
38084.75790353812,2981.653157703457,513.6734771550074,0,0,0.512534059383524,0,0.3010711325396944,489.61512950507966
30076.146326318634,2523.4704341927313,338.2174735402818,0,0,0.2559777377730127,0,0.3418878582939813,344.05835365480823
46385.941042430415,4335.773047261904,1222.6892822234747,0,0,0.30915980319634884,0,0.3438187977567282,1169.7225766028666
43051.675332672676,3801.1133541809936,894.1733377394248,0,0,0.6776908040779444,0,0.3328302404213553,904.5487353887677
43904.22617591359,4343.214135324923,624.2057049404401,2,1,0.5001345596788973,0,0.4134372499315057,664.5498426969907
31687.581887989036,5545.352086253271,1866.6740687041638,0,0,0.20430410544776623,0,0.36896276002946504,1885.6937815652714
12159.884961545067,3403.4788172836124,928.7655044282221,0,0,0.8134836215808785,0,0.3544044119963747,991.5740398244496
51165.83254104435,2384.8076535661758,944.6267685287988,0,0,0.5333629942361289,0,0.4335586210542941,965.6636450709343
32253.95052789915,1746.504026065591,578.564669161305,1,0,0.45101542835674596,0,0.4277842696303692,621.4131494436233
27646.690831482552,3121.0558964946913,1473.3504095196643,0,0,0.7708153432408795,0,0.4318515248474449,1600.1814482496256
46321.746942967926,6063.548564346291,2298.1367116807373,0,0,0.5640870551891228,0,0.38771601346582335,2301.7277201639545
33295.84832097044,6175.286825836021,2050.2523291622965,0,0,0.7558648875137497,0,0.4449999130770656,2169.4318579087967
50719.23660855946,5501.790400131577,2489.1891791847124,0,0,0.21055846590497806,0,0.4276744796860525,2473.664327972092
45404.07139492037,2255.2113148015596,1176.9702275313991,0,0,0.20753609126785957,0,0.45489751600805717,1225.2716210928688
46202.831878405734,4910.646843910233,811.015726142732,1,0,0.6479215443283024,0,0.2444639823865793,735.9980473918764
21608.531465593587,4780.17246182636,1138.912175709519,0,0,0.9857696273828063,0,0.40149691544253086,1245.2666304503389
52543.327824636806,4131.996485822941,1266.7056721433464,1,0,0.4178857903346656,0,0.44295176997746144,1366.6065583548782
41135.006374806275,4624.8423978789815,1897.4894492565168,1,0,0.7463148457333402,0,0.433844171075114,2046.7411735650335
33568.67432904556,4188.429744677511,1764.9920883324808,1,0,0.3378060343221459,0,0.4474576644153993,1687.7741392631385
39720.66160810701,4740.922745555811,3262.6186091768964,0,0,0.44923890540866707,0,0.5597182896849972,3121.130092280478
16685.17720522016,5866.294659658466,1829.2426196208844,1,0,0.2624599123801664,0,0.34650969059128045,1793.6092496812155
42903.83373776805,1322.211458025798,287.94564453866093,0,0,0.9046345279654757,0,0.37281615841913507,309.84042912872866
25647.54190181514,6122.193141117677,1793.7994660745514,0,0,0.44834992124253054,0,0.4365237242511061,1922.4648044388578
21767.956569877584,1519.1461259569564,431.3265495842327,1,0,0.3843731579223921,0,0.37768318869798573,413.16424876656265
19731.689765385305,999.7099880778103,308.6752218755094,0,0,0.7844833427519204,0,0.4174941525456296,311.2542755172531
51352.26049987911,7820.597646661006,3693.688796734251,0,0,0.35955212448839424,0,0.4274807446733435,3675.3460465273906
30448.839275686536,7677.438266528311,2928.5493045233175,0,0,0.3922202883987065,0,0.38301230768930644,3016.8012462099027
56404.73251899799,953.2740870542304,122.34160515221288,0,0,0.28289300292857167,0,0.3264590737749773,115.34121629545062
31570.382443372426,3824.4008110622162,2057.9879835686042,1,0,0.9702975273559016,0,0.5531784063710501,1887.1958209982486
17511.70450888464,1896.8370372483105,584.4113447696891,1,0,0.3981101996173432,0,0.3644168399452038,529.1558508391342
24601.70672061609,4140.086728508136,1840.0855708742315,0,0,0.996530642241906,0,0.4427381531555211,1796.4451132122106
52829.73944008326,6726.329322496906,2142.4233348426183,0,0,0.34091955277478314,0,0.41435486807992367,2333.789654747505
36129.22186475999,7629.588310571677,1799.6520776193706,0,0,0.21652147998253604,0,0.3383225903589397,1866.1723691275804
31420.55244211279,5256.89490088653,763.5850062209889,0,0,0.9165548907554266,0,0.33478914486552513,801.631418818168
39920.21871023345,3154.292504088628,1241.740118904441,0,0,0.6640138014720924,0,0.3890842437732177,1352.2956258196757
44021.39283401054,5024.941742334488,1881.6755154981063,0,0,0.481127999987303,0,0.43592204626259123,1852.3407721150704
51408.78579082953,2840.0097958133774,1798.7246016924075,0,0,0.610671729965641,1,0.5257346714245962,1789.5035935128165
55381.99075871511,7323.677306240453,1316.8257388148756,0,0,0.4085815639259429,0,0.2670201073347016,1279.8337596724748
33682.77625053097,7028.0034732937775,2829.3346019638307,1,0,0.7078070802252996,0,0.389909992771202,2649.0339316521245
22087.427767015542,4686.738127097457,2296.0643926361695,1,0,0.693174846674053,0,0.4835779601148588,2418.395922534309
33038.41806652069,2935.9918653527043,820.2440693609293,0,0,0.2641538312317515,0,0.4299524133040338,886.9603913099321
41123.36607899464,2700.4225668723375,458.9525443941331,0,0,0.9285504804808615,0,0.2740368741377668,487.76334244896975
26434.89288547267,750.634960287946,97.1680013791671,1,0,0.5684202737800867,0,0.348978252938901,88.37857577837178
26514.189021259484,6618.6563826897145,1283.1924799857447,1,0,0.35612330566577904,0,0.3538843947177055,1231.645289063173
42125.45457859863,3877.87409779256,1563.8815256150233,0,0,0.44590708754881253,0,0.4698648685894558,1592.683714281307
37416.17178115459,2938.496963001983,1538.0115175147798,0,0,0.8929774038700853,0,0.4793681489324061,1484.8532536815637
38393.56394493904,4033.327662483154,414.33420974040956,0,0,0.5065481375856808,0,0.32144612607302403,385.3406663867523
28898.055983599166,6640.53492840989,2766.658401805179,0,0,0.6495689369565028,0,0.5114662664939719,2787.8859189852888
35235.191429530794,1434.606557806409,599.3735064368042,0,0,0.958151787906361,0,0.4456418148018309,601.9498742093838
26909.202268780347,6932.419911813705,1601.528501369939,0,0,0.7213731500655731,0,0.314837209596914,1668.758841864817
48682.38093349744,7231.316263312655,3395.6631260833337,0,0,0.7405733951404816,0,0.5192992232949482,3735.139250220557
50422.992016685035,7600.309362754161,2016.3564563830073,2,1,0.3988550697296603,0,0.4905974855161165,2076.136760291518
15845.745653142872,3481.159943169708,423.2872708691816,0,0,0.7346361480223877,0,0.314510375601604,407.7852679534162
26845.86967769108,2128.553030282539,764.4634233855519,0,0,0.515042195354001,0,0.4831991316388033,834.2407637508497
20041.64893891905,3302.306138500239,727.7579523355087,0,0,0.9288339876797391,0,0.40545948926143327,738.1358500416488
30199.71278711722,2996.8407217355248,1140.1378949889531,0,0,0.3036310783284617,0,0.44038734419514347,1173.3697479921507
36998.74436251567,1821.1543437714504,433.31543428613867,0,0,0.42851227973090245,0,0.3209214737913975,420.97122887996375
20604.25736361764,5054.500025761159,2200.8115438149275,0,0,0.2528005829137695,0,0.43122535369743376,2179.611735036538
26937.68224249624,4074.681203814717,2359.2364526469723,0,0,0.5047230793360008,1,0.5181783906012305,2320.842684063238
25952.51153502202,6992.757442430027,3157.6291873633404,0,0,0.31869813292512883,0,0.4521007293694539,3433.1107140434638
40487.20795278733,740.8218536154369,349.3063133764554,0,0,0.8761150035699288,1,0.4432271935096541,370.9346710657789
38832.132044435006,5329.009456663448,799.930003306171,0,0,0.9400345615913464,0,0.30979553428883044,734.4483835149301
29339.14935995296,6222.116588836709,2920.7351525461295,1,0,0.7355405158437727,0,0.5032853414557316,2812.0057450344048
40121.850465672775,6196.149268912302,3810.348815357546,1,0,0.2826676799886714,0,0.5350046270612883,3471.752486469428
31439.838984952818,7145.554753216438,4688.510420043557,1,0,0.4733047052979362,0,0.526445158103092,4704.225700101783
34740.13867608736,5967.753071221206,1393.712793912595,0,0,0.9715935138783514,0,0.3814096550372827,1332.228956305453
58081.42508358245,7458.575462357722,2137.8807919631527,0,0,0.30904097916760026,0,0.40141230170950065,1955.4768857290783
54085.53262148418,2994.924498656686,1029.7784866339155,1,0,0.6451915060982372,0,0.40327575029847007,1085.8003105803043
22405.02515686883,4274.070625636573,2736.3867085890924,0,0,0.48234358079645007,0,0.49374019199512936,2512.6204497761464
47956.78901455009,605.59747462168,41.935659795196216,0,0,0.9993300897222894,0,0.27635838877074254,40.019735660812245
47736.7586538991,552.1819047746841,70.99463534449161,0,0,0.42831125171344964,0,0.30744300797058555,74.85159254270988
24220.840534968578,2300.9496533863994,483.25739619061517,0,0,0.2382178122267547,0,0.37977778764996306,484.37583734369895
47825.33172505833,1256.0539785431395,465.0409294939673,1,0,0.761746251859734,0,0.38799552759825096,494.5353008809326
56455.18302095063,2451.5852595181523,786.012778591062,0,0,0.461391464195288,0,0.3832105241332686,772.5690138904763
24529.462325067034,1827.8247089629806,470.08629579715165,0,0,0.7260651471636983,0,0.4272547812621813,499.68877823204303
26989.966147828836,713.9001862898618,128.11880841555995,0,0,0.2837215894516117,0,0.32123791014743275,129.0967059058791
50211.93760212203,7319.7810980453705,3286.38460624165,0,0,0.618450560744201,1,0.45089032017552744,3015.5561862869286
41257.943729907776,561.6734854166864,189.79809485984146,0,0,0.5001852387221182,0,0.47510030666394276,188.71588494921514
44617.715302874276,6020.61608252814,2022.2025710683595,0,0,0.6294137071829045,0,0.3653584398617435,2043.857780065652
42087.07059680596,1641.109151896374,1014.9599826428594,0,0,0.8827779183529094,0,0.5809511737390598,1037.7157259383391
42688.35105113773,7341.722164997,2492.0702875562683,0,0,0.9781978303690204,0,0.387455054174177,2705.33333170875
22082.334460267004,7195.969546924143,2623.650568377826,0,0,0.8025057192944025,0,0.42275497799370315,2457.603531102675
50567.81247945738,5404.25859776943,2250.3794827201386,1,0,0.8134866521763184,0,0.4490790067482879,2298.1001251463413
52035.07990913328,5541.756123504539,2311.9499014680882,0,0,0.6231488717915139,0,0.4284218671428403,2428.4825474851823
35247.31107118366,540.0435647726641,134.07411819073155,0,0,0.277919955086621,0,0.32406443714147626,144.530692443222
37478.27660223365,7886.536745852015,5633.937682377543,0,0,0.7336476370573823,0,0.5450453797478643,5662.452272476023
19626.709969331336,7083.7445268186075,1123.9676380913936,0,0,0.3182238974259777,0,0.31325510424095826,1059.665569051263
44171.05707221402,7213.29669297569,3786.5173404949373,0,0,0.3965288452629843,0,0.45494561144155504,4027.0991221963604
44864.68930056973,5444.334027881539,2769.2502966678085,0,0,0.7660660104561532,0,0.47868011231777713,2993.5860888805178
37253.70779600827,3085.901964909024,1014.0118047055021,1,0,0.7255940752944776,0,0.3675311974061202,934.1823270695824
51492.240318446035,7202.364868178606,2582.4139714832468,2,1,0.45146075327182483,1,0.4754098532325333,2442.8173678615035
33991.07322824071,2686.3769611339426,343.3369102074531,0,0,0.817635388778857,0,0.24418511809174095,368.8443199003632
44775.2711107232,4720.336575066522,2658.434840540116,0,0,0.951452627553804,0,0.570820801295615,2650.148800145273
25764.027935694612,1247.982292579118,479.2529558561994,0,0,0.6362076969155201,0,0.41887594313276055,447.5360361946769
37717.374189509144,7414.667225995627,3270.8560966374953,1,0,0.7421493272136719,0,0.4215611176294012,3365.9036401897542
35907.74890516597,1555.7784332841,984.4323782098844,0,0,0.41742366757621463,0,0.495548045259326,976.220031649529
40703.6950644913,2186.7260429780545,397.37683405149807,0,0,0.9766456357141553,0,0.3099629990387574,434.56807857673067
33565.6768539997,4686.006185961613,1413.8805435553504,0,0,0.41896392942863114,0,0.31124866068074114,1335.4707320614123
36422.32885193999,6230.697501597361,3035.549920687864,0,0,0.9099272193990546,0,0.44521029960225195,2951.867014885402
47912.56605729808,5145.134794522242,1416.345515240106,0,0,0.9422952894389753,0,0.4022230504860612,1321.7764673602624
32758.829153141392,2241.004346001171,767.160351910421,0,0,0.7757028756831488,0,0.37819750853349376,698.0748834783375
18721.07479113585,507.0728189561775,241.82614490611644,0,0,0.849269942176597,1,0.48931940733643603,230.8909275241076
58995.00685046505,6178.629352305794,1561.345854005762,1,0,0.5662854462321283,0,0.40035891045995636,1661.218259754908
54577.44894428584,7889.054944333203,4278.9916304610715,0,0,0.9356374315600433,0,0.5198323727708901,4079.789994545928
22492.84765873258,6574.348402295678,3036.542418910607,0,0,0.7941169960313124,0,0.45921132564237055,3155.783226170594
46276.49366294233,3951.549636174615,2004.4914124338409,1,0,0.4613951932274827,0,0.5252737545317471,2014.9241698652236
31964.302753383883,7278.254460493299,2486.6255586515467,0,0,0.22795613412435234,0,0.44870575159188414,2496.4278451433993
41161.846583972714,3573.8575483876252,1043.1024102776032,0,0,0.6326265810855048,0,0.353067450738757,1101.8381003684237
41530.68954816192,4437.005631826007,2536.502810977062,1,0,0.8725202597929003,0,0.47260849483195233,2596.246514851545
35187.10639620414,4078.4732554676243,343.45768964871166,0,0,0.8885344950978411,0,0.27026612988188736,320.092656545156
28594.812012963244,3857.179044991437,1036.8909758938457,0,0,0.8680949803868303,0,0.358538862318089,978.9835727384847
29713.507372204887,6313.930769704293,1165.042715596473,1,0,0.37179718833689485,0,0.3799062231633918,1175.244919443198
27005.69701422509,4450.76680452119,1702.600066978785,0,0,0.5409187836799181,0,0.45408049804930434,1820.1866162913514
28018.13350123466,2875.3784151891205,769.7662306635718,0,0,0.6910606841451781,0,0.3758755747032462,716.2396525107317
37193.86051940774,2436.1862574385877,1082.107057981098,0,0,0.7340451936544266,0,0.4567311930700423,997.0307890088189
29410.88013067098,783.1048772557504,212.3014208727245,0,0,0.46766673730094843,0,0.3283693653395482,213.04611124921558
46184.62478855144,4873.963714122845,1891.261673211589,1,0,0.7541138590003689,0,0.46859915787610273,1773.4931615194841
55846.95386403113,2224.7106155077563,465.7232081947288,0,0,0.6727176059740902,0,0.3513456738749083,511.7586117523244
31039.361103559484,1611.004415122873,601.8945150167054,0,0,0.6534204597649214,0,0.376204748694609,542.2297098284079
40872.854006424524,5403.7247287075825,529.5937343056563,1,0,0.7304198589882218,0,0.22673750397194103,524.1773917436637
43996.2213236352,5609.069433661616,3025.7780070588037,0,0,0.68269434309294,0,0.44189899196864213,2821.5630781513446
43664.02725103129,6141.161691932495,2701.6416364548245,2,1,0.33349970772692955,0,0.5509135275333706,2799.483672503034
38911.46321499305,4276.826722539436,2653.9061395641847,0,0,0.8995330618922239,0,0.42741312456684655,2722.9790985220848
46912.18902031667,7205.4095390291495,2430.572483460433,0,0,0.3924558027780134,0,0.3550583156894507,2579.8426111090116
43786.98743216789,7522.5706504867085,4814.7162472708915,2,1,0.7955910249859155,0,0.6572404695753236,4875.769737180063
23148.050932072427,6555.282048443671,3750.728791051572,1,0,0.3411653383667639,0,0.4900076366996033,3517.7099348810307
48429.87277267128,5266.951115061404,2544.157073711432,0,0,0.7287731302889817,0,0.3963574738286106,2316.8695756584084
48647.4900472009,2777.907151933915,1354.318229802471,0,0,0.9165470070393251,1,0.4441365189086705,1414.4897149604035
28840.566749857022,7872.086912151659,828.3554827779036,0,0,0.20776841229649926,0,0.2934459873776116,818.4022719203487
38455.25402537122,2556.0212539395375,890.7210926747085,1,0,0.9837421332322316,0,0.44438894111408717,841.2349149684964
46199.94791373283,2019.926914928233,858.3145337552947,0,0,0.2237406933279238,0,0.45939399818310456,815.7115424950018
35488.23416504766,3816.1558533993707,432.4519999285885,0,0,0.20909409671572343,0,0.31773919473419365,402.0961842231515
50875.736573192145,926.3042803429134,318.2197085556479,0,0,0.8860480786698386,0,0.433378111919807,304.4459079724746
66366.46993543234,7838.708485038431,3251.480366717405,0,0,0.7669632024832553,0,0.3696724954437852,3441.3807318151958
28568.167608380212,4913.251673123186,1016.9956317386268,0,0,0.2846485263427012,1,0.39292580328533566,1041.5377835416489
21427.4647621547,4677.140687481315,2086.0922364035923,0,0,0.9499319252767517,0,0.5005943047680049,2289.443802370101
41645.82314725851,5418.472099247899,1761.262207053226,0,0,0.7375457929302749,0,0.3717872591802113,1769.8153314098288
46658.750061513725,4227.67735832905,1912.9323097875545,0,0,0.28883483483047395,1,0.3337925337724557,1921.1539575904521
35229.60351386277,740.4763782090619,286.1955540815231,0,0,0.8884428767395653,0,0.4771045257774179,268.53076664655475
55439.12795985241,5092.334666302976,1259.6145268170776,0,0,0.5847238818078402,0,0.2512595712978568,1281.3946547499124
21936.730403321017,5871.304077173229,1872.257273989833,0,0,0.42250695205350786,0,0.4086329835485455,1912.835703097592
46315.023476379334,3625.6179546803987,1615.0716170833668,0,0,0.8600328401861423,0,0.432421613751261,1520.2769472916661
30729.67015089328,6179.716790533947,1371.4027297869459,0,0,0.7907571629527017,0,0.32580535155200374,1258.3898396727623
58632.53487448756,2202.5097450381545,1021.2826548309878,0,0,0.6984350417152503,0,0.4413755680951996,994.4783342848212
61910.18423801742,2159.57443299638,504.1919596232853,0,0,0.9188105217062106,0,0.36036685819814607,471.1273995780692
28800.120946599825,1710.6274076568047,796.9437693256501,0,0,0.8890238480545352,0,0.3738839191389726,797.4545442125233
31405.31436909704,3289.960698418714,1692.5638047000082,0,0,0.38143332675591246,0,0.47387997732755044,1701.4023141246612
48315.05464375763,6852.590265418126,1216.649171763903,0,0,0.9029489235051285,0,0.2727792410072292,1242.966721003144
33354.43220252582,6709.340466117982,2452.100703107341,0,0,0.49923187165896465,0,0.39430713474516366,2502.531095105935
37455.06538481314,3371.1815597262785,1495.7801042886538,0,0,0.5454194686410028,0,0.45614016498214716,1548.0959497747683
38304.661046508925,4918.390519851774,2279.0238850457667,0,0,0.9778659097028553,0,0.49355794217079596,2156.1639350722526
14963.922125628123,5906.122373561867,2127.138010950524,0,0,0.8078994628366558,1,0.3826704122960177,2225.3450083910234
37833.94704686915,2309.0508097101724,260.19655210586797,1,0,0.4571887634900204,0,0.37232110562013776,261.4883415010684
29723.266711229913,1761.0581442106031,868.8507863771064,0,0,0.7183407117332299,0,0.43627513908156124,857.9564333194254
32082.526131202736,7790.719949092332,3241.500882743312,1,0,0.6314594690120894,0,0.40252272137532763,3337.381511045925
55323.58404162577,5131.6798490721385,2273.3560436020775,0,0,0.2932825896364648,1,0.4904930492530777,2273.9292430060973
22921.917268648926,7860.617913752479,3209.0791943069794,0,0,0.9102018703919867,0,0.4238013408060384,3225.55334271917
47758.46224097573,3033.1699034917183,1742.9771647597431,0,0,0.8575051869071915,0,0.515799996824106,1576.7835278840766
34652.4448360183,5772.737749805986,2144.6236339429993,0,0,0.8221682855095496,0,0.3976176639532442,2274.174699320717
34642.87797804999,2169.5272740592827,206.82676999295418,0,0,0.6473227100616101,0,0.2779478347552654,203.6902777613906
47484.46275262054,2459.001284554347,1154.7121833222463,0,0,0.37666995222513455,1,0.4753029042557491,1158.886812279381
42080.615534826684,4339.26590952218,1742.9622362789605,1,0,0.9071168234556755,0,0.48159869825012575,1704.5858780910175
44847.35596663437,2897.1359413105342,1628.8850271274969,1,0,0.48237251489518446,0,0.5086154301937273,1645.6724708006839
49618.21592639433,1757.1617288043835,386.2863352933545,0,0,0.2160944943641158,0,0.36607642211056113,351.8328688269169
34024.299401800126,2471.605264919945,1095.1257127404724,2,1,0.9854193421969255,0,0.5886527242494082,1069.6988783650074
30653.159185906996,768.1129584939848,260.36406479737855,0,0,0.888925682737534,0,0.38392892896816305,269.14759191717445
24978.193681306424,5783.177161081149,1546.271394087893,1,0,0.6981442843503369,0,0.33114857897348654,1681.8627277243434
28095.073640252536,4190.874928143962,3713.3645670380192,0,0,0.20992571154199569,0,0.6077581716232426,3972.6912748232194
73389.1331037047,1206.8229980339422,309.2617679643835,1,0,0.38217284573984334,0,0.32987694988185884,337.88815244176396
52936.15496884144,1787.704948463684,742.8718665256474,0,0,0.5616399103806597,0,0.3952382283979821,784.6977293767429
21787.107605503745,1269.0090358448301,201.16149808407462,1,0,0.7024679385971364,0,0.3653235545939331,206.49699593868667
22130.504519077156,5094.446062069073,1912.159637008554,0,0,0.7665236133941227,0,0.3435321339974825,1882.816569271582
43782.3927406219,1206.5777270937035,368.16232038244783,0,0,0.8306181582412162,0,0.4109389789480267,340.4133662150259
44567.177568535604,6157.11749776412,618.0550491761702,0,0,0.6445287405496125,0,0.24616684171163172,587.2514496857523
44586.606023808374,653.8318949029338,292.88804929639315,0,0,0.7249467422811047,0,0.5232304328979163,279.48403043875703
34940.53047735563,2370.3184099691907,751.693875330657,0,0,0.8489941585722911,0,0.4088083472170456,740.8518967431851
36494.548879965194,7180.000069189304,1610.9898100425958,0,0,0.7758730482646436,0,0.3159203710026417,1646.3803470962662
41934.55428991229,5888.984885916845,922.4324282889003,0,0,0.9638498657653651,0,0.29882061843306296,944.3239352667171
39030.716075519966,1047.262496942658,248.98939109508723,0,0,0.8997167203184708,0,0.35363514677567537,246.77550876836608
12000.0,6658.445783638848,2931.138757909181,0,0,0.33548902223633914,0,0.4735217737769054,2799.0286754463077
35242.404433097676,4197.763411551536,2591.8843316030434,1,0,0.9579353013736644,0,0.541286923834438,2361.9812946250836
27783.122788876237,6850.872703766219,1386.7248175139334,1,0,0.36334079405168956,0,0.34054796419095507,1522.3011269483395
40102.537026902144,5005.548308377951,2055.1887616442227,0,0,0.9930110285611493,0,0.4064864263721628,2235.864474182192
73823.10803124092,5613.74774024644,1694.2267122706646,0,0,0.7610636336000052,0,0.3742161501119473,1586.7876503532511
42409.77998569165,7951.261702967811,2738.019714611198,1,0,0.702025242193056,0,0.4586341199394705,2795.7349063966553
34237.64376593122,2242.516594430136,610.30700468512,0,0,0.4594582210117709,0,0.4575892175614721,585.3642871981931
49061.618023727024,5179.591810710413,1250.0223660123972,0,0,0.3064860199331184,0,0.40270666380692544,1173.628089944141
43792.254646510555,3952.4104254304875,1822.4832168690166,0,0,0.30093841315949627,0,0.4192530521305858,1889.7005259707826
43041.133885422096,795.8896469201858,72.82528058667788,0,0,0.8932601540721523,0,0.3484831990602885,76.99369411003414
45282.20711858805,608.5298112714878,211.10755090216546,0,0,0.5459534769597101,0,0.39288433933233435,207.16376411879952
62678.522777954495,1394.21433363394,204.96541887534977,0,0,0.6478814854904951,0,0.31628393338935895,186.89007962447852
24429.33877608901,5368.188054039111,2155.3706794623404,0,0,0.9454688861098939,0,0.3801888119385488,2112.9080760423367
43683.584921737456,4753.723159350441,2202.752245487071,1,0,0.40428376384795933,0,0.4630619939793389,2216.9353119559323
26883.42644022154,4650.721708727956,2244.735356996641,0,0,0.8111499883417213,0,0.4357949546415831,2421.2687622607764
44666.15175610698,738.9257189619507,164.2131506279998,0,0,0.5763718094705776,0,0.4050273831552329,169.36296208050138
26975.761862166866,4019.7724727000527,511.81278577183866,0,0,0.37020372729531004,0,0.4090642929594302,533.3597393424155
32991.59823673899,7434.671133818964,274.26879121735186,0,0,0.8823773444643261,0,0.2665366906213586,257.9569995819603
34458.92102914512,3481.9390198298497,415.8685340258076,1,0,0.7439593387598002,0,0.3228328898697328,434.18934152780724
49709.80063213651,5186.918523413423,3586.0266916086566,0,0,0.27593734606151216,0,0.548803132596303,3587.335488785575
49021.45332730896,6348.640067173576,3466.044709478279,0,0,0.6334057562311857,0,0.5004764056873505,3688.1568629210487
23051.391482643387,6379.439593564157,2884.5716058599605,0,0,0.8814110817546079,0,0.4298238977205281,2720.941084320521
38659.20933199819,4394.600617964536,326.82439849992966,0,0,0.2535478465772335,0,0.2959191492662062,327.79587746500465
29485.041743009926,6934.639590517522,2289.281272248813,0,0,0.5330198377804366,0,0.41462735743020196,2156.2635454578526
22897.941071895984,3435.3357002281023,873.0420825011396,0,0,0.844171576413413,0,0.3763129410695205,835.6612927736181
35395.79539490755,7165.1991108859875,1568.9947426724746,0,0,0.8866858240881668,0,0.3784039892669739,1673.24003505621
34298.20653853016,2301.7037479665896,909.9079623604664,0,0,0.8202902210676932,0,0.4133189425591718,944.0830714140807
67120.59783614628,2601.623052429283,1564.5129315739964,0,0,0.44456766002124487,0,0.6282058472404585,1636.0074307845364
43195.51790432836,898.4046814925082,570.344791740316,2,1,0.6055436485032375,0,0.6095782051833626,521.1282953159644
21468.589990949153,6466.863774067122,4703.897147256834,0,0,0.7930223813319843,0,0.5508043062214256,4919.106612111336
31222.711949948694,3627.914271745292,913.6255427682296,0,0,0.32207020235636463,0,0.2626919777083118,912.0554033823084
50256.599545152785,2218.3746043354927,552.3151976187648,0,0,0.6759982106059328,0,0.39239162553116513,547.8020967871614
63061.313274439104,2238.427082124347,945.0440333852662,0,0,0.7762989801671776,0,0.3255768466386022,928.5297533819333
18968.2002531445,7260.499559219249,2806.422391396227,0,0,0.879993495488848,0,0.41027224705726817,3003.879396587384
15440.90737833146,6754.374503457777,2729.73374417624,0,0,0.289337379085435,0,0.401780688166022,2553.6462303068747
60451.582104461384,4651.481640178875,852.6854148670578,0,0,0.46373975567403947,0,0.27494403934268924,906.2536191545136
42675.37012845084,5120.831003117908,1339.6297560632788,1,0,0.6333231593483722,0,0.3702830672453137,1454.3888309255908
27580.487217483602,4057.4417791271826,1672.9345228917193,0,0,0.7608455199316324,0,0.5062285382615035,1561.9315777318386
44415.54903346922,3437.4990715910667,1243.8647378908215,0,0,0.7840290364199365,0,0.44203163527319905,1368.1507070732637
12000.0,7366.076609137486,3599.6038503433774,0,0,0.4026073391777278,0,0.43938587831572595,3952.749639685384
38040.506079165934,1442.0952764022654,718.9185186835421,0,0,0.21110128961374983,0,0.5539413735912702,736.3622036468197
41933.85407411702,3638.35092287171,558.9379769002604,1,0,0.75505358240463,0,0.2898170457029547,533.0630502278218
49091.24167445396,3084.214309909065,598.3199938180686,1,0,0.9273010298718176,0,0.38104110973542826,589.8986500099026
25833.248572489545,4236.130401883613,1025.304825094216,0,0,0.8380136360827513,0,0.28941097075727396,957.713295276671
39028.24593684031,3932.239059088813,1427.8593386451428,1,0,0.6979728824500954,0,0.4041114595795502,1319.3997692327273
26894.90448728495,4391.671487383111,768.9728818626703,1,0,0.9820563524412804,0,0.28124773754272997,800.351533144862
41064.605068091805,1549.3923292024556,234.43793657330883,0,0,0.5464934224754843,0,0.40118791829712613,238.18172406128127
27255.84413164371,4348.561261349578,1622.288926529102,0,0,0.6200398007904769,0,0.3901868177639364,1642.9159738007513
33102.78993007735,2318.1411041540814,677.6140400197121,0,0,0.2098294111667058,0,0.34069966219448145,643.4298856572614
26050.215262517253,1882.4851174114344,1156.7149128247747,0,0,0.9567610902669696,0,0.5451134141659311,1095.387332838938
45813.63490188388,986.2566408964342,120.17735358065592,0,0,0.6666773239459494,0,0.294847963866633,131.9483467067244
48301.41339987998,6219.894190671057,4396.5894030519285,1,0,0.512639987124496,0,0.6539647727913354,4509.822518013359
35184.55316051104,3705.8144064241997,684.3633487899298,0,0,0.23565146870992396,1,0.34545339419361704,728.0880845590806
38458.85593952034,5199.827624838188,2436.950001704216,0,0,0.4899352514611236,1,0.46351130225385323,2377.7379272022213
20616.90302439747,5956.950074785575,4276.092854618455,0,0,0.20287848134052294,0,0.6018414782754463,4570.015308559663
34403.88022391855,5594.874989851652,1363.2179962841392,1,0,0.45946811039851077,0,0.3507726359747027,1423.8486833624872
37397.544595499065,4028.755393172617,1984.1086619286464,3,1,0.9611639392548199,1,0.5811379978574188,1924.6347744329983
69449.5170923597,3409.2389671379738,802.1086994555353,0,0,0.3234138913843172,0,0.322371102273849,837.03162160355
24656.395690710036,3319.699322304978,1273.2267549714763,0,0,0.6363288872715459,0,0.39771735193605234,1381.6096038341962
55570.12686502925,5300.365976975422,2392.8645967980383,0,0,0.3492938560839377,0,0.41660041545737053,2255.8642394692715
49962.305281589695,4210.957662064051,2062.3062300098027,0,0,0.826703304246537,0,0.48599739958442745,2081.952836331788
41367.63685388164,6868.49185991383,663.5836275704152,1,0,0.6499182457909216,0,0.26686677404972114,725.5159389148781
59103.4458103416,7060.26488245034,1439.5941015330402,0,0,0.36178881468182367,0,0.3729446863768628,1532.130617271821
42465.26567128235,1779.2028350488886,181.89231475598146,0,0,0.8929930385910827,0,0.26138240409318864,186.2683230518816
42669.910348015146,1521.7523865929425,485.06032867911546,0,0,0.8272190262667893,0,0.3547591526120997,443.32238502802386
37362.552163789456,5228.006945269996,3974.2189005115997,0,0,0.9610410635404425,0,0.6016221578757498,3899.7604763624395
52682.826589023534,2759.1931104670957,1805.0504988588716,0,0,0.2005025543141076,0,0.5499297298748302,1859.4783554700764
51157.6308057306,639.2803907382414,201.6013674695366,0,0,0.5656935577576634,0,0.42618837725677244,197.95890874766627
30491.872550045453,7164.820020222163,1277.7845351250712,0,0,0.9998730403983374,0,0.2829597833552599,1404.8177338092057
22169.033664814793,2201.755754328562,1608.3833195751436,0,0,0.8489503335774482,0,0.5171871364059623,1689.8938701498328
35564.23235125212,7469.604887643568,5332.394367669918,0,0,0.8650289054859419,0,0.6198908013059509,4998.673738260275
28399.53722722824,5880.758381586902,1622.0870320472536,0,0,0.6969059701810543,0,0.3199517951525088,1618.9681964801212
37237.705104615736,6219.9011743361325,1056.3600334636697,0,0,0.7703197216665902,0,0.35961703522952254,1031.846608639205
52849.25761620967,2010.9612184487032,645.9577406575193,1,0,0.8442610070268863,0,0.3004831327324009,658.0814863457546
32512.38013895852,2256.458192126097,308.4462428142106,0,0,0.27382451807352015,0,0.33423161883433655,305.1498479687722
37486.1194242611,4409.508153680494,1158.5709887380553,1,0,0.7540644668885839,0,0.3677855973582852,1097.838863374088
38696.272817700745,1790.7488948739663,139.98169301286975,0,0,0.8523264800261912,0,0.30136665956665865,146.2632669295874
48181.17058646341,2790.737695122742,488.1228594170564,0,0,0.23269263014807368,0,0.3594044436322003,449.72330930920907
12000.0,2910.9685846085335,739.0978693914132,0,0,0.4376425444215313,0,0.4021469228855019,743.847902107925
30719.59646281644,1697.2244993957306,935.9700357537656,0,0,0.45920929270627386,0,0.5167622469735823,900.4331221507367
40535.404307353674,2038.8712504637056,752.2085854693782,0,0,0.8836659162248419,0,0.44941930275915454,822.3943154569104
52400.94747712233,6414.138815061924,1785.448860527039,0,0,0.8242811116774937,1,0.4201835443557113,1715.3026296270552
32097.17062992554,1753.9689091045127,427.4938407911395,0,0,0.7251371767324053,0,0.4106511083936973,413.89453877888093
15481.36752749751,713.4304388294187,495.03566955406023,0,0,0.8437785446742949,1,0.58298972941283,515.5387767937132
45436.53735159364,5220.162069717038,1082.2208797783783,0,0,0.5627437605261673,0,0.3054022049412978,1001.8065097536349
30375.651334092447,7819.873395443375,419.94216189540845,0,0,0.8999044722416889,0,0.26411458455026415,405.212698900909
23724.000090915666,2984.1036096734106,1579.2665000798208,0,0,0.38737267448245866,1,0.484182992622051,1641.1468437113328
30507.855323441312,1389.917773971892,404.3798275556451,0,0,0.7636615051998821,0,0.3537305871820948,366.42908326582386
35785.6957081298,4777.904940256481,1227.0544661808826,0,0,0.39340094781900375,0,0.31971572813137494,1180.6719617384927
30743.064025541447,7297.656583217346,1676.3681682228653,0,0,0.23188957872865779,0,0.39037986699877736,1511.4992586630567
12000.0,6380.463348713591,2362.819004392774,0,0,0.4273209918558254,0,0.4286558262665406,2197.5299845286404
48764.79436264558,5168.86901309537,2610.220268631038,0,0,0.594325462792503,0,0.45049364826735117,2664.6158986164455
53298.50049534466,2862.9237245569952,1521.771404591335,0,0,0.8747488120569378,0,0.49070290614991446,1508.5973871057072
45818.263896074066,4564.10129957165,1926.2426052265562,1,0,0.6070851914658857,0,0.45195085649762656,1793.727097506969
24347.7719549022,1184.3363097819151,674.6498264760199,0,0,0.3433204820584737,0,0.46019693012748264,617.7128134935901
35582.101592629784,5592.090682105025,1115.3733624235551,0,0,0.9942127767997782,0,0.3078229196077698,1016.4005885954134
37921.7442172465,5938.220141732381,266.6485959130268,0,0,0.4160584543844994,0,0.25764599354907264,244.535862933685
45185.53267474292,7737.737171824391,4999.8088808813645,0,0,0.9882357800787089,0,0.5345754660548538,4595.901114299868
46020.08586461697,2452.980190588037,690.4401593528132,1,0,0.9490677452065792,0,0.3128564997175055,633.3148921569395
29189.91441465805,638.4231428226699,346.82569993907515,1,0,0.6339532069125147,0,0.5243018061535107,315.96377719254434
38983.946676962725,4592.063483203629,562.7505831185075,0,0,0.27357046611337044,0,0.306395172555692,584.9264142816437
43487.3648553829,5800.928782976109,2152.5178199599973,1,0,0.75633184916358,0,0.40704672336944453,2342.484710393419
55469.8678657612,6428.05606912241,1335.3415443301333,0,0,0.8765741292390514,0,0.314890115190985,1430.412223103934
46454.07847789668,1953.0419976860794,681.9730014276382,0,0,0.5562408797436074,0,0.3666015949023193,650.0366918975606
47468.68024850623,2463.146517777677,1040.2317589470774,1,0,0.39123236747671286,0,0.4406772086354541,978.7081767809452
39005.91953515233,4344.431939504722,2108.336647071524,0,0,0.8422593317701255,0,0.47468765148887704,1917.7059294626672
54925.509742442046,2979.506074775014,909.4861472006314,0,0,0.6360622605407431,0,0.4661447581206493,846.9196265779156
42917.15355151397,6953.836149405838,1326.3626059952792,0,0,0.35810400385238234,0,0.41820983391032573,1344.3404677081246
27666.945077917153,4053.201153040402,1173.531554087018,0,0,0.9596309127739817,0,0.3589202467918629,1290.4446003790492
54840.43964150229,6496.839830765022,4229.871563390554,0,0,0.9584785813481429,0,0.5046309587380612,4533.605448973025
46374.839270468336,4854.648203617653,1841.3278973013207,0,0,0.4936397387556678,0,0.37003776306535113,1846.8229833204307
32683.471746458214,6298.17606212834,649.3491148611041,1,0,0.2512024873133921,0,0.29990628562406385,639.4082141820403
32246.08439120908,2995.0473989774287,792.9539604735003,1,0,0.7046308276397675,0,0.3192286733864159,737.1023884639965
41558.90654168914,6735.624664477334,2580.7807587853063,0,0,0.45378138766677173,1,0.36723932579526597,2538.761123479788
43558.217543211016,2559.292366632662,1496.902625071215,1,0,0.25308420880003935,0,0.48382435784945077,1525.301317745446
40367.507187574476,4595.741060024681,3110.685633094081,0,0,0.9134451315748529,0,0.5301968401033432,3170.0838692381726
41735.704081314616,2105.0533488040564,1016.4837835846936,0,0,0.9984930516802248,0,0.43768170949330754,1028.182796961127
58399.48849491657,4066.4489121964502,932.2668113675263,0,0,0.4803244109682255,0,0.2884640270642233,992.6812128804758
50858.51782681863,2886.3140713152734,616.3207806449946,1,0,0.7957970107073564,0,0.3424512704945322,617.5637608171297
40287.627095180294,2500.2757297791068,907.5138218981455,2,1,0.2526166338241228,0,0.5089764789657095,902.5859449447692
49295.7269692098,7752.387635210282,2682.5090596792215,0,0,0.49576435164770455,0,0.459219424181526,2578.306407965277
25609.713157669525,1700.5557911504798,401.95000026621324,0,0,0.28700141283971264,0,0.3066801618793801,376.24463312246365
42775.124599361705,6404.9437809304645,845.3425813528836,0,0,0.24427994973081324,0,0.33045413853717265,761.0456863742736
59711.67619679732,7881.2371961241115,3409.931459385119,1,0,0.6710328324075967,0,0.5160944154897408,3288.6049354267343
35383.44925529151,649.2611280505837,152.3961608893501,0,0,0.8416247900185858,0,0.29736260456894953,156.45236043704702
27828.392856570983,5742.705605315713,2529.8655411788827,0,0,0.5623762009133764,0,0.4046220823251684,2559.666097174925
30174.93333688327,2396.838541672153,980.4424051853141,0,0,0.6193432883527694,0,0.38375896587557834,986.4263516701634
24924.403551891337,803.6586824622833,467.2456516647134,0,0,0.4165840136201677,0,0.5295091812582222,492.69902408384246
28582.85710246756,3521.671842174731,2475.943677459661,0,0,0.7891098246990518,0,0.5826787420641532,2343.6524129653353
33553.90281691965,7514.1335762815625,1010.6571667072478,0,0,0.48885861371348016,0,0.3486533977492704,1046.7453095354333
21133.195769856295,588.2382077524826,110.09407908692889,1,0,0.2539992162610621,0,0.33738991525568535,112.45372218052405
38187.42000739524,4909.142689473362,3213.474592619888,0,0,0.332406168820533,0,0.6166010461045688,3109.995201636522
48827.32608543977,4260.473589464933,2196.6327103995154,0,0,0.30277488419641385,0,0.5036729013483476,2072.981444667862
27106.925838236955,7050.381232782856,1233.4814674808329,0,0,0.5487022315196952,0,0.3790722291245032,1248.946825939525
56231.407083701226,1130.0128589046924,758.1039988206991,0,0,0.25217013966667806,1,0.5580965088705027,825.5977051286393
44129.50506233114,5611.4452241498775,688.4020448789234,1,0,0.8451874579736287,0,0.2897747404138063,630.0738555617502
50366.96702748869,5600.82273824958,752.6127826346109,0,0,0.926404152017201,0,0.3033963725114209,820.7972187131636
30105.985353774355,5518.100126467124,1584.97533293799,0,0,0.39871534336185344,0,0.4341429110894796,1573.8038384130377
48254.30272479939,7567.508712012777,4105.401353998353,0,0,0.5884078054255624,0,0.5259039890444804,4277.863928593499
24896.793195256243,6673.156467551603,1894.6006320418273,0,0,0.6152504515172552,0,0.4070999722740327,2009.4909828023046
48682.9700100381,814.7954468262951,339.06105286996376,0,0,0.988000973166357,0,0.4769518203885893,315.4295009045927
40062.072077522374,4033.121380283849,313.2161141935286,0,0,0.25249566270926166,0,0.2955132909432075,284.71082059617913
44639.014639817404,3484.647921510001,2623.425736185741,1,0,0.7343058941943164,0,0.7014084937069578,2428.5008630219368
23892.86473250178,2826.1041581810155,738.2291548474229,0,0,0.4766119865702792,0,0.3585764878832924,714.7465120234087
27259.161892680742,3885.0254386557294,1729.515512695613,1,0,0.6014449696901238,0,0.45468693536626587,1887.4390371929055
45166.73861904062,3381.456386944831,1172.9984192872603,0,0,0.3736276565562965,0,0.38815479068071,1065.7336815703452
26619.82394930959,3742.50424908999,1369.1857227945602,0,0,0.3281938241409773,0,0.4345849037070722,1484.1420356870603
43558.475505189475,7844.463992064819,1510.9449712371343,0,0,0.3948522389538922,0,0.26632370736611305,1529.4675524027793
21594.34632247705,1164.7473106218558,113.21437872912747,1,0,0.25700957140648745,0,0.1753667275633004,104.21023453113285
48178.090552000016,7416.731523790474,1669.0602859223222,0,0,0.4224722377453241,0,0.32539985568221397,1553.1435453991476
23209.72022277789,4101.7753510327,1888.425325833417,0,0,0.7522807375855021,0,0.4805264733145278,1959.9328817986832
44627.59925215428,5178.066841246558,1159.146002591794,0,0,0.7211855481955491,0,0.3917990805645229,1184.2886815658276
45507.57120375201,6726.372249632704,3423.173555736578,0,0,0.6435969644738689,0,0.428598923163674,3195.502711772408
29638.738178845102,3203.4727186194164,1631.3973919872835,0,0,0.20030993037635564,0,0.4125239513209783,1763.322328482115
44984.31880501672,3728.1643106597517,349.26697146073536,0,0,0.30062559984320897,0,0.26325613376866763,323.62406516749104
41125.307160002674,3571.3886020903547,994.3703608476961,1,0,0.8742955429189314,0,0.3456874384296771,996.672047035852
31533.89772568714,3310.482669018199,1452.7327804642878,0,0,0.41739069581165805,0,0.456167481656555,1460.9536043076491
25897.343791085503,7441.469912351712,1686.2522158617023,0,0,0.9297591108632985,0,0.3569822028534765,1811.204299823528
14448.49169992905,6716.974183947591,4035.736046738764,0,0,0.8996368918226532,0,0.5790470622799371,3650.0409270859736
42195.80056759632,1317.4999239723206,386.2138937807546,0,0,0.32394162730734033,0,0.36536113977851026,358.1324129468076
19222.366743655337,1310.9251435782203,94.96008723077983,2,1,0.9185216338024991,0,0.32940613003137165,88.7056109769814
39144.1303932957,3709.021361397434,1804.819021443762,0,0,0.7022678644500169,0,0.48117779282928447,1647.0350277689324
34838.62140701301,1239.9303254960678,256.8275817190454,0,0,0.7042294442677817,0,0.3045805400095052,263.58128849695703
46149.713305258345,5143.198214533398,1919.202717281383,1,0,0.8821438924588765,0,0.3799139199938867,1815.4121808630264
34375.45400612163,1577.6870544630044,814.8055622066086,0,0,0.5240446116379919,0,0.550339042704633,827.2997637372591
34046.62656383491,4417.799479751007,2768.462883810807,2,1,0.7882106371358235,1,0.66922007531066,2924.9431630423337
46782.448451459546,554.1496025278832,34.39039333268708,0,0,0.7342114850828914,0,0.26086743942912155,33.761245113783964
42020.69634900941,2874.47261309485,1145.7763474618266,0,0,0.8172117343359411,0,0.5022578655551393,1207.3848045290324
41793.87148619334,5578.930427544916,1629.677917854872,1,0,0.7281511593924295,0,0.4146465293442459,1720.2451660649224
43631.21107770231,4130.292051708863,729.0467382999278,0,0,0.2640438405253693,0,0.34496092432558306,694.5516098441739
19573.13452151473,7837.021144992411,1317.4293323979682,0,0,0.4341688018483034,0,0.29852923490941924,1189.8348780472904
47081.46415984378,7055.778470496581,1346.2681717150542,0,0,0.9519366984181772,0,0.2535219622874621,1239.450368881035
45349.625528163226,3193.030842823634,675.1309479881952,0,0,0.37874015092489915,0,0.31094157681700585,718.8151258678341
25799.802457082034,841.1490610420594,191.6223209748079,0,0,0.5778083208020881,0,0.3328624783470688,187.99327455954193
35071.03431590959,6842.197250862641,4365.563121493397,1,0,0.48554238060379157,1,0.4892447205594826,4661.632134015822
37528.31254846843,7334.257327360036,1968.3114792306721,1,0,0.2690389786619696,0,0.37571799294314884,1987.016075663965
36386.03858717921,6654.705450642776,1720.5219072969148,0,0,0.34495095119023333,0,0.2848113397358594,1616.3943343621377
42006.31959882242,1459.6245568982363,760.3320273120755,1,0,0.42933369700637725,0,0.5376265798382378,792.6061841035631
55176.4013819742,7984.363508092158,1401.131232782704,0,0,0.5706547885485219,0,0.3106747638669152,1417.436573179487
50981.20073207394,2439.3816616458034,1899.9960333731267,0,0,0.8996191885129072,0,0.6300675231839035,1843.6821315557277
22253.369678823125,5931.536846062775,1299.2675445183486,0,0,0.612493025740702,0,0.37766452034808967,1192.1343591245616
45464.83988367258,7310.261572517911,3153.6348451949602,0,0,0.7215239686262971,0,0.39475757401254513,2902.793692791687
53947.199834424915,2267.6533574803207,1397.378888291156,0,0,0.5407641213575524,0,0.4576673640896535,1310.325429423208
42641.702248270434,7311.939160077995,2820.943350814144,0,0,0.8960498815614504,0,0.3980075980052804,2918.509129017859
51091.765102231606,2821.111843961502,214.42199349353353,0,0,0.730097163272075,0,0.2992221961997171,224.19841085147428
62147.24534840918,7823.099167880421,2028.3864053198913,1,0,0.272504202511509,0,0.3721432920296918,2081.4959925178655
50284.51455328378,2609.4501528535593,1173.5926845149984,0,0,0.5820009658127459,0,0.49901395860750253,1135.3965585681221
40991.70314770075,7650.768685683764,654.8642052439398,0,0,0.8617873636082021,0,0.3042111626329541,647.0673976684749
50541.06168901704,901.5848816950618,68.38383463055037,2,1,0.7869242821324174,0,0.4027621828359445,71.24993487061113
39738.65399716269,5819.540087523597,3432.0080037581774,0,0,0.9242489182239211,0,0.48304163219505625,3541.7327797198013
38286.83651941946,4490.833503777528,1700.0980978301723,0,0,0.38213427117559085,0,0.41016069564616625,1792.928054747497
33783.029171435206,4084.07807842048,461.5492971875599,1,0,0.9817377313575197,0,0.2917286657741014,437.6537411930305
56760.960305985296,2176.2073569187996,499.9032776130435,1,0,0.42806213429589257,0,0.3780871836174055,450.3617521464378
28178.856008695984,5791.968423323689,1821.6250078366131,0,0,0.24014390207340314,0,0.4216504189052878,1736.534025844111
56388.41269613739,1931.0711858473032,770.524915568026,0,0,0.5965381017571901,0,0.42025901798596504,747.0842322538871
43998.36948488445,4646.313469885762,821.196368276404,1,0,0.28827099078116386,0,0.32154795392458857,896.83076516023
21208.325902376702,2399.3402228018813,1050.7255599281102,0,0,0.7450487528077381,0,0.46112217010067663,991.408376892672
42411.79151589706,7667.16034836017,3191.792162451209,1,0,0.9204450165992994,0,0.5146434251859942,3400.1551321442776
12799.681908180512,714.7339537673962,219.6576899051122,0,0,0.9370746174548155,0,0.31872939894609426,225.0398097937478
45506.09620197243,1997.9621008342742,555.584572178081,0,0,0.6856297941491691,0,0.3381788746652817,518.6422703297468
48622.77779586789,2317.329547905858,602.2551679595329,0,0,0.6282118966838284,0,0.3316248872128506,590.6322226685247
30891.72853217536,3605.508693258623,1469.6203981360436,0,0,0.995193138564221,0,0.3807819424129483,1472.6062721191433
39482.57235146699,2245.476814025402,502.7833614450888,0,0,0.6635405751887122,0,0.31893840977589627,487.1116205250687
61449.889205003434,4185.118177015889,1258.6851175530733,0,0,0.9419666590497815,0,0.4004152956108668,1189.7469633900732
31931.03954885676,7043.491424439042,1906.8358866982542,0,0,0.9332760404352527,0,0.4096576114335907,1812.5813471801034
25293.108955320793,5840.475660568781,1882.0714194530503,2,1,0.43161103668080564,0,0.504218647613876,1914.1440865952077
55779.960829551186,4849.714854013333,1944.981458975737,2,1,0.21100086046202238,0,0.5388752209363693,2018.1540158990465
61551.046286369536,1167.5238348700973,568.937496622711,1,0,0.5513347262385456,0,0.43253324157094747,565.4068137370143
38044.34806217417,5704.940812919567,1802.6725821643277,0,0,0.8890961088891287,0,0.28566733636682684,1961.9335984567529
50137.55642490028,1748.1071323320489,1332.1934976947236,0,0,0.8689073736675008,1,0.6079275715730967,1393.0924390408893
54097.71098637057,6397.755394712734,2137.17178396411,1,0,0.6829353500265234,0,0.45367392693719144,2304.6225981377734
29090.189209539392,2375.425688826149,617.2465039899971,1,0,0.32532672801782764,0,0.4052692498187428,614.2421857953896
32176.32997558558,3627.8654624067567,385.35216779883666,1,0,0.28607017114390665,0,0.29402460654279405,347.9639847291459
52770.49415785682,3128.5265173844596,840.457514691223,0,0,0.9637455870228904,0,0.37398510271290886,855.9337883892146
58220.171344502116,6941.104360061426,2748.946049787245,1,0,0.5371181455882057,0,0.48437351852375715,2923.9216225905484
44754.57032209226,1449.083440350561,914.3208912023033,0,0,0.718528813386994,0,0.5060914987307108,921.0018447963006
27442.22775797535,4742.336617885914,1613.6611422134802,0,0,0.9246915319642919,0,0.38500340754204376,1635.5749988051646
61844.73334039329,1565.4620708229668,451.69212571265456,0,0,0.8959145410564733,0,0.30783145746184054,494.6002484306205
31628.349226256425,5785.9687709914,1760.4332809534653,0,0,0.6535225457045359,0,0.405523833429387,1713.3037302450668
33978.34662594258,7288.085958458609,5030.299265661444,0,0,0.5903241444582161,0,0.5406002331361995,5334.001389480003
42108.05401387546,3759.5574040044007,1841.5112028835358,1,0,0.7882073704908716,0,0.4584611407392737,1843.3800566519335
56649.92504857729,4160.691951987319,2025.5988482278947,0,0,0.47971655393608875,0,0.49636048027598245,2010.8974584582
48247.711718626684,7455.671273620716,2061.8731911166383,1,0,0.7003125041003448,0,0.34437781646301724,1915.7181607367834
42978.38600434292,4407.435414870179,2440.0991254210403,0,0,0.2185219468877131,0,0.5190443135297683,2561.32085066204
43559.462361417274,4156.988285371707,684.2416667087518,0,0,0.8594500486004624,0,0.3460516953699859,728.4839695685104
38522.17602372159,4837.468270282281,2727.8112989452943,0,0,0.9984258201756726,0,0.48932046398256296,2690.1006416790683
44697.67417422208,5669.22302272214,1485.8395170087128,0,0,0.9637651938871008,0,0.4015108348697173,1564.152350923853
12000.0,1301.6253131527355,398.2430382848678,1,0,0.48791587243025164,1,0.383559076048009,404.7041960055127
34440.71049116242,6658.32895806137,1520.565098826152,0,0,0.6248810256353308,0,0.38138310225079647,1446.8342093219176
40895.863219001374,3766.2877058994445,1663.1926799671592,0,0,0.3889735704989855,0,0.4240700109342894,1804.136792841471
24187.830996565914,1042.6138242311415,432.5157831170578,0,0,0.442389924275151,1,0.4600818539146231,449.5371315351017
42635.87981373872,6396.370018986599,2823.6285873049897,0,0,0.565876881322104,1,0.4344537539380043,3037.2838757139425
35546.34534816654,3327.1247876470406,472.1536258084158,0,0,0.797664725482853,0,0.3272711325439343,451.51715304729356
59065.70837978588,1252.7562132129046,245.5009789072299,0,0,0.2143059126710731,0,0.35231850630792827,265.9444930203336
56876.23670257827,5253.3427965743795,1970.2379840946044,0,0,0.5150193043321033,0,0.40282359482030733,1916.910285983713
32410.333170582046,7100.985150752313,2850.037410478197,1,0,0.6451975346587189,0,0.41349097756025555,2570.4669157279895
36189.947461199656,7158.151320604898,2769.233682254376,1,0,0.37214643374943,0,0.41560092711648167,2533.864569536771
37112.62921269929,7682.476061067299,1091.8457957323978,0,0,0.262782958476832,0,0.3168237882804277,1002.1699858768494
32580.086286084526,7007.79094825016,1061.5821015432675,0,0,0.6316590874546626,0,0.34112237959032765,999.4038298169615
40340.29980833752,516.0568950910641,192.06173229797557,1,0,0.7102479875886238,0,0.4269711382054272,180.0203062083808
28900.615173348917,3351.808748100427,2643.964783205265,0,0,0.712801832301156,1,0.48503050152060256,2410.182241160267
24432.615980749684,6639.069349291273,1048.1289615950138,0,0,0.48526750802847424,0,0.3552615996109679,1131.0134134997509
45472.53468680322,3246.8975449885565,442.7775292524594,1,0,0.3898894367512538,0,0.32749328699032343,471.85119479032693
45554.35501066173,5011.613797847796,1439.7725082669824,0,0,0.37630915121272035,0,0.4263931422409247,1515.4536413532778
28348.210884080094,5047.37710530899,2880.387206508351,0,0,0.23241915204584532,0,0.5407471355772145,2868.3664267334116
48744.26516915119,3237.689780291173,1682.2974700481293,0,0,0.3477466815719774,0,0.4669055656684815,1657.1128557574827
30421.06725001602,7283.554454609657,2469.3858719525206,0,0,0.8548849016871418,0,0.35589283843736713,2432.5250948943403
41037.982856455776,4274.212590395882,2059.8511278762844,1,0,0.20244101260886121,0,0.539138605567178,1961.7063939794793
47844.128151349476,3985.881544531256,697.2522395085068,0,0,0.23511088204586353,0,0.3800508780955047,712.348812200581
37596.64922355545,7981.353092464219,4702.854987158233,0,0,0.30161515222325375,0,0.5450075158902262,4288.138094755324
43456.89094569361,4201.252730544626,1077.061851300611,0,0,0.5361924661406035,0,0.33351987279852535,1111.2658699055896
31802.84427334914,1837.986889464358,688.3125494463412,0,0,0.466990267491793,0,0.3664307722965884,690.2202027010734
35642.40099886283,4348.020671475785,1532.3314436458586,0,0,0.3422686864435829,0,0.391207535167439,1629.3342208947183
35529.686829435916,6605.125516399476,2713.1663199518935,0,0,0.2887595792855209,0,0.46923859884442365,2969.691820159135
29041.059841517133,6326.452451737111,997.323392529393,1,0,0.9510900295518221,0,0.2246701650740049,1072.4438126023276
35878.71004261061,6414.363238313533,4999.003791520449,0,0,0.9290001770343921,0,0.5716462688096581,5218.884118210368
19416.580413635038,5810.178379984338,1250.8895655128774,0,0,0.8175188867090242,0,0.45399570406794265,1234.0734599620337
32106.155034294745,2406.633718000162,1438.5511271997009,1,0,0.4016175797793342,0,0.5047348676585776,1356.4168382735818
34581.49407956395,6965.6306438017355,3180.040210179837,0,0,0.45895842561377304,0,0.4569384935650969,3284.900965840423
34925.84297005544,7200.825990321988,2056.5789004618805,0,0,0.7326759746108389,0,0.37748715041309616,1933.8419052025004
35102.03064955065,1956.145224639118,236.23912621241595,0,0,0.43335911607816957,0,0.3733216031136203,213.57240491690703
37258.82960167845,1478.4172741354544,432.58522184694215,0,0,0.6244982505818848,0,0.36875421113832385,438.9211229304066
43753.29821703277,7817.037264418341,917.7199426614773,1,0,0.7210270755143877,0,0.230969864768295,898.2882161735108
48494.20488959027,7012.429727377759,1748.53452091614,0,0,0.6153570372103652,0,0.40342863536080803,1880.0308446472634
30202.817277820795,7199.2711040746,1997.8302497414693,0,0,0.5306278109721206,0,0.33211256600930095,2056.079012968217
23561.589735330264,7147.822884682963,787.8516649486387,0,0,0.47831521084601525,0,0.23990374935087616,811.0539127997131
25495.467053082764,4562.651180252962,962.7335241121317,1,0,0.8221999331539946,0,0.40599572631531966,1018.1663817757944
32153.564945660873,5348.013024993497,3335.0253107110666,0,0,0.7911991959821094,0,0.5603526422426588,3225.4043635163657
33776.944186201894,4590.221391002313,901.1740261026704,0,0,0.7569824513146868,0,0.3237364141024186,983.7525585627905
28760.04720563051,884.047618927468,205.90232592901074,0,0,0.49974169055568923,0,0.40099897728544404,194.42621531023588
22446.600029001267,6091.273140145795,764.6728306576526,0,0,0.8205893010786236,0,0.34550097341747765,821.5155344185246
32526.550070309742,4289.990250019102,1875.4275161436906,0,0,0.9661629055828456,0,0.4194243840953526,2029.5280199961142
40177.11944136766,5357.818060926723,1527.2080982482498,0,0,0.7511836152931934,0,0.38589189839836263,1386.4118443646157
45140.353590026774,4269.798537316515,1352.4123264866084,1,0,0.5263194008559349,0,0.38825791119680125,1388.0678940567589
31310.923362700145,4188.5849174184195,1385.9176523273786,0,0,0.8371850102615754,0,0.37229607946668786,1455.0530013302175
33044.02613427879,1788.4183210832512,557.2994128722713,1,0,0.6874416608417042,0,0.3919906986967312,607.8832964805458
26879.62029383227,2590.352863558617,1563.4979935418335,1,0,0.9021416360750196,0,0.552340993034404,1485.754275071885
37622.729955502684,1691.3951895796683,387.37262955474193,0,0,0.7705460253153358,0,0.3156814705027163,392.16444257889196
27818.856389710225,1967.4972171900683,996.5833532393224,0,0,0.8159360430007234,0,0.510853176502477,1051.0202176115233
44877.5337588944,7797.330353152287,1450.7958295119913,0,0,0.7339491705090151,0,0.2594321163176106,1348.7629603349742
16569.602096790666,1648.3508432914882,740.376808974714,1,0,0.27361636692924185,0,0.4609117615059351,792.644765515916
33684.44393057045,2519.5281822890574,211.10601951464278,1,0,0.5880937759531984,0,0.25824697635647886,207.03750119070776
41613.28807030091,4929.422433039387,1198.5676829025629,0,0,0.2451918998894355,0,0.4225249068428207,1232.0678523095553
40206.014195870055,5076.3393217748135,2060.201201715095,0,0,0.5580393224184337,0,0.36815890459881484,1871.502469943749
70316.40396776596,1654.8059730787181,482.9214066456651,0,0,0.7731415908723409,0,0.37174553957582146,456.1613927246293
42197.60029481489,6452.880693389093,4861.476717424639,1,0,0.5370043773484383,0,0.5557247645508377,4840.266086721148
25951.34483789588,6389.0215093461875,2363.84754919318,0,0,0.20130420154751105,1,0.3937911151155896,2264.1922479302402
36854.42903493113,2279.8827815291834,701.6850577680232,3,1,0.49542807448066295,0,0.44298223287153243,765.9374116376895
16685.04399840258,2664.997270065953,1096.4610766094327,0,0,0.2542071865522836,0,0.44204128631477557,1161.1374786650683
37032.80300843887,7534.908990946227,2695.711073136147,1,0,0.8244771107992486,0,0.4200813890428205,2892.4332412796593
28003.327315990893,6692.535844846086,1641.0848300246946,0,0,0.82700125543348,0,0.2911888423337472,1630.0297952532399
48984.68330672194,5733.477747968929,1532.3043159649324,1,0,0.8451028714968201,0,0.395198313130278,1524.2266412765487
31405.51670485358,1116.749161329504,512.1878387795828,0,0,0.22426175309418747,0,0.3929513626024151,543.4506589479527
36598.809010457044,3636.980606769318,1437.4424647719645,0,0,0.2258154471078517,0,0.429023748239674,1405.1094219136526
30373.30590314716,4694.764040576203,649.6848139635296,0,0,0.9227594869247486,0,0.38275616090195697,647.1964305744834
58866.21622223998,1905.5846598783269,707.7912243594221,0,0,0.29894710422513254,0,0.38274227222395785,711.8383366617077
34145.08680658506,3861.699365811684,916.6006439046084,0,0,0.7360721843552682,0,0.3448516131695423,936.244803213854
59990.684521750416,5007.694081165175,1678.7930191727817,0,0,0.8363635137569518,0,0.36930766057544495,1729.1469019927079
47769.8211454192,2955.3251008654943,896.648592340165,0,0,0.5582909629844739,0,0.3596949946548149,929.0627504059177
43784.80072802463,6357.086142128654,678.0738018084945,0,0,0.6371776741713494,0,0.31041432827584003,670.4806312140456
42424.79776781024,6803.371862291041,3121.067003351761,0,0,0.38190457886075074,0,0.5209695836363776,2993.1949251247866
42725.567578595015,2927.0710207555308,1644.6890626224301,0,0,0.9388799641143168,0,0.5014465349206557,1782.8936460201232
14867.929047852682,6789.928658693429,4098.7811982648645,0,0,0.4414408822715441,0,0.5693545978351078,4366.613348574841
34653.39927019092,1276.8242457726128,216.72122003713844,0,0,0.3742489515008607,0,0.29735895126045886,195.19808924165082
48141.89565421186,6782.968239669923,1679.0904877821756,0,0,0.6203228200974629,0,0.40573293541178723,1683.4304064339713
37413.233798310735,1645.6282375071244,326.075366078305,1,0,0.35241097832068013,0,0.40567634959859905,311.37608721184654
21137.721838357098,1121.9536438229452,242.28536940760483,1,0,0.7493533035022981,0,0.39591536479191064,249.2015985692218
37371.14659307036,5313.315533307584,1651.7012154663216,0,0,0.6120923597378001,0,0.41907282760142484,1652.5732593257405
58449.266195065895,4039.5302431647074,1242.0803868844835,1,0,0.3182435632087872,0,0.41363445570084256,1123.1304393387259
52962.700586416635,7309.179503096246,4340.741458692812,0,0,0.2537971346842187,0,0.48689845528315356,4538.481789990082
37255.95188760762,3223.918970681369,581.4028011811246,0,0,0.309562795792795,0,0.27214850066741014,555.2846488344804
49417.39132469704,2653.641975782215,1425.749392393288,0,0,0.30929972411580825,0,0.5183723328798691,1357.3808649606442
33601.91575558338,4255.511796081488,1754.283070488618,0,0,0.4502804200926629,0,0.40407838014528236,1590.0562529004897
17553.540958079375,3919.5963932649597,2362.652234293019,0,0,0.8666165193530004,0,0.49297466141162566,2517.8010693362653
26906.408142445347,3083.210346628912,1124.3177623636714,0,0,0.2458352162358983,0,0.35460944223722857,1142.0458947963396
56754.665222098374,5703.059740237464,1456.7634272521352,0,0,0.3024711510098965,0,0.34197165671244634,1452.3473121315576
34712.083018048346,6196.713754354312,422.30871288596285,0,0,0.44231934620773394,0,0.324125432710626,437.1581689717819
35079.39224749978,6897.3797677260245,1295.1658324466878,0,0,0.6426665431230574,0,0.3727498282144492,1255.1115563443486
34401.94164470143,7796.424535327571,1459.7890084326962,1,0,0.8103062723549173,0,0.28150472820963157,1480.0726245911137
60849.63907487608,2499.9214409937836,560.9419608772789,0,0,0.9369531620382898,0,0.3123063123494339,532.8133476519275
57511.506984344756,5870.701118674711,1775.279494241187,0,0,0.5296705669128345,0,0.3140673237105749,1620.1041400077538
64625.3628013776,3456.9367662180894,1603.7964678149276,0,0,0.2846678515385812,0,0.47337970400090634,1623.4729180652707
36091.457475199386,5578.1147896333105,2756.7078722418573,0,0,0.37081243468972497,0,0.47988146498044676,2602.989276051565
41547.49386496514,4069.8626776191527,1390.8536870495107,1,0,0.4297981042294545,0,0.41469367869043255,1460.4081049150127
19800.289406950506,7953.298270759487,1042.842129093037,1,0,0.8288781155959566,0,0.29127003649957245,1032.7981326269069
55723.21311341929,5966.766018430624,2032.991601046663,0,0,0.7493146540811466,0,0.4296122638381053,1931.5040421088706
23986.64538478478,7643.684753257434,2499.537224040526,1,0,0.3672042587233403,0,0.3855293859299173,2553.7001300387005
40601.30676515155,6762.271621108893,2556.7058986046104,1,0,0.8709964040508067,0,0.45843481214952475,2360.6683201813435
24832.36966840587,7271.757583725283,4309.264692381845,0,0,0.887324675479805,0,0.47285845620705896,4534.573632085083
30933.59807913565,6608.143979110062,895.0682547600594,1,0,0.9059510199669172,0,0.34574583997461283,886.5074561201199
27952.850827403596,3943.6934778193354,1170.043328776608,1,0,0.42000335098212976,0,0.40082556266172853,1243.2051151094836
30705.496871890187,2388.4134001016328,282.25211001399583,0,0,0.30698419593206333,0,0.32957825942418006,261.8224973784934
31530.527562212257,3277.4013158789166,833.1062237908344,0,0,0.28316592558421716,0,0.3513959283967846,813.5352717226172
31420.774460899076,651.7717447996283,80.14071740858829,1,0,0.5200702027517545,0,0.3754966358786557,75.0121873076716
48000.00694136368,4429.948755985004,1763.0079982940074,0,0,0.54345984822374,0,0.4004944949056632,1608.2848540988302
24741.64648324976,4287.933502028065,2110.521655103366,0,0,0.8945679983793411,0,0.5627320599204464,2302.7258651373927
40646.4971241664,4439.378486228661,1584.9241149889306,1,0,0.41420483588874735,0,0.4285302057647905,1656.7682664265571
52615.5098276667,7805.234187290479,849.8693173735826,0,0,0.7015137133061695,0,0.3448273888509457,820.2267726186578
31841.64362583925,7335.905025911295,2013.7339505930506,0,0,0.8305701678598099,0,0.43172348060015214,1911.4968269723854
29384.973311028778,1712.84583747581,370.6926512278444,0,0,0.4153223155355214,0,0.37855694179656924,348.7715127314343
35233.70449783699,3266.618911669169,297.61196109279325,1,0,0.41371167742175663,0,0.3660428901133966,270.41085003328567
52156.70250032852,3679.671345974464,2340.5618251945148,0,0,0.7353242098828834,0,0.5741224390392055,2154.566439516567
40329.29157144029,3203.9968838873583,1989.9961136360191,0,0,0.7809090243038574,0,0.5588532982152755,1831.9534749374875
31625.428464708817,6488.719727029348,1038.8159606553438,0,0,0.967810113006434,0,0.3408831679005556,1073.3597035423031
43806.51981425648,4430.282524006901,1941.6715625305067,0,0,0.879952536526136,0,0.4625679022863583,1978.4497828052097
24772.49420196292,4790.748627287187,1480.4029579681317,1,0,0.8576411230959153,0,0.4338504432171165,1500.5936973119988
46176.31412531537,6897.601692409441,2056.9085498164927,0,0,0.7538513789578425,0,0.35073036635219157,2153.36234363133
42903.28769242121,6544.46115061519,5045.9978531980805,0,0,0.29478930683835025,0,0.590917623465259,4794.881000763854
34306.29834633339,1491.5864211522476,636.4140948106976,1,0,0.8473929803059852,0,0.46238217886376354,616.363869905126
27936.970418633227,5854.359380627257,1176.035309062862,1,0,0.948257380690837,0,0.31138598862524225,1088.2329074803333
27359.828932598513,3765.7709667652666,1194.4105251166407,0,0,0.5125742531939719,0,0.43135337599336443,1215.363080957619
44417.80803615092,2709.8667729687536,732.4115519789037,0,0,0.4509295667088604,0,0.3631864366897621,795.8245584888983
52747.76602986874,875.1411567663977,372.8792555362318,0,0,0.6179853138560953,0,0.39063811176026386,399.9605685033365
30352.307035654463,4154.371702590883,1157.0316272269515,1,0,0.965164480375299,0,0.35113373826215233,1169.7587000746348
43500.64044261781,3165.7751054339856,1506.679820799253,0,0,0.24066581933875142,1,0.5026203290452348,1550.2553306944847
12955.675776775177,2386.347797573006,874.2703475759182,0,0,0.7671045125785212,0,0.37317032304172293,960.3525752257613
30984.587232113605,5710.037971977182,295.89037587506664,0,0,0.8517346665658925,0,0.2348631469118751,296.9173948965225
37627.29280554918,6271.140404866903,1018.6036252682367,1,0,0.8309993333788286,0,0.34385593942148834,1094.1001245270302
27083.798996217996,2335.921392720686,510.0175106591104,0,0,0.6534195239762626,0,0.29557579843871284,510.08455372604766
26761.92350252485,870.8557750951045,267.69859310070404,0,0,0.9364503977381686,0,0.4109993319781752,243.49159389635113
29986.645322373366,6865.645254239263,1187.3261668427333,0,0,0.3076190068508467,0,0.24544113813676433,1290.5431476161295
41506.31273991648,574.6980590322748,94.93671326411425,3,1,0.3961204773950897,0,0.4433391519658933,87.56735111626838
35752.0517791235,7528.34370441104,3451.6887627963547,0,0,0.4455650424678328,1,0.4525916103195734,3592.647454116024
12000.0,5207.149054870294,2538.175946526427,0,0,0.20694192775328038,0,0.5347169778707683,2405.154689548688
12551.598168379205,2913.849764009902,844.0315588688935,0,0,0.49653540576600963,0,0.3023619951290468,911.7290846245843
30717.617865713895,2348.5843218255213,641.1452082758564,0,0,0.32852787026288893,0,0.3469999441313792,602.7391786819484
43492.239032642625,567.5424819835644,155.64306486863654,0,0,0.7797009217263782,0,0.3941216171297891,144.4390797398553
12000.0,2266.0356275815784,1402.8920356462295,0,0,0.5319622457019182,0,0.5266668045334358,1385.6962149855797
32003.23788618043,1532.9622613785582,248.1004124328706,0,0,0.7635675576734808,0,0.3028614130524984,247.93571173341508
31685.025721790946,5091.2466554235925,3738.374950704825,0,0,0.43492261579643166,0,0.509684871038302,3976.8290548598093
54660.05333850137,1749.0919144535098,371.3309929623098,0,0,0.3055341979372817,0,0.36235777707478384,390.81864818174125
33379.738259445636,4464.723781524644,1348.0328435865044,1,0,0.3055912188440649,0,0.47644863393048537,1301.732987730518
42595.86781689114,4925.8731675835315,1394.7033158091908,0,0,0.36261100195022017,0,0.3479200161729012,1362.6111402682855
39695.08568104956,2735.3127376018588,553.4321225885237,0,0,0.29217255409671294,1,0.3440721831187038,561.9184907794543
12433.202242313593,762.9871176403904,81.199970861948,1,0,0.3764376591251816,0,0.31195393226126633,82.03756521583217
47218.48659958085,779.4041046064708,185.40225546300903,0,0,0.6632274757435521,0,0.3410563055236824,198.82710660928666
40584.75806547546,697.604991454382,225.17255170255723,0,0,0.40506881197092365,0,0.3935382174189879,223.93292242879235
44099.22367609508,6043.435003524097,3450.3687093234084,1,0,0.47435724918722566,0,0.46548180879956047,3721.9189425162026
85114.85247723592,2885.072786107236,881.1390599325771,0,0,0.2421871868312657,0,0.33197378256948645,829.1644866965102
12990.644726016937,6472.251394757477,2148.3036324987274,1,0,0.9137672740558382,0,0.4594993172619319,2306.2579811987944
58696.3597971333,3737.9961788213686,1028.766143485112,0,0,0.31052879366319747,0,0.3689350778191482,988.4987152374692
34550.629767195736,3897.485756224729,1934.0670147820665,2,1,0.47893266848278143,0,0.5952578846075417,2045.9557531581647
41447.94685283611,4346.619518821803,1287.8348726677607,1,0,0.5035834002706485,0,0.4008680799493512,1304.6765045786449
37453.853056385095,5847.735922813279,2649.326322636749,0,0,0.817701015221048,0,0.4157084058682263,2848.3235106817765
32909.16399922348,2551.271493722803,557.7496578584705,0,0,0.5868342826451858,0,0.2961768623373411,527.7710337703865
31162.004861134894,1411.9051215014517,477.1296474510849,0,0,0.5063650310543661,0,0.3773947711711739,496.3578762064594
41954.10482687611,4670.430013935961,2599.7739973381176,0,0,0.7566997588723565,0,0.509382497920034,2781.217265888954
19793.91563993985,2952.3321743205447,885.2874024386599,1,0,0.6776118005614884,0,0.3518448855549242,934.2775229520382
47006.950010261186,3818.6848525102805,360.7266295557649,0,0,0.26250766702961115,0,0.2737988311677106,365.4881732804093
33005.66714137695,5352.10031252979,1942.2486737886625,0,0,0.4501602009660672,0,0.33292369422332113,2010.3824484735662
24439.16793151571,4205.943058559529,1163.762781255871,0,0,0.9828865028794151,0,0.37295334003477476,1093.1263607503251
32599.845704050236,5152.091128256321,1548.2079406703758,0,0,0.5866681624245549,0,0.3882493859581658,1460.4132986533964
53085.79060235088,4581.500015852209,1700.0631899600653,0,0,0.5393544558488124,0,0.4168262037479061,1620.9390273671295
31575.978955805323,6048.472789520743,3383.6675056198883,2,1,0.3199358410237646,0,0.5614072497652178,3605.645361105854
42301.443418515446,5794.5246328371495,1262.8773826358993,0,0,0.8712561390921236,0,0.3086248609076162,1178.8807927098376
29228.52469141432,4506.424188564644,1488.849606051974,0,0,0.30664630199364745,1,0.35500598905317776,1428.9748108266406
47095.06219908343,5591.772656447802,2223.6608668242534,0,0,0.28406699535387825,0,0.41196561133608106,2410.6414965499494
46226.09286548245,7051.697017044596,3346.9677364142135,0,0,0.5512002804198063,0,0.43508871568612534,3517.820660186691
60183.305999556935,3742.0346584112644,812.9292207609049,0,0,0.5493175034953075,0,0.4042016557938106,850.8321582793739
35893.232654009415,3595.7230456159523,1024.349887679814,0,0,0.9851751893444549,1,0.45039803284803354,1015.1597144518338
46023.85765709488,6231.842156392851,928.5677943793938,0,0,0.3020267892583878,0,0.35324544175782047,966.1490794284784
39176.81047446733,4869.153777814955,1671.923178007487,1,0,0.5870616789368341,1,0.4084554554909593,1693.9015530329991
53550.461382356174,1032.550851669414,424.14216736864574,0,0,0.3609962496779935,0,0.42214043437012627,387.7901822875596
29374.011348695236,7190.84011768311,1218.2848164119748,0,0,0.7614111133719939,0,0.29258317576424153,1236.93094317509
46940.06375452737,730.873266782301,318.22919666687466,0,0,0.513349501654343,0,0.4485782049205886,315.18993471201577
35663.63244659982,6112.972671573073,2791.3180971023717,0,0,0.7187743115206455,0,0.4489580538065439,2575.807551962662
37229.741874698026,6190.956070282346,2188.3350568227133,0,0,0.47072894690210226,0,0.36769482208574444,2120.1749914384427
39101.029813380475,7648.333139614479,610.4770727096947,0,0,0.6516367893070278,0,0.2542645894510297,658.6800218964424
41026.884757120126,906.0080630174057,378.4151929172924,1,0,0.5753095801503344,0,0.3601193616408721,401.40031953049265
36605.2514825365,4976.426455883682,608.8778751019738,0,0,0.4994919819762819,0,0.26440976463650145,659.2811828358278
40576.55819804632,3708.804279702897,1353.63308880331,0,0,0.6300198341343879,0,0.4301804125833402,1412.4023550834925
56937.41669074621,2979.7471614465653,1073.782104145487,0,0,0.507038941638249,0,0.4534807148343663,1102.248854185355
49825.39622738262,1177.3892022430477,409.71996512793953,0,0,0.8448150222275057,0,0.42769412261050965,380.1576555693706
48429.85510996276,4719.905897534819,550.6041734251818,0,0,0.596190080202309,0,0.2823648827525996,507.3497706896434
32533.52568771355,4092.8054425596024,1366.5346181114444,0,0,0.9225018131892957,0,0.3336916909881352,1297.3205814826213
27329.110061260108,1284.158436132682,546.2892366056002,0,0,0.3782433925777471,0,0.393585960473642,525.9888201249369
49463.60669885304,5093.671303228125,1007.6952727776547,0,0,0.289699103828095,0,0.3566790197455025,1029.267107871604
48512.56151035753,6034.648401897039,2885.788657109245,0,0,0.5047738876066654,0,0.48146523071622316,3103.555510142748
55672.04810901178,6254.587257902362,917.5597623531855,0,0,0.3469276491091483,0,0.2899947015083367,989.2634977407878
30752.232488369245,7290.298911968205,2727.8706266748313,2,1,0.5144955144829821,0,0.5021416956306377,2827.3597134472343
35245.416135675834,3571.0305641658288,2129.6364905404366,0,0,0.3659287555018529,0,0.5953991944590382,2161.1184672879167
18326.19004969479,7648.045764666027,2355.5697163585473,0,0,0.8945730471785405,0,0.3181309293620841,2235.147630668452
33290.34672726953,6990.720538120146,785.2849319770053,0,0,0.6543236238317239,0,0.3009546262094996,854.0671753534938
49958.846126953365,2723.7617826795426,1319.6900761278962,0,0,0.5980714119853104,0,0.4194618304053226,1364.8532564689217
32402.055449261625,1694.6227801209386,569.8950610830518,0,0,0.8301960752546369,0,0.35522110456253925,573.7084789930377
45685.75754240988,3765.420470960101,2449.660690840705,0,0,0.30429361053790266,0,0.5594409601789052,2255.6261933784835
35713.962728026265,3514.2403096697494,660.169519365833,0,0,0.8856117764164133,0,0.4024054012719104,703.197164990465
41888.68433865873,4817.894789984032,2012.684913894302,1,0,0.5866432465649922,0,0.46270213807683175,1951.8987716086685
24227.703322211994,4875.39674245811,2252.2996916051798,0,0,0.30914658361965597,0,0.5204068210815767,2432.7479483931484
39022.51339560681,6124.902382849814,778.5146079532411,0,0,0.8555291729030179,0,0.22991731698386936,726.8858332917182
12000.0,4324.1746115420765,936.1311622260694,0,0,0.5686201683294817,0,0.36707641124489476,851.6163114688335
35757.24610205618,1286.1698070557416,229.795867043202,0,0,0.6836804339655167,0,0.3666288408035783,226.79602400025973
18434.32107541832,6937.1850166482955,3684.105777614522,2,1,0.9148871086809864,0,0.5792040189591906,3373.3906605117168
52471.934198561794,2823.234373888903,961.7213113014105,0,0,0.9125533057763324,0,0.4365171378203388,877.4366258775603
47328.88823317413,7784.73095229944,3517.771809642142,0,0,0.914255113245162,0,0.55651058551338,3668.144070601189
43600.05178359297,1383.950815098276,683.596967264618,2,1,0.5335339673543653,0,0.5782764343379889,650.4255139773172
56252.074725912564,7686.883791743774,407.9036940596741,1,0,0.7996847054240421,0,0.2581875151629179,419.23123762181075
26613.001750101954,1182.5885516188773,777.7428390524342,0,0,0.38661668779536174,1,0.5913871632097552,788.7607555232489
58968.358374986696,2232.771034602946,427.66450519667933,0,0,0.8649415908236258,0,0.380526791514455,396.9370444594169
49186.29877112462,849.349565649062,417.63680823021576,0,0,0.4733778451194554,0,0.46047897301906904,408.09623269838994
35161.33655337265,5788.348599792462,3305.5472940614773,1,0,0.5711299695683973,0,0.4848727535782553,3018.668024686863
51627.441766195334,6877.240524288439,668.1927525527811,2,1,0.9131133185550204,0,0.43799419575518783,657.7252855980786
24724.47785106039,3755.5331136198533,2056.867725923727,0,0,0.8445919612753461,1,0.4789990378833784,1926.199893091552
28105.83006166792,7463.9155628182225,2114.4299608464744,0,0,0.9620089641113381,0,0.37531770014969135,1943.7148177143174
30696.923321123595,4927.2430381669965,2011.3137259492705,0,0,0.4907783918622222,0,0.44587785326740254,1937.6937019794723
31652.26750323182,5225.053515848924,1997.9206440550647,1,0,0.32086821572606583,0,0.4146295795949981,1799.494859003365
25321.308286876967,6840.644012755774,787.9875758158759,0,0,0.9283283384624881,0,0.302655954645525,828.611332764933
52676.9968051439,2726.001537888792,1403.8860323445938,1,0,0.5945235096874908,0,0.44872889022639867,1307.9118096669556
34893.74719556202,3156.9929099571937,1873.9413616976767,1,0,0.9115206328724661,0,0.5396282319201,1921.10349177072
42230.059620282555,7294.639393959833,2512.754335776247,0,0,0.7856588741866228,0,0.3888093207839697,2679.893820243692
31155.783603035834,7257.226220290729,479.39890715760936,0,0,0.8998423244176288,0,0.34104444466660555,519.4036222648868
16152.760393417793,7823.620821506532,2237.413983868437,0,0,0.7237783485633722,0,0.38340751743891405,2263.177701209137
41240.68830069707,7263.787373312533,3530.5238130471157,0,0,0.8498976109765286,0,0.5098936829936012,3734.0823953286513
15052.940294962678,1455.2902702502067,848.5762561808031,0,0,0.29626879907568604,1,0.5375547920222705,840.900329517215
37176.391446974376,6677.932146027405,2013.7452733210475,1,0,0.9746357513701323,0,0.43053204342718243,2009.790590308693
21580.219534006275,3573.7885858219556,589.4855883701832,0,0,0.34478337811345205,0,0.3063136001476565,594.9998947340886
61847.3119907697,7931.010169594534,3699.154345170008,0,0,0.21960221431810237,1,0.4125241271452442,3825.0269762337794
48936.35266609666,4042.107232466008,2027.2901520696537,0,0,0.6246458999554276,0,0.43976684122016574,2096.1845219538095
39269.045495257764,4653.7706187666545,2910.3100250336897,0,0,0.7695298102526194,0,0.49253785934510524,3076.417671617692
53164.48013185602,4473.3118644259885,2192.6412015224055,1,0,0.77313474740039,0,0.4378491269736995,2243.9244413081747
27844.20827041117,2913.0277239370835,915.9024320973102,0,0,0.4713862761248424,0,0.34449728099243976,985.9935453706141
44521.75254404112,1062.6656666968863,186.79922067272167,0,0,0.8030654691210546,0,0.32446616570898384,194.6162476755816
40397.72520462456,7217.384228014389,896.7903135371843,3,1,0.8740480434983382,0,0.4357955282068447,973.7264337807792
41168.24097600404,6520.068593947151,2917.0710817866807,0,0,0.6880093938987435,0,0.39962188323540015,3063.1794581402974
53268.242001281214,1546.4508541975194,466.22244776099643,0,0,0.5087936057760787,0,0.3587533330270683,488.4803125876804
46789.905233357626,6325.762035125546,3524.571488146129,0,0,0.6908596673329712,0,0.5416483722256002,3778.6206280049446
41464.683953900276,5193.849995379575,2432.4143741389075,0,0,0.8897843202810587,0,0.3988502325685798,2508.2133533549063
18141.350765260446,3568.578409382167,835.8473857533437,1,0,0.9203774086696108,0,0.35537415170791414,782.282159336424
26479.444456646437,2405.1586182167202,1544.0370789231167,0,0,0.22521330170359885,1,0.5624544581175607,1415.254608215595
36527.49279685131,6947.965876266743,3511.5550851418147,1,0,0.29791884670478047,0,0.5608809723974465,3382.207744127205
39120.468491319814,5751.411944705398,2478.826037297109,0,0,0.20361123834229958,0,0.3495217787955427,2634.691579279092
24437.555303912915,4608.049321018527,2034.648792035654,0,0,0.5939537458878568,0,0.39598595331152786,1840.0174855749217
66940.12010694106,5071.764004238481,3363.617468985301,1,0,0.5491127419842106,1,0.5601484576917319,3128.1908948506352
56196.72866304287,1182.9963656163573,468.94888139484095,0,0,0.6366413294333727,0,0.41343529702808113,432.0065709026527
45225.4198447098,4054.3982068339396,1253.4544903243698,1,0,0.7469173855738214,0,0.27950506806146874,1137.428467782351
38864.442335404936,1952.752195892765,639.4025904217194,1,0,0.49262699355032213,0,0.3795411950535302,679.0818482819718
35453.49236118618,2062.8775925661903,1069.1030336095955,0,0,0.36686181501067633,0,0.4469442384768436,1021.9739447444935
26576.978479733174,5459.7797171515,2098.559155756675,0,0,0.5158563027085279,0,0.3570049534487683,2194.642126803842
38929.76622222635,7334.42113875716,2923.1943264443116,0,0,0.2072088005494547,0,0.41413246885215,2713.842229302241
41093.03048171301,3528.174578587599,506.3669278885188,0,0,0.8635573414844744,0,0.26156714363381783,497.1443385062876
23098.873094220507,2058.119547591428,205.55438011063845,0,0,0.5069810397975547,0,0.260323122345432,189.78694498347778
42010.117006938766,5365.602029274906,1347.311981686242,0,0,0.6982306739589599,0,0.4149560920015028,1213.2491599817247
36136.89141410302,7033.902847627383,1578.3781989497243,0,0,0.4597804980051476,0,0.4255588438617769,1614.1007600968028
15106.30930547131,6112.391008418681,3228.565671699408,0,0,0.6918499110719849,0,0.4515994406684164,3216.285453335511
27675.37987064598,7015.679229024404,1433.653749283048,1,0,0.6323483148709707,0,0.34658400463912875,1409.7507991163445
33036.73359894027,4524.160032580995,1312.9005477732865,0,0,0.36684746390852974,0,0.4055149311075019,1202.264929732114
60652.25188808229,6139.071832768932,3138.4597005603023,0,0,0.7002592198756561,0,0.4462100563417919,3193.8251567342504
44678.6374944051,1550.4841951920234,538.8077084151988,0,0,0.2876979354849136,0,0.3675801654547736,568.9810517326938
21974.221170801306,3112.0596152239364,649.3851040575664,2,1,0.5848686774626836,0,0.46934794641560773,593.1801055078326
43832.43547301165,3421.618733611418,224.21549656452115,0,0,0.7759024471914338,0,0.27033393312581194,220.33470034811387
19432.352132739616,4334.718096845259,1618.0525190685862,0,0,0.6392501774661279,0,0.4093534985974376,1557.0702157055437
50992.29264664488,7468.072701926178,3602.3300653616357,0,0,0.797016853963487,0,0.420268815308417,3884.6638683824217
32346.504178185456,7057.224201666307,3703.8497398686486,0,0,0.4185300701561424,0,0.44525931221316817,3528.0322811633
36876.36573512995,1508.9411921688838,950.7629124299651,2,1,0.23905482399240727,0,0.6360494752736516,1035.2440285348807
53909.55977050628,1795.922389118474,879.4458117248627,0,0,0.24477630210910375,0,0.4529199359515679,937.2082400424106
22554.037176989,3182.304121916835,1855.1697380578166,0,0,0.41498038826030526,0,0.5160072413066409,1706.8151102691043
21234.581778644104,2680.5789941800545,484.49066522142465,1,0,0.5261336737168727,0,0.3689612288380469,482.61449820539843
30996.808083847944,5110.782148671967,3598.8020493053996,0,0,0.6300041643006302,0,0.5728056476994615,3706.0474145376875
50460.5462122318,7270.820358234087,3574.5123369150438,1,0,0.8061290357903563,0,0.44522968858240386,3641.0495697763167
19767.84709427789,7717.186562544401,3782.1017709277758,0,0,0.8716875867940324,0,0.5067618012899087,3917.6752332678243
12000.0,5402.022144014199,2132.2184949336456,0,0,0.7549447791179402,0,0.4262792469190748,2100.792353098206
32586.093699092016,6786.19401050815,1552.6708366640137,1,0,0.5705671637781468,0,0.4053919063931953,1678.3572848539015
44620.88959893105,4439.016501730978,861.2578205078088,0,0,0.41158961269740646,0,0.3088475927411328,821.7021173408639
52403.14099686595,2062.452101450298,469.85650952292406,0,0,0.5422418598991414,0,0.34789664817764715,431.71363587092026
32442.063654975213,4435.16309070108,1791.888920114353,1,0,0.418716921530266,0,0.4181683694195936,1963.1841444027996
33062.88071460797,4663.119510782383,1945.2418505126918,1,0,0.6995700910967957,0,0.44191336684471155,2004.3611858467839
51846.80881106897,6068.431731601674,3608.8559075129315,0,0,0.8545654883959264,0,0.5268596994562748,3723.760106932343
15563.099603654951,2149.1224228051183,952.2279369947574,0,0,0.6145509948642753,0,0.44907034123318484,1012.6994835247135
33337.75069780389,3262.327865650488,1939.2587409338723,1,0,0.2366715797274079,0,0.5497373337961982,1908.7896686979363
40285.08667910069,3230.2060191092473,846.6103535794194,0,0,0.9517989023331948,0,0.38427855589787274,827.3475237731125
43390.62465542041,7695.796968058737,2914.4464290516958,0,0,0.4354272094418932,0,0.5181899324038753,3176.2482416489443
31882.31968170941,3829.587202450392,2785.060180253072,1,0,0.9316082708150533,0,0.6814441006603351,2721.9960327360463
38413.2921404701,6163.204754736099,918.6139982701611,1,0,0.8504546420215906,0,0.288924886619476,841.1707663995753
12000.0,6131.085360308292,1420.2625387237103,1,0,0.5305000906474393,0,0.33312992534175506,1365.6760237255992
30101.01905199382,2491.5813860243106,1657.5576544116989,1,0,0.2453630137473164,1,0.4979391382419795,1781.3909119751497
43442.10455065361,4789.022670287991,2181.3520383918462,0,0,0.9581631235382455,0,0.519503405888577,2004.6450946587759
26212.471588943845,7207.27169988986,4400.355595405433,0,0,0.7272429337531992,0,0.5071267773293313,4591.071659086673
38707.81065907517,4063.982895927121,1046.8573852669313,0,0,0.3997231860715128,0,0.3760144018176612,997.9484442964509
43362.47000963238,7588.381305069095,1118.3433170417343,0,0,0.6268289627484398,0,0.26800081390621194,1173.3144475567951
33889.40958970682,2108.436719931212,593.5584793142615,0,0,0.708296407101247,0,0.3815407124012796,595.2862637470827
40045.56525195885,1056.1932933052303,689.5837837530304,0,0,0.3813274617157511,0,0.47312686252141395,708.4198642440978
26447.209216584655,7185.90404858562,4860.967495851184,0,0,0.2748323998693776,0,0.6021624488363285,4611.304547136644
35520.66464364744,6857.608984716625,1912.4692590980324,0,0,0.4139724366677304,0,0.4488338953822867,1785.5266681149228
45322.59403507067,7944.424069503835,4725.823570855237,3,1,0.2380821346093007,0,0.6456212726268875,4313.078171437531
39883.67553162121,5595.451160843196,3011.083046666425,1,0,0.25598920819588744,1,0.45420000589599685,3207.1507977144865
30961.624765232773,7525.159450003622,3027.3049889180083,0,0,0.3252680347946051,0,0.4531991713716864,3154.7452071752246
40690.596851489514,6702.117688130831,1725.7127180875127,0,0,0.32672509651848347,0,0.3737610463908251,1654.3897505843101
46575.31748763942,6833.197498400651,2622.216820812299,0,0,0.3983612679466532,0,0.4782746919197575,2798.9087995639456
13400.704657070266,4768.561778407012,340.44289019014894,0,0,0.949943385751143,0,0.31597398250018627,363.16382152418015
51908.88877947077,3367.7344843753312,946.074779688427,1,0,0.6606560182995223,0,0.3334534177413348,877.5333921117076
33964.94313582714,7509.185544074614,2642.653373988006,0,0,0.538004143952107,0,0.45485917702274387,2755.593737607326
43105.879198882765,3740.8788171192086,568.4270282272961,0,0,0.651039734863206,0,0.31514892768729097,544.8125112979789
52366.96308374273,4541.145254372518,1236.9172264939393,0,0,0.2045692425442437,0,0.4252125408815468,1228.800420249074
21539.91563323441,3845.857303438908,853.456174762776,0,0,0.9157975277714661,0,0.28725312471463094,841.532506574003
29486.70797086944,4736.137354701478,989.4179334685176,0,0,0.6258505128431562,0,0.36506861987374606,1009.2426531562022
34537.415649491544,4028.788092442454,2530.433958606758,0,0,0.5613205320231212,0,0.5208544696133806,2453.0694928296293
28594.957746506858,859.7566893460692,528.9777302700942,0,0,0.953281551504505,0,0.5306903362949501,483.82990018294726
58819.238910041706,7115.36139505774,2217.552609209516,0,0,0.7843264675869712,0,0.36310063096552314,2294.1247708406227
27718.734874078487,3832.9536418682733,1281.6336800212437,2,1,0.4699366720338318,0,0.520507579927632,1399.6903304698174
31333.4386461576,4917.077363805115,2186.1990936749494,0,0,0.948925985165556,0,0.4126287884856664,2259.5975546154555
40452.66837923572,1543.9085206849027,482.4209966769528,0,0,0.8815980999948401,0,0.3280057771440916,486.2422827440258
23574.205687086935,525.4088598697936,146.56505776441304,0,0,0.9636269834477373,0,0.3455247218035979,136.7047922450112
33251.83145892483,2339.675702327322,816.2789661246858,0,0,0.2769791499290408,0,0.3774151980100977,836.7149687265643
41809.4391350021,5784.395241000127,426.55880000421894,0,0,0.9642279115097194,0,0.27059422186308496,436.0358157379652
34005.675147409864,1243.9589758465895,384.61411224585396,1,0,0.6343062710972442,0,0.41764260131331066,393.7489377409402
36879.35769320062,7316.655802898509,3040.4013110468118,1,0,0.7377720636738845,0,0.39966226256719906,3278.9591469753163
31648.01465061955,2112.6692701713846,382.0909806325311,0,0,0.3697911197470733,0,0.3629846192937859,398.6217699501521
19826.356289830797,2034.4521071883185,538.8557516788103,0,0,0.31232119204156983,1,0.3923861462759565,569.3980812833969
41859.11853607086,1861.3097121612163,729.3135911827651,0,0,0.2635099980608011,0,0.4666550548836239,702.0866956597126
59059.196859766904,604.8628472852356,355.18250143299133,0,0,0.5378504737157781,0,0.49952765380140624,338.87074608337224
38220.81956940126,6288.54101358676,2116.7301900212487,1,0,0.3770795757007348,0,0.4638340958324701,1992.5970515859917
40703.16940697059,7062.758984339439,2319.6715029415614,0,0,0.2652983269597332,0,0.3858868604214301,2448.817312794618
46312.67306140231,5106.220269621492,1012.9073884874624,1,0,0.9640529567429532,0,0.37514612569107275,1053.1377378609725
22768.034041439612,1911.4998625989672,655.852678446583,0,0,0.78671307459803,0,0.47134081435789654,635.1400597395027
58430.175897555266,2639.584977056598,1079.0395553246883,0,0,0.6142836065603174,0,0.4821748190740747,1001.5874056937116
40427.945557073625,4069.450230237225,1353.3234634980963,0,0,0.7946779862460078,0,0.39502958582976805,1447.1540633386483
57582.28278906931,7657.594637174756,707.6189529819505,0,0,0.6891665378380801,0,0.24721111457253397,691.241534776071
29203.60405371213,2355.135288633071,806.2486417481913,0,0,0.3424260751042273,0,0.3657592688268183,756.2207867969378
59816.7430706939,5987.34427939916,1143.7984697226273,0,0,0.7067491552164946,0,0.29638052659068526,1062.4539501598474
47301.8659284174,3795.8616746969024,167.63408912057017,0,0,0.7448098150908302,0,0.24238829568583084,181.70461947425588
44636.4810302283,2733.8551127001633,552.6521800037061,1,0,0.3899766713260155,0,0.33958675451073483,511.77396346578223
40808.29345223778,3919.369527665853,1886.9239125012186,0,0,0.4561157178231898,0,0.49238932542682173,1833.9668085009928
35017.65658310661,1034.050381559244,207.90568436709452,0,0,0.5066405278074877,0,0.37165493045992487,213.40235721817535
52406.37990168647,6490.155281977719,2698.665120310197,0,0,0.6820373117441902,0,0.4755708425078857,2649.0508710289196
39684.31843817656,2324.7644598722536,763.4809032444924,0,0,0.3014463856450941,0,0.4338439890947683,760.0392025497031
14395.163556954172,5940.5909239472785,1964.0299488893327,0,0,0.7947824988039722,0,0.3938544429724332,2082.901599433899
24593.762459515972,1012.6127858614605,250.3763434312027,1,0,0.47681941661069127,0,0.3873075773606886,275.37564417983526
35769.85097368703,7663.239171242645,4463.701914353871,0,0,0.7534180957542591,0,0.5014978351717098,4434.435904459385
41719.98779798666,1947.6123905427396,1241.177245393482,1,0,0.9463099147068277,0,0.5489363824232432,1211.0978066325442
37320.93813320125,7120.565571553103,2585.120479529676,1,0,0.8958997174067644,0,0.4042681896052602,2536.914654975287
52627.649477523955,6571.0490721157585,2558.7871166231457,1,0,0.7900649035855505,0,0.42432791161101185,2491.8024543111133
14586.7776315365,7758.94943061062,1246.6641914133597,1,0,0.35466158692099087,0,0.30850531983477714,1240.1245329590563
39723.05523806192,4084.179957093122,1417.064232574581,0,0,0.785659494860407,0,0.3349478219046307,1369.7649399511547
16184.249295354144,5955.479703844637,1964.758528898829,0,0,0.7086315247728243,0,0.3876745469112035,1950.0686323892673
47116.54754581002,3280.3299277833803,637.3857149606812,1,0,0.8180374580096721,0,0.36154986197800304,694.1713237420289
36866.49542669597,1882.7617851477037,1239.3411836822033,0,0,0.8950511366707199,0,0.5841942872409136,1186.3502320310142
43035.31966428942,3823.0694970008662,1453.7083327787725,1,0,0.4491800912311152,0,0.44071712880023184,1497.864642076308
27633.404472922804,1743.1176154134116,737.1972646159578,0,0,0.7154432579361452,0,0.40204949734221324,735.2707578629822
53353.579179893015,7865.33467089788,2629.7202921727735,1,0,0.4201105482037333,0,0.3803871947429935,2751.9477728467446
50500.69596870622,1221.8486835553726,549.5637112201675,1,0,0.4770279513893081,0,0.38821747765085285,546.5182553360158
45002.53163614265,4919.087925894653,1393.4254494481202,0,0,0.6165156354042326,0,0.4046173856844889,1298.8236566076655
36445.79303763871,5198.478914405419,2399.579178603102,0,0,0.5473307133857153,0,0.422032763286459,2578.3088273800254
44958.28742354159,4535.596571555407,989.146044921937,1,0,0.6805044819762656,0,0.36303043832320014,1023.9179052661852
29517.289184151814,5466.394142838752,2951.9497860289453,0,0,0.8070091763029639,0,0.510953925988624,2967.2236660212943
48266.66790824854,1371.355812589182,422.85560947796876,0,0,0.6840160196835368,0,0.35321598334739884,450.8557311087341
57793.77073188705,4662.638931539683,2128.0109421283364,0,0,0.9758403956766151,0,0.4662261741513426,2330.676572316125
50847.326719750235,2654.0942834552116,983.1481173328351,1,0,0.790496007296245,0,0.48911573864678454,965.3333492644706
29244.770362311087,7551.320474757925,1634.0576385746524,0,0,0.9880094611695849,0,0.33335820374072395,1586.0363441987752
42337.00780727724,6215.537400797943,3782.108534016964,1,0,0.7947525792432693,0,0.5672031513850418,3973.9312090587723
22482.301474896227,7793.85861619807,2580.2791673477236,0,0,0.6063350977994388,1,0.40963273182194804,2556.85308561569
44868.68373410811,781.6705230514216,297.0476704659177,1,0,0.5288046104749611,0,0.4332395671658572,272.43839217416314
43407.24095435047,2638.4988138553153,1249.9908493824635,1,0,0.7885283121092683,0,0.4595274383531428,1213.5948467354294
15562.20392561403,1965.6693997876175,1006.3062113647144,0,0,0.7496995124369881,0,0.5176800533167616,1068.4218924394268
24058.593873051635,583.6594048387287,331.80691316983746,1,0,0.7350117629524584,0,0.4995338295939567,345.523424869278
34602.3332390748,2317.4429768474106,400.2228201065772,0,0,0.7774270753809556,0,0.3517289142520853,429.26648716984477
34389.68303431009,5590.819876403217,868.5235729952798,0,0,0.897737690597346,0,0.35729244148607364,807.1409351522947
23486.276774974336,2233.1669160092642,1244.2078084881678,0,0,0.38220824603260195,0,0.5413313201374128,1180.4848629207415
42667.74475222621,4317.525841119637,694.8725967227642,0,0,0.6519157831156142,0,0.34499096684635716,655.2280674681517
41017.68330728615,7158.63586223749,901.9635232779355,1,0,0.6826409501018467,0,0.3370767050301362,986.9885259849622
35668.77041625777,5703.184402618064,819.6827844380056,0,0,0.4342854702440369,0,0.3158595958998422,765.4073922776457
28930.501998099644,3459.71802429524,2387.439877838436,0,0,0.9903596918115192,0,0.5435465142446124,2434.2003018606515
50584.485516998764,3293.5170418408125,533.411570581116,0,0,0.8284303330769758,0,0.3360798979676504,547.591100853048
57864.88535705954,3918.0186050636353,659.9868518683418,0,0,0.45701288200430856,0,0.33937630520426076,675.6804706109118
32197.262193841554,1827.810807949298,287.65462130553084,1,0,0.48674748453446637,0,0.3342000271479885,298.681173145076
30653.99699414215,5255.005755619911,2034.415447874547,0,0,0.7746065190721014,0,0.4688069540478363,2027.8734374266833
43894.491984943954,3231.1461432845413,1165.5730620028648,1,0,0.20919473719467413,0,0.41369431942416174,1068.5247172393003
33703.64744303616,6892.740119465328,1625.1392382498566,0,0,0.5712322701395822,0,0.30197841784288904,1690.5465777635982
36327.23359204119,6174.144950433622,488.25337481069465,0,0,0.47448877768178105,0,0.20418354724924126,466.87811717506474
46875.837820696055,5078.8487306912,2761.0103511654656,0,0,0.8832023743778037,0,0.502164219934515,2526.8059564052646
15087.726949912485,3231.5166698713706,1800.2856925728445,0,0,0.8330359283591384,0,0.5417922397874569,1681.3897779107062
53819.62789823203,2074.488737551133,874.9782313385433,1,0,0.4656775413763896,0,0.43142003862610884,837.7425881494988
38872.1662919521,6321.138980792171,1161.1509725963663,0,0,0.8918375819990143,0,0.40780516761094426,1145.4614014478934
33062.08226525383,4148.068242433149,637.5206561349079,0,0,0.9308800048540229,0,0.32574064693678534,683.5908988161252
36929.19014934261,2185.6252863301816,890.2092408086208,0,0,0.6419670793074088,0,0.5294836506587984,896.7082236453055
37549.15226024623,1963.8096128000466,427.5847821396048,1,0,0.3273896021264584,0,0.34454953399131244,425.1875070894033
17225.584358660893,1740.5067837601928,397.25556200698105,0,0,0.8162624662786144,0,0.4160074922409238,372.72565084976486
55939.258729438836,6328.7089715419625,1375.5129960940385,0,0,0.4554753920221566,0,0.3314728807447931,1501.85736359244
38495.90758724742,2217.403889752338,925.0674119152308,1,0,0.6218251120318417,0,0.48065321492733676,1000.6483664374628
43316.0255653685,4449.816976438981,875.1726068408252,0,0,0.23647093162197452,0,0.36246898814710915,930.4970335261467
49418.597246888516,3886.5977072979235,874.4004967864041,0,0,0.6000723380936892,0,0.3655948431081313,843.4731660128482
25746.0505092764,4847.08174421213,1922.6237806930417,1,0,0.5042116265923089,0,0.44267707506348275,1946.3211278976817
43681.66278842274,7078.661752783957,2355.093680347914,0,0,0.7488522345926394,0,0.45688950185578103,2302.7385344333597
34788.30690921448,7008.10542561298,1862.636860430894,0,0,0.23262694396488684,0,0.36325728430733845,1826.4697222495024
48161.24930259792,3883.0705386864474,702.4291041243321,0,0,0.6999563777087572,0,0.3364902383819835,642.3196264335908
12473.270955782056,615.2468805104248,299.05957026709143,0,0,0.817564858859253,0,0.5787059487662215,277.52994776477584
36810.86839710477,3698.328542857274,1677.2660645675987,0,0,0.21022251730709104,0,0.476547511266233,1831.966615585644
30766.15213059246,5046.451530681053,1892.246209874111,1,0,0.7999706757376082,0,0.4688154921795783,1933.9073482040021
43187.15540760987,4683.235693235463,731.1080635216056,1,0,0.3041632218201229,0,0.3111821971495571,658.9198582604124
43640.53024841843,5385.020793501541,1366.4873753679674,1,0,0.7584448923783691,0,0.3435193076118127,1450.9871169333799
29508.489262135685,1655.5679935481262,819.0711652465554,0,0,0.5642211011005661,0,0.5041999290118127,751.4227048237121
29453.913629887476,5349.013240855495,658.2600323153873,0,0,0.6415930450494136,0,0.31492278809286656,685.6641555268047
36672.01557731205,1869.8871405782918,383.4080102514912,0,0,0.46987780034465026,0,0.33503589273388623,392.674906836009
27240.293272217503,6128.929855225617,2808.3447463135017,0,0,0.39637312506193423,0,0.38942802691915823,2562.868040078165
48103.804345425524,3043.1570994701,1153.155262470967,0,0,0.25683788644587935,0,0.34969280211262077,1160.2907959518266
33569.51359463065,5824.215750360901,2048.427083462622,0,0,0.8917519899849653,0,0.3313250711399787,1863.0179290974577
12000.0,858.9919917958032,435.2468788157757,0,0,0.6883433725085456,0,0.4923262646987583,397.3272784442611
33502.13532053833,3558.9501919318504,631.1145236418668,0,0,0.986239327456734,0,0.28747692852633017,574.4630128881255
25537.47414987233,5787.758916974995,4337.038698011672,5,1,0.8803615203239332,0,0.6181211458851523,4124.906534157648
18424.690214468654,2201.5288724862057,881.079005335677,1,0,0.8957066137753187,0,0.39539744771683427,934.2555211172443
23150.88034132913,6464.652835979169,4217.261552532052,1,0,0.6782797445461385,0,0.46746699575299155,4101.248679537813
39312.90166199564,5230.847998286989,2535.1953899829796,0,0,0.26475416357283577,0,0.4438159001490613,2605.946733689944
53943.68993897877,4906.713291123488,861.8061283820051,1,0,0.9307170096527011,1,0.30277338484787597,797.1446444035074
41758.21368637976,3151.6164065325283,1654.6518846098443,0,0,0.29430898731938937,0,0.5065668705498216,1797.8999775250418
30721.959341411122,4118.386027858382,1801.8473929873542,0,0,0.6137168074868553,0,0.4534147143159864,1803.375639018294
43470.850342048434,4980.119757333899,1638.9052466586563,0,0,0.8854845904893154,0,0.37884640659851787,1483.0764637137145
32490.9162773721,4043.4658543616783,1822.0594543037093,1,0,0.5779264114586568,0,0.47918184997200475,1835.6908873067405
29664.795570042264,5737.349929554201,888.6888162748306,0,0,0.33253628332606644,0,0.2700797482451853,832.6179064723672
24147.647981204187,3752.7269983021965,1499.5994396628605,1,0,0.4985574789655283,0,0.41076011149891245,1408.3687347174873
16978.05431897937,2017.0488630652276,801.7660394710531,0,0,0.9907098881679057,0,0.39735562102267774,817.861413136807
33320.91552128665,2104.503371007854,348.95594012287,1,0,0.9998073491929944,0,0.3222928651846073,329.85991925898384
39896.641879041585,543.5282663220582,254.5221817140734,0,0,0.768667992038194,0,0.37793903513994515,239.96254937201812
36840.51595982132,2757.1828666900433,592.2145064085346,2,1,0.9103938474835644,0,0.5379834180997809,597.0659084842204
33008.39686463169,6116.882303588897,757.7756511622285,0,0,0.23536538253166459,0,0.31988440616047203,717.6831738705876
26651.04727163863,6456.2203162820715,2318.233765075306,0,0,0.420777259985993,0,0.4270502727111963,2137.649198909495
45298.95430021962,2018.506565718125,118.91285346049978,2,1,0.4951676394990657,0,0.2951843894497501,116.7309670645761
22194.416960640978,7692.829976535558,5135.362601512599,0,0,0.20959811797454553,0,0.559222584419855,4675.232508329271
47312.33496612171,4268.020951100951,1115.809190720856,0,0,0.501569244477559,0,0.358699545673364,1206.2618363025035
25973.395772879303,7377.34061763877,2218.9211179469016,1,0,0.2744252680475202,0,0.4300658550184931,2197.414187704388
28970.77715176358,5800.739613962233,1910.9985097857377,0,0,0.6139274416124856,0,0.3866933890630856,1724.9034441903912
20398.577712611877,5918.250672668099,1724.3540418646892,0,0,0.20353544711914406,0,0.36695550140698985,1629.3945835948439
31983.17423737236,1137.8271597955336,316.7127782546904,0,0,0.41635991085372126,0,0.3730278430179978,345.71213075006165
49703.74950173574,2149.93345172698,762.3701873396129,0,0,0.8930267221073691,0,0.46496746645789366,761.8198934958451
44187.53706132748,566.1112497085447,65.32110994569506,0,0,0.37044644313621167,0,0.2389836078062767,63.47761326110101
49741.06534433642,5870.957303575531,2894.7764669941303,0,0,0.2518747437191586,0,0.4022252791692697,2787.734295697706
44265.71055120723,3083.287163213825,445.2856609560238,1,0,0.399784627559564,0,0.22513770826221924,437.89130530693814
24755.96205763557,6399.8938705726005,2765.7194528583836,0,0,0.8620469648027895,0,0.48771071564757373,2606.2836937601032
34030.52930806931,3042.0216495276973,2048.3777231601935,0,0,0.669749890795625,1,0.591552020287452,2150.438984010996
28637.610450590448,6645.003142241458,3802.113217636027,0,0,0.6688594954700327,1,0.45917151437601356,3808.4286782817862
53966.89884846848,1480.2369031123476,291.4771716997571,0,0,0.20045920933400174,0,0.28169066257638775,306.1346068263788
23638.536242884264,1800.2986756813116,117.61039941150469,0,0,0.5777209711004889,0,0.31774316271834047,111.83294657177996
48724.37227266933,3056.574046879524,870.4951268532079,2,1,0.4124944317609888,0,0.4203240875789375,783.698479966178
48715.446441305234,3563.65541661705,528.2722529964268,0,0,0.468967209773116,0,0.3052355488729128,577.5314220028864
59955.44242059304,3115.271081322338,1281.320631859781,1,0,0.6789493101344971,0,0.4130883788331676,1284.412739862398
33083.760888446035,6227.352743924149,953.5747270618741,0,0,0.8994718201002838,0,0.44901458134455086,873.424720058386
46547.86591496195,1227.1354447003603,231.19215266361724,0,0,0.3453255246703021,0,0.3281834191051726,212.87023114505007
65379.82203846611,3134.1276472886602,475.97031748957465,0,0,0.8145776189348377,0,0.36929973003948025,469.75206418353207
30588.29987679564,6779.299996365945,1423.3966401508771,0,0,0.23912174195074992,0,0.36289816969342925,1478.98432819545
19579.517029611685,1000.97807946629,93.37310132474386,1,0,0.4613833327300876,0,0.2730590080917697,91.44292699614175
15439.879593106834,7567.576307535181,812.5697867986839,0,0,0.3751301517438812,0,0.2751508661738657,864.5990360212896
46552.54434633598,7897.376317040096,3038.5505823345047,0,0,0.9324671869383643,0,0.42626049562689167,2934.668299676623
15402.197503296993,1164.2613036881007,272.9060060366766,0,0,0.34239832509267953,0,0.35899007242853537,248.1046028749446
33532.17136474493,2684.543916918027,782.211576667435,1,0,0.6629055345048093,0,0.36089973701918393,705.2875079006967
43247.75824446753,3293.004995265171,1251.9801870537742,0,0,0.3318265326041919,1,0.44340134409489357,1341.9836137561742
40222.10644195897,6322.9352648954455,1016.1583069934853,0,0,0.578786972221344,0,0.32380138786304036,1114.616380210628
43105.33837021007,4969.451090875504,3129.553778918501,1,0,0.5307199210920648,0,0.5054332594828278,2899.7186309222816
40667.47826961025,5332.742753694255,1413.983700706792,1,0,0.23308575378707827,0,0.35488737350586624,1290.130256771449
53346.38975976072,6181.323671138794,1515.2496492365071,0,0,0.8606940749604832,0,0.3806541811440382,1640.8358552242814
26572.203431134436,1384.8424957776929,201.9036647851263,0,0,0.8240901720933149,0,0.2732689110859981,185.78191557038323
29876.058338497623,6749.0709268269675,4053.1563303990265,0,0,0.42228669765424415,0,0.4778682920552878,3832.99227300882
28728.086656750114,5792.14853135108,2209.862669255153,0,0,0.6911961095167625,0,0.3705193345075763,2343.182398342934
47962.30174235132,4830.062938972777,430.9710854091289,0,0,0.4901356647046227,0,0.27569368063601507,473.89445427667494
48804.78306074077,7173.015010872925,2273.5347967071307,0,0,0.8153817146239639,0,0.3826638867153651,2267.1752148950427
43414.7038318221,5752.297654128553,1315.9989133978488,0,0,0.7539875650262859,0,0.30849490811813585,1239.8738479237904
52201.92400267914,2012.7497197326907,883.8895792488327,0,0,0.2723735848959695,1,0.4475846473517701,945.3584455120384
23863.50959148343,3723.0903580675003,18.71790329280419,0,0,0.8753505322958905,0,0.25256149938818945,18.322249901715654
58006.68933861364,4205.321502018,1193.778730159182,1,0,0.34354088407603356,0,0.41489856415422344,1139.4957665177328
56278.8634605471,914.1322006280424,212.50369682236143,0,0,0.33928776197231497,0,0.3904865689104471,212.09639341461482
46827.46396694896,7659.781350200418,2952.723025875501,0,0,0.7869974998556413,0,0.3434579577919231,3162.8377749179003
59381.58690525272,1464.3294559765886,635.519367595053,0,0,0.3466008491126096,0,0.45682157441513727,601.5827373990859
18120.521507866713,5730.959504200451,863.3739030218323,0,0,0.29791756283314286,0,0.23898681754021867,850.2220505901404
31706.622364848175,4296.732770681601,976.7340411302142,0,0,0.46846626178278483,0,0.3750525441956697,965.8422233767336
29176.358471816573,692.2418741331694,253.83487579610937,2,1,0.8709699846425414,0,0.5369478652924082,270.72830959544876
46657.75188508812,7435.606068982713,6059.948348123043,0,0,0.341447006586017,0,0.5765877657104754,6273.264815952044
25398.311124774253,6888.776066141999,963.5938617145222,0,0,0.4712583944942561,0,0.32641075308310585,1017.648898500669
47089.94179204982,4431.934459278767,2310.245041789799,0,0,0.4290031604618052,0,0.4432058766168363,2399.5987518792426
54446.43372796056,2217.0675210458394,1164.8864037286965,0,0,0.4848486917759088,0,0.48110685307839035,1186.4777840886281
46342.43480100799,1412.171680100707,947.3873970336421,1,0,0.7714174354861567,1,0.5550659089586931,877.737222949596
41405.01228393801,3225.4435957409496,1851.9367587382271,0,0,0.5243724647875105,0,0.49779193023131474,1975.2569273461913
26145.51990919101,2415.7121078456785,1712.7901465110642,0,0,0.8076613450726742,0,0.5987332955911938,1749.5393307657296
27837.788406495623,4300.184007547241,1469.1404608118771,1,0,0.7123225105986939,0,0.37236501067034977,1528.2503334813227
52995.42686356,7748.069720925717,3146.224206020596,0,0,0.48887934568713387,0,0.452775768777702,3321.6249370280093
47352.18804686399,4812.15119922231,3695.5842173263827,0,0,0.5457926252857845,0,0.546362808743997,3556.408408149208
37531.76576746947,7174.482919175734,2591.4304900243255,0,0,0.7628981696468025,0,0.32819453348005073,2558.9414229116
32985.08545080931,5381.59128121833,3204.898561080609,0,0,0.6278043305425842,0,0.4494026518330104,3231.365042092943
13690.305522663479,4064.3489494040036,537.4558734617262,0,0,0.8946721291419095,0,0.26987977519593687,520.5606763016767
25149.770975786734,6909.556720500284,529.48886966295,0,0,0.9465467347814138,0,0.3106757463820157,503.91845673624107
60937.02904567668,4035.2608262974813,1167.6561224163945,1,0,0.7741658608306741,0,0.40209179443144255,1232.3052106949829
22634.533147970396,7014.711278827707,4064.938201131758,0,0,0.9913656958578234,0,0.5019327256822013,4271.219240729902
40273.75785465297,2686.8257718182394,448.0294066703756,0,0,0.677229429935468,0,0.24133734063250503,477.76057423221647
50089.32767834238,1466.0980532224107,330.6549581569834,0,0,0.231864632248566,0,0.42437760550269144,343.66259327203846
22940.92798397249,6914.8584827220375,2491.586192582781,1,0,0.6038816449017308,0,0.35116355203378485,2397.766661119891
40216.525697373,4905.613728445001,2434.6287080167867,0,0,0.38400742350868716,1,0.48762073313949705,2350.391658210612
49254.986450127864,7168.192986867201,1906.3264724164362,0,0,0.46697054430744694,1,0.3533269080099465,1916.9234281548427
38149.99186288701,7533.704052442874,4760.8543492945755,1,0,0.5920560417185624,0,0.5504555195037113,5080.3985677493
72420.83666800123,902.2129277858688,528.9697541461286,0,0,0.4360406435286652,0,0.5666671463285552,512.708500691805
17976.808893461657,4257.269763941513,1320.9967869304846,0,0,0.44769731101213606,0,0.3971219934693762,1391.2577001845534
50704.74235860655,3312.234118058969,1287.03267894557,0,0,0.5216130691281458,0,0.4532533741216009,1237.0166818153323
35926.37915124243,5193.937978025879,1113.1817963461046,1,0,0.4291658782050487,0,0.4694323705764372,1077.231675476924
47263.0418580401,6451.933979017426,911.6553408952223,0,0,0.33560079614499805,0,0.354197163773475,957.6694824926743
43295.68582039095,2604.426619807767,1887.2501926204714,0,0,0.8124482100570498,0,0.5109032109187508,1954.6534632733199
29202.125634680044,4675.987882798788,1817.1219080266064,0,0,0.5161694098990754,0,0.31482462940667805,1711.0849878573893
40747.95670951208,5815.464349286747,4800.735333341407,0,0,0.8654058403919682,0,0.642796741694664,5114.723809648545
15705.182583220554,1508.233121268005,426.02376453961557,1,0,0.9061735916117029,0,0.3585509344274956,450.2739239974188
45238.970006856725,6605.5017946345015,2419.876893005853,0,0,0.8007707889214559,0,0.4467645425013045,2563.8199258897944
41577.90159188631,5045.821998897298,2402.1125100483805,0,0,0.5173385296334676,0,0.36230049427607275,2387.8685492219147
45663.92202371723,7621.530778352389,5899.790047741382,1,0,0.7770576904171798,0,0.6449792900049304,5697.591998493774
50697.4199010458,3046.4668934801994,1671.2514560019915,0,0,0.32417640350285837,1,0.492796471956951,1788.166126324087
42411.43808251653,1311.09456752899,392.3657954683622,1,0,0.7288926073244422,0,0.46825169791531857,399.28814558458913
39777.073037579314,4298.75900777694,876.2302046231096,0,0,0.5248256511630889,0,0.34158545154326236,951.757637860198
27427.179960064495,1143.5807878207913,408.6770743827724,0,0,0.7245155319933798,0,0.4322257471495362,388.5560248004189
29453.350836211386,7771.448924930051,1536.2170341702622,0,0,0.8038324737133786,0,0.32383508319483967,1682.350176171639
52240.815442127976,790.1371869289366,368.6676871212058,0,0,0.6501491904266414,0,0.441760572402242,359.76200614950994
55236.02486847174,6151.27925830481,4182.858222470727,1,0,0.7139828744439152,0,0.5677192001290815,4086.210612431546
35142.67476425535,4438.26798606683,3581.0925406228966,0,0,0.3708223451242065,0,0.6007357675950514,3394.028190883953
38552.03296703929,3264.654893737165,1257.3882885776254,0,0,0.6741596437674655,0,0.39965246892247214,1374.3317764986105
27144.627500074806,993.81623381491,244.48631833529896,0,0,0.5683794310361994,0,0.3754946123904308,221.9796040422218
52073.082143209336,5166.251931302058,1937.9914463120415,1,0,0.542442287645766,0,0.3957736247154741,1927.6649097391949
45985.001884301346,4889.152470432165,1558.1218789582297,2,1,0.5282526034970356,0,0.5095055779959827,1516.2026643772704
61294.60923756499,2606.624548006998,356.64833352620394,0,0,0.4487392223886949,0,0.24872628688790133,332.34369857999786
27460.123073843133,7326.662760577341,2788.4742464302303,0,0,0.4442677299091428,0,0.42163059732938957,2907.399015615991
33463.90521178139,2780.8250550712764,604.5104130334463,0,0,0.7597651423604297,0,0.3402211376827513,652.6682632079268
40777.35107030687,3872.9405794407962,1239.168873573253,0,0,0.6462398046685156,0,0.3042392950923892,1175.6166734756594
45757.87445270925,4578.2184193899175,1736.5607461639509,0,0,0.22396168589093143,0,0.37158711259670285,1735.7463542102034
35411.988349428415,1251.7390863221458,816.1838023894743,0,0,0.23882018406309583,0,0.44091361180870897,828.9511965377882
27524.466914555596,7491.212894102243,4510.175451377889,1,0,0.6560952008385814,0,0.5250046970300748,4411.392630987994
48576.89034708285,3309.021143382808,789.4013372708789,0,0,0.8770267830441283,0,0.3254638431254813,855.9538900217956
46653.624350546976,1105.8441040575772,496.1403263819286,0,0,0.23518224896716522,0,0.43898061828716284,492.3216528768054
27004.710793235303,3404.6838025649745,1968.3847448511426,0,0,0.6057655472880908,0,0.5634101051632698,2158.4441967129446
54265.31361326595,5001.519103194355,1082.4191051289738,0,0,0.8809083004045619,0,0.3473625238624377,1038.0843329641282
52042.38451035925,4352.395038659972,1761.3151370826165,0,0,0.2035583824790634,0,0.4437808835474161,1610.985938930375
39611.557966973516,5709.064805279555,1323.1091666797531,0,0,0.42063512608144493,0,0.33493849657731667,1342.94714179565
38955.17434851244,916.1295655093297,331.86977990469614,0,0,0.9359361746768327,0,0.3836318624843027,353.33113870511374
44648.693253390884,2634.054577040421,1117.774652728319,0,0,0.265175698713257,0,0.3835029305170878,1092.8240073921922
27659.5631569249,6644.229326300767,3748.6300097334474,0,0,0.6855971819995892,0,0.5327501562672613,3512.5404392704877
38360.37774996899,1099.2026584352066,752.2080625417838,0,0,0.6059053332794615,1,0.6197106253488442,788.0492724665231
12171.397464689835,6916.144660219682,4094.051692057004,0,0,0.3213434905191026,1,0.5632143506504886,3906.4500451063222
48517.467746035225,1189.2206905782969,684.2430731510115,0,0,0.23398960798891608,1,0.4614085507557684,721.1563027750367
19262.08133069769,6758.406611687722,2323.644396248606,0,0,0.6020696813956004,0,0.45496310104915827,2213.1883345420765
56041.03794114799,3205.91300809045,601.1057001899454,0,0,0.7881041511912477,0,0.3279090158013966,607.9929575583521
34038.558872402595,5091.567974429118,528.6354950349728,1,0,0.341794221859662,0,0.3555789881685802,569.6234745330743
35459.99621682588,1646.6533673599863,935.917827109662,0,0,0.7530558630563118,0,0.5211882828827366,880.6269974444515
30467.193126985934,996.2654129388563,554.180695307237,1,0,0.6371066494016779,0,0.5128693556598637,589.7252320311466
34543.533512935086,2119.536530151013,818.4702817678595,0,0,0.4862771404725866,0,0.4373937745088488,780.0725132748463
55022.37614177644,1458.9036343152166,17.930405099716,1,0,0.7315443969801223,0,0.1877753159034889,18.506562380793845
12000.0,2843.0442325972385,766.0322873535697,1,0,0.3535814220670592,0,0.3207105816820053,726.7674328964933
53323.58463305826,4357.874348832651,839.1268815857917,0,0,0.5655450567611691,0,0.31160453525281584,774.4418311507254
42056.2817732205,4915.695976737571,1997.9415051088858,0,0,0.63944398525192,0,0.41832088358241226,2063.4832887411358
23515.740225713413,6424.010805348072,511.89755059421,0,0,0.5669564322124454,0,0.29053963027194224,521.6121575282947
25096.251283409147,5421.79919936269,1953.4968193300829,0,0,0.5180011014857349,0,0.39363508596093594,1915.0065050612322
58116.71632649844,5065.6874384716475,1296.0982301533213,1,0,0.7927309116545893,0,0.3449014488753588,1175.9972045423583
26653.917440687226,3588.36520614331,1227.5724099879699,1,0,0.7248807732178799,0,0.453534714684079,1221.503112249623
24159.793872848488,4053.5632622010403,1350.642911396258,1,0,0.7115696682891337,0,0.4539969587060838,1255.748497729117
51647.77450837675,3608.9062204263582,1037.398385550753,0,0,0.9134405159308499,0,0.4035689536330343,1008.241607009716
42062.63451543097,6816.245225460373,814.6942714585084,0,0,0.9948005258838382,0,0.27480094919039405,828.73927096858
26744.893081563212,2225.0033941129986,854.6844431600713,0,0,0.6537636265761662,0,0.4396176417356073,929.7859704315986
40599.49970485543,542.9069865647347,108.81659430015848,0,0,0.47861430215576795,0,0.39141380184933044,109.06278014897653
25690.967796316672,5384.899229196794,2343.3898325639293,0,0,0.8231002793454518,0,0.43599315205902134,2200.3413624591467
51209.85678107126,2018.4663772912354,818.5164428230828,0,0,0.31367925022626625,0,0.48618143814090387,891.5651564498418
50736.4515784776,7175.86352232357,2930.978386203851,0,0,0.6103273368353435,0,0.5112224412443663,2653.068852259187
44384.07438586332,6942.84747279992,2488.6799056313994,0,0,0.6196067855637116,0,0.45033711158419165,2559.766624575762
42339.9327349642,1075.4552894615442,498.3197977179777,0,0,0.9867742940237221,0,0.48330785911745994,474.63885505078485
59134.257498408486,1297.9130406055801,257.0713146307115,0,0,0.9928054519893716,0,0.35300723125073746,270.3110090814931
37996.2359286587,4213.786941849998,1442.1370819058197,0,0,0.8393713106247094,0,0.4293685411247542,1393.4572191629195
23817.510494950388,5069.16997077016,2650.2544102735487,1,0,0.5784125502284638,0,0.5020058423045473,2612.486398068064
43393.68695398768,2561.8125311168055,1565.8737838340833,2,1,0.6377806319798269,0,0.5760948511967429,1650.5614722145328
63032.564594445364,5875.9828752452795,2606.9333762654246,1,0,0.45579330521473954,0,0.5028629927334685,2814.350682238888
25822.886081769775,4961.870156891537,767.9294940593265,1,0,0.8638765629422513,0,0.32307157162537326,719.174179012437
33662.44679967217,2936.1808231141604,796.0018779948017,0,0,0.7972369550685647,0,0.46949597205320426,763.5715536419087
42997.352457217436,690.2861603173669,178.28194744817978,0,0,0.8171402302592985,0,0.4768754754923742,160.60795861941702
37353.14181193113,6126.127109738883,2921.573272873234,1,0,0.3109410705240816,0,0.4545670846195222,3129.9232858496275
26212.357035472225,2110.6524936881206,511.79668698653427,0,0,0.5189071770482729,1,0.3673031208925786,557.5644384408264
51462.29427476565,6758.553075969713,444.0401962873965,0,0,0.6298813523375555,0,0.26235367290644096,424.4531993628199
65840.4886642071,3652.176950406914,2289.7526371318827,1,0,0.29972637492543114,0,0.4939990654607025,2236.8845708301765
40353.577508286886,4828.08081973824,971.076248977476,0,0,0.4948984211068743,0,0.33821019297810817,957.2785188770226
27151.180523167997,7047.115478067514,2333.45252895176,0,0,0.2699460179313684,0,0.40031366350420644,2291.334581493167
19412.4736993583,6977.17250689965,3119.11591774657,0,0,0.9670729818199446,0,0.39901792142302406,3052.2890762494117
41095.71177465417,3286.3968143267994,957.4847507994133,0,0,0.8010106636608194,0,0.336364108572609,952.8648144044347
51246.52811979509,2066.6666953613235,601.7628176188683,1,0,0.6965984967878095,0,0.26210206107726347,560.0947851819315
43702.01295794458,6313.59558296446,5380.942315924856,0,0,0.36388514682155804,1,0.5867773136643774,4904.922636789393
37971.153908973756,3748.1015270159837,985.3184358005764,2,1,0.4673019497419795,0,0.5021054861922086,1029.367393482875
30928.740178528325,1940.3149516925307,1190.319208141732,1,0,0.3155879215306879,1,0.5837888612979634,1272.8240439069893
24894.036407382926,7283.190067378627,1771.7654148342438,0,0,0.6288957015688035,0,0.28062100752088837,1881.6831824454682
48017.015915898584,1985.7814568081553,1131.3759857765854,0,0,0.8564127918305076,0,0.4527772088626425,1160.0284189747667
48965.25945662703,693.5537614342331,116.95264139337091,1,0,0.2152292173518493,0,0.3749569144584115,127.91838389528404
19451.2425597112,652.0998032556497,113.83447101732858,0,0,0.282646935757876,0,0.2944100974695197,102.48615578217829
57078.0677381682,5167.365173406982,2785.312259954403,1,0,0.38347981915289076,0,0.4741105402143625,2684.7860578812133
44888.85465072802,5462.562955381478,1617.9039610761533,0,0,0.7712533945272704,0,0.35578025500598776,1556.4288238106828
54795.13574174952,2832.8127879273793,2129.8873818423344,0,0,0.9151838710154778,0,0.6250162141240877,2065.851443278722
21894.46701817862,2900.0824193529756,1098.0359267566646,1,0,0.8024098694195934,0,0.48732720758108866,1163.9157993135218
21610.110135014733,3046.2043629495706,1353.3530197077653,0,0,0.6199580401367157,0,0.4528699580122248,1313.15750785011
36212.368282792435,5601.18910069159,1400.7486195425756,0,0,0.28408989129141643,0,0.34497615915673807,1408.3360776185034
44033.41312274233,936.0034327012144,146.6451506375399,1,0,0.8039314994851896,0,0.3116547604963868,149.98689603028149
59556.32987512356,7468.3726451849425,2114.4142169994852,1,0,0.28451179229910406,0,0.413075939397922,2260.470864113467
46472.94696578158,2168.9078313308482,162.87414401031046,0,0,0.4781518840715142,0,0.30479946904775956,166.64831505035002
35087.8246782556,7997.5490393156915,3808.1933843570773,0,0,0.44639320919891246,0,0.4542522528151127,3717.791818734669
25683.569508009292,1786.4202034039024,427.7912263762882,1,0,0.4873787707132853,0,0.3560133388241618,444.45302347395375
52760.006872629805,6286.598429842831,2325.923770341387,0,0,0.4636232347205549,0,0.38777674348279473,2333.150684686096
26423.534890991425,2175.594086972188,947.0440381812534,0,0,0.8153437733733682,0,0.41914126341757785,952.4236715024559
57541.62265726786,1106.3510123244048,251.8099147949645,1,0,0.337378987169375,0,0.2964846284398006,243.50786965991662
34587.384204721886,7061.999932629867,2798.19637691639,0,0,0.8766768400858871,0,0.4741299892123932,2519.27636954973
57086.9848714142,6940.634443931689,2189.5357204113766,0,0,0.88660819798219,0,0.30139483834372577,2126.4100689548404
46147.17548071134,3526.77794337201,958.2127484274638,0,0,0.5927406582581687,0,0.38341935723096665,920.4051093938638
36356.0541266905,5767.971069053201,2136.594963130335,0,0,0.2849189987914059,0,0.41562219885950186,1965.8122418287244
31767.24353808648,4677.994495129378,1206.9602297197412,0,0,0.6603257912125138,0,0.3623438669420028,1134.2134049609504
33909.10547184704,6897.170852553116,4541.49211591113,0,0,0.8567450974393398,0,0.5218149027542032,4978.283815599511
43139.80030850285,2862.9197698899084,358.94381387975835,0,0,0.4315788153794814,0,0.29466389654538655,343.1371453399824
38925.8779546126,4427.542999992389,1477.7464706187563,0,0,0.870197939357191,0,0.4705920648911185,1483.1130649126567
30874.263103175537,4140.292784034129,634.9096606430192,0,0,0.7415350821717426,0,0.32193174735116586,641.1740115739755
36012.42307618841,3154.2936969264406,2349.7410050484527,1,0,0.9897971525942684,0,0.5916815276969744,2377.952022056742
38942.924356629796,7185.912984172792,4482.132642625518,0,0,0.8597690907909326,0,0.5384107167428784,4076.3455742303145
12455.190867022255,1744.084434969016,1043.7589227745007,1,0,0.3612003712743878,0,0.4912452054777276,1100.4271378611352
43498.017377464384,1621.3147964052212,63.26702838004237,0,0,0.5592032476860069,0,0.24484104502709547,66.18167741762964
26243.345303398317,4826.821514920635,2188.9226918480617,0,0,0.2828067718420866,1,0.47515994514423016,2397.8300310697114
24160.01116153106,5431.206724887065,1669.7685246195672,0,0,0.25573645345057944,0,0.35472738939977266,1564.470003565202
17751.867834671477,1959.6444074342387,1047.603034236726,0,0,0.7648433926969376,1,0.48669846424848806,1058.873421130068
16473.290025585316,3430.380816909681,1212.4101576098158,1,0,0.9303454438192085,0,0.4555073319224688,1286.0835282721514
21734.62996265253,7599.228822340578,2152.0689366836973,0,0,0.9788604133402015,0,0.3506239978343606,1990.3822846056746
29491.748508434117,2349.630670180055,1068.4873386046743,1,0,0.4163730833830932,0,0.450246498545981,1130.3678784437448
61439.10965031882,5512.705265880456,2792.414550589524,0,0,0.36141707348746044,0,0.46684214359532,2663.9429759707705
31689.443889257553,6051.120452731931,2125.594230774561,0,0,0.6481759096489841,0,0.42817040346600904,2032.427767461998
40133.001275216375,3860.9652459886966,1885.8842905311337,1,0,0.3606880584641264,0,0.475615568568056,2053.952621977983
42805.77663807594,7531.4449006968725,2425.4980686211343,0,0,0.4367256720545749,0,0.36756491940077257,2335.2079767625014
39572.78223459019,6024.9255141409285,2687.8484160846174,0,0,0.8697810640627561,0,0.42944057981993217,2733.1318949017564
37070.678471288076,3934.434348956734,2974.28663537253,0,0,0.848370285181365,1,0.5645755596874883,2938.650489690384
23656.474836809066,4770.014013320705,1697.8731127546532,0,0,0.9160586200028342,0,0.3813442211280008,1554.6267255300577
55411.130579350545,5694.600825688255,3190.997569813531,0,0,0.5857948119427713,0,0.43199302086128955,3478.4953214110424
59686.35972365462,4941.426353219137,2294.821249747534,0,0,0.6512685869547712,0,0.4662241853884445,2163.4313692305523
17808.09567052777,7090.231878695569,1979.4403804744516,2,1,0.81647160653016,0,0.4488597789664154,1887.4734136228722
25711.656909363446,3176.6649671030086,1183.52420070275,0,0,0.3914124264956792,0,0.43700104108912374,1154.4678663250213
34642.275891475925,2749.143050418537,669.3684139276207,0,0,0.85847487302611,0,0.36295000225439517,669.1724220809579
26425.546461077705,2103.7916712144824,507.5213906472974,0,0,0.21404598386316415,0,0.3434548830449076,471.41486903625946
44071.586641470385,783.3722604844636,249.64121514529447,0,0,0.8381279110494619,0,0.37503267758851105,256.12872074011335
29260.733571120643,822.6047328504151,126.2171734429713,0,0,0.8207263582820057,0,0.26622715936369545,126.58831487680284
63980.67281367923,7025.413948319621,3180.3542707734905,0,0,0.44142395987407457,0,0.4588838511043418,3055.0548815454854
52286.58313212315,5587.948598044305,1733.1204342681235,0,0,0.7823298865288784,0,0.38624269306887277,1799.8981893947387
40550.88836758658,5453.9931157736455,3938.379227912047,0,0,0.37119489133044203,0,0.5500202028418152,3949.4698157407342
50323.83515983679,5109.821142011645,1118.8255360005232,0,0,0.6609861101231027,0,0.2692241327332132,1195.0590938788853
51270.80509228771,6869.143585205787,4103.687767471654,0,0,0.7604694199330657,0,0.510602497937778,4395.38182999731
31232.63014330108,4102.001942492207,3328.4755399065994,1,0,0.7717591059220519,0,0.6098846936697959,3648.0802195757483
28205.39306549642,7028.081214187252,2991.8163515102497,2,1,0.986348108017888,1,0.5856446873819673,2732.9259606219666
38937.71675563577,3195.837696366794,917.2040065850837,1,0,0.3456045294765311,0,0.3806509871926618,899.8099004046097
48339.63349397533,7450.306282543179,2595.32018507424,0,0,0.5846389031124463,0,0.4543989292442461,2596.1086299291496
39668.72478384101,5739.9273506093,3229.704741268921,1,0,0.9040836353913282,0,0.478054177788169,3057.7616336009282
19076.042213708035,2428.8285201832045,1059.3423051770428,0,0,0.6492100848560006,0,0.43564453288681115,1148.7582514999426
28366.106672589893,4730.636912664689,653.8486019727774,0,0,0.9011112203392722,0,0.271882979716386,599.9882659966979
37112.32563686746,4497.729211161917,774.1800677156472,0,0,0.5472470219137879,0,0.3168498294108246,763.1102364249105
37092.012748090034,1534.2411629775047,1012.1880724524682,1,0,0.8362811369017196,0,0.5799481029724178,948.4588330584048
61670.506121477694,4934.321793129606,421.05001507982325,0,0,0.8960394392108255,0,0.3226117084224507,436.3879248894492
21368.144691212023,2860.8921778771846,704.2470838778056,1,0,0.87715149576849,0,0.3696522707419142,733.1201341623962
44067.07090203049,892.6157510720182,563.2705077853773,3,1,0.8970920356457455,1,0.5801502458942029,605.2357395159255
55869.357299939475,7614.921182799237,2993.3725167416997,1,0,0.3756437572857868,0,0.37068416837424695,2938.875515053258
65257.39694507355,5311.177767982159,3404.627146663595,0,0,0.5511873044922448,0,0.5285193612476567,3591.9567989115762
33147.23092179246,7076.891989031353,3075.0973845217195,0,0,0.3396574968467678,0,0.4183938869264413,3105.5903994795
43897.1534326424,5570.420037599399,1486.719487648775,0,0,0.34443294195409924,0,0.39662801472441866,1579.5713371108072
44837.12428638376,3177.3776910508473,1158.8412118191764,0,0,0.5902618462809708,0,0.4330684874131718,1062.7452293691363
40345.78077863949,4345.160542466086,717.2207798397734,0,0,0.9680702037674038,0,0.33806827124159433,711.9775593319373
36813.857585128324,5568.100702603828,2273.0907656135514,0,0,0.6735290450408906,0,0.4108377808645681,2114.229267447738
43231.70467400055,7701.892439010781,3156.350006252905,0,0,0.8830760772671777,0,0.44031617461490785,3339.642713342506
12000.0,2402.5209434127237,86.18138741687727,1,0,0.9497471956181871,0,0.2795014814062319,80.19473503718015
46184.833880751576,7062.327939680883,1184.7432340870994,0,0,0.26926028709125704,0,0.31175968339581045,1068.1788045634112
39514.134843943604,7430.5835397070205,626.3895944719072,0,0,0.32965119214363836,0,0.2783517504481401,680.1994347287916
35330.30123866082,5528.116359942174,2681.52229998361,0,0,0.43267342414244503,0,0.48041562027959556,2673.2623082646637
62562.346348634695,7484.499705510034,4350.729528906907,0,0,0.6934216543943776,0,0.4677921506522409,4772.916393558127
29900.791774513375,3484.0894060802634,611.0116520015168,0,0,0.24938337479687311,0,0.30578284419286084,605.2678045051681
33163.08813121963,7647.62132030332,214.10917058201943,1,0,0.8293236078875745,0,0.23627110765258516,217.99707780894914
61898.6396264568,5770.871578744812,2611.4598214001135,0,0,0.2510309735381111,0,0.4930270626709263,2738.990616312568
28015.264341801718,815.0432556410892,290.6619093656714,1,0,0.32674544605182765,0,0.3891887429345729,277.9191946590694
31398.616604761533,7301.546238642895,4121.646198931083,0,0,0.5053662913361503,0,0.505125739417114,3818.9989933124452
36235.6949188298,4133.546067748945,1086.621119753595,1,0,0.6461758853184221,0,0.39412686966938554,1121.6384661329662
48088.813785554594,3952.4523858337466,1450.9998961493739,0,0,0.9052037391522674,0,0.3848551767355463,1454.101208157559
40493.63008823976,4748.499544847257,866.1953155907638,1,0,0.9709838228779695,0,0.3671250923662851,922.8100432804708
22488.49583417285,1620.3841007842095,1062.9555290788653,0,0,0.9077136992358472,0,0.583658450459819,966.2412006140592
31613.977242473724,4018.7453642554897,2483.5361796574352,0,0,0.28563572614793586,0,0.44313838711739656,2505.7738158086363
30711.746801453464,6733.454125383093,4193.694750765886,0,0,0.7049835882037121,0,0.5445220125910026,3930.125979747137
37073.347457323456,616.1184435313651,184.50868134290457,0,0,0.5533716576960599,0,0.4261397064247467,188.83789874688065
43110.12390355795,2546.878702432785,996.6540938089248,0,0,0.30063377448900497,0,0.41071922782241466,1048.567766493297
43018.469070655665,518.4093983288317,36.00853920695545,1,0,0.6440898970020283,0,0.30286103450767266,34.301807847816335
16687.858951419174,3617.8348186238622,913.9302117966356,0,0,0.4853266444683424,0,0.3106989069003829,910.6014366861607
50767.291850730275,5962.36632870301,1090.3567303081443,0,0,0.4766302714370807,0,0.26890530572202365,1072.9555454342008
41030.82615195948,6490.788718359714,2642.649950340963,0,0,0.27555609496896455,1,0.41624920269877846,2777.3568162848524
54614.38457112687,7588.923208452549,3613.1601160869095,1,0,0.9830823725365716,0,0.4252212121471126,3685.32777648523
43330.379927488066,5063.784597280899,2343.560198775257,0,0,0.7807679201790563,0,0.47251743201758284,2165.781190216502
51215.875492829146,2409.701499896716,989.2764320295323,0,0,0.42426736907233514,0,0.4477031209017853,1083.603566163674
43598.543737401524,7431.109618525242,3149.0522384126316,0,0,0.9339801257900013,0,0.5111878069082403,3408.7467096977225
54154.709074432976,6314.868154102821,2732.733422971125,0,0,0.9584697570641676,0,0.47664082578537614,2775.7575850901057
44267.00763221334,4808.213622523584,1896.8394451306692,0,0,0.8482998746533543,0,0.4036144538476733,2002.10527496285
36825.017042685155,5717.30161789202,1466.3590015831064,0,0,0.7274521312890287,0,0.36722876952577804,1325.5798830534238
65269.21664536258,7432.372662555718,1377.3072299534697,0,0,0.5011012957780708,0,0.34208826369504813,1295.0797361946422
48668.4454673587,5842.955213546912,2413.383501564435,1,0,0.5474772062006183,1,0.4569843410881713,2542.674744210532
44884.933052052955,3262.808806885505,376.2293108846014,0,0,0.5640090027474957,0,0.21818301949627472,346.5965884340505
22684.34700153997,5847.711517168225,2606.9345256271586,0,0,0.9590101240408269,0,0.43249110212182884,2368.5182029902007
22540.308590437548,802.086220515409,453.64924013007135,0,0,0.8081076837567138,0,0.5462033582340458,464.14812752199305
41512.58578570224,3398.116713729359,818.4522027385834,0,0,0.43361144266956303,0,0.3741709325096706,742.2120368560714
39746.254373218886,3547.4227388418444,1550.8135315948537,0,0,0.6997124695638162,0,0.448305257070837,1452.5272627645868
30630.529219900207,1751.28675815626,1029.3865694895294,1,0,0.6751204293722457,0,0.49374134751817383,942.9143752748002
39691.79239534472,673.1411041382763,67.53566468663348,0,0,0.8497015994449502,0,0.28988656997873535,67.998575494712
57063.523136523145,1500.3592747830712,349.0653791573426,0,0,0.27624671678604396,0,0.35636111769957185,361.4177029346567
46344.829694603584,5409.661218477913,1073.1213001949275,0,0,0.7610172732142659,0,0.302841322422573,1005.1517703615418
24307.89788296714,6517.166122727656,1806.0567003935294,0,0,0.4649358722601882,0,0.3854040267006079,1794.7715990458792
36661.894074284675,7911.526195452307,3629.8211823226516,1,0,0.3037056325699113,0,0.45926738088127134,3281.482541957561
28340.40222976927,3097.726273313707,1642.4028376113693,1,0,0.7854186648612682,0,0.47187233360572645,1565.0983400531259
33347.60100309727,4995.3441669582635,516.2060318013916,1,0,0.4653168190947359,0,0.27967874738970194,483.1279985624463
33036.61201244429,7528.587251113415,2396.4425513123415,0,0,0.7840989949365522,0,0.3434104997417327,2236.3431065225063
32268.253008751937,1752.8133600361446,151.30862138604408,1,0,0.3299495600487863,0,0.3331937895728327,142.98725187106535
22938.37553631926,5882.34189757057,4152.082293581071,0,0,0.9887422595816324,0,0.587480784734467,4405.64503097636
36468.14382178172,6162.340498618724,4353.118938525489,0,0,0.8427264125443472,0,0.579386876843016,4744.6825042385335
31272.70835783228,1167.316519020038,332.4380434629141,0,0,0.43132142879704044,0,0.3996722739962553,346.13796781676643
12000.0,6959.370388872988,811.5594201461472,1,0,0.7924194032495251,0,0.19194589830500108,742.1314048481516
62635.66429401995,6598.287853331329,1709.1697401154106,0,0,0.30863990060772273,0,0.4344076339071594,1752.9804820450447
51065.23585060006,750.5225493307584,74.52303163715166,0,0,0.7227499617350166,0,0.18883301436481512,78.01242855278517
33484.391300900046,1183.1331116003862,433.98115778170796,0,0,0.24770949176318746,0,0.450658353032848,400.2283013355457
38225.82859688718,868.4517041888923,299.64945771345106,2,1,0.46670996781356094,0,0.5090107161594378,287.3232438309313
23940.147832189257,3010.576488495217,1490.8680996586445,0,0,0.9827700362575091,1,0.43024799266485647,1469.5132991320343
58348.67453373039,4319.667430099446,1146.9651209269482,0,0,0.29673629936649815,0,0.37365967827430996,1103.5465245791972
60767.46433727734,4492.607959659716,933.1361869713375,0,0,0.6779392259527908,0,0.36291326621216813,936.5548976135466
39880.3247389583,2507.50069827082,546.6344460661601,0,0,0.2564843087727418,0,0.3279333927098971,506.2840996055927
50282.367730224134,7336.976649202056,1472.8081746660152,0,0,0.7355209692234899,0,0.3883704533555755,1456.533468543161
40103.44134720709,3261.970924039349,1229.1710306424545,1,0,0.4229297223684369,0,0.35917913408131746,1286.519293809483
21959.29473348883,841.6261697401437,377.6761016967522,0,0,0.4479804811660759,1,0.40940948425172885,374.7251855961291
33058.11957243611,2751.703336560398,1206.9579970044317,1,0,0.47024202823617434,0,0.3967561785667477,1137.0594167200156
39583.135601263486,4483.320669081166,2510.539419540478,0,0,0.3641254517004874,0,0.44471919436969193,2662.232507221087
32545.42737507867,3561.66366941174,1369.974419589634,0,0,0.9533259080567984,0,0.4297391257166785,1341.0393500184412
35376.160670779565,2553.8188932444436,766.8741399603664,0,0,0.9246654739162801,0,0.44929920239070475,755.3851997841398
36903.205309890625,1484.9243732323807,945.0487643651903,0,0,0.8960121839871127,1,0.5704067802864988,918.138220968825
37029.45802561446,6643.7337507217235,2874.920225704901,0,0,0.2851564373974304,1,0.4324948083955315,2754.0192701099763
38627.1018859698,7971.089315931439,873.6124078083506,0,0,0.3867558708054034,0,0.3548815721018789,891.425003667069
25272.739203240788,2971.5660014291157,256.693267168265,1,0,0.6897806874494075,0,0.33009112144839453,240.66571429412153
29395.806210464765,3362.1578313245295,1553.2064070300387,0,0,0.9762968011118622,0,0.43103987731420823,1636.840264096941
22584.988811600368,5135.281435077178,3416.726304653731,0,0,0.6838539058437472,0,0.5376385243588089,3404.220742103503
49733.78659623441,5888.31106051656,406.03194342066405,0,0,0.4616814093398688,0,0.29261185579846827,437.1816987645248
12732.236697916105,3440.2215110269344,1694.3291530931488,0,0,0.8539232889841044,1,0.4403531576305846,1843.0542637028025
51843.084119803105,7286.971377363614,3932.794174516834,0,0,0.3083444399196532,0,0.45322441230084937,3840.745537621173
54636.19276715412,4700.029919216888,2423.1088044935295,0,0,0.9053935067637182,0,0.5115157243132493,2257.7671085929815
34373.83295620854,3877.9255730444825,488.9792768360019,1,0,0.9797414320956235,0,0.3455421025501956,489.49368933796177
12000.0,5350.045648699289,1825.0708721330564,0,0,0.9741221231597701,0,0.36271067946942936,1741.2825166766565
33664.27325639252,7646.028861868799,3708.8148630654787,1,0,0.31815725073263634,0,0.4828370758846565,3654.3123110328956
37229.790064534165,6459.142208162792,1119.290036909294,0,0,0.6396860054636796,0,0.3418810115165379,1091.8546424993488
25872.82136085304,800.0984790134326,63.06906167802268,1,0,0.667935223715874,0,0.24133337263732085,62.44432665430869
31817.379274301085,2992.324330549697,2522.1519943644257,0,0,0.35593487233622345,0,0.6422271531761585,2521.4284356298976
56362.342386360215,4029.08513713417,533.5377988784735,0,0,0.6374218777815011,0,0.3302917182585562,547.1354251154436
45979.125947620894,2858.8817915682894,180.51508961681773,0,0,0.7172300591784591,0,0.30101224805024396,162.6012764682035
26905.2306274628,5751.406706228424,813.7906832076234,0,0,0.4631693957976475,0,0.3019002967576415,774.1461172978785
18828.809964854816,6697.018623969358,1747.8182748928568,0,0,0.45254461320236006,0,0.37897515440606044,1632.5511318726897
34075.792188682746,5985.088213889537,2370.2953315161217,0,0,0.2481907998223843,0,0.43504022749636256,2470.0594785040867
35438.51864779474,7919.999651212064,2118.1879251954997,0,0,0.9654604479395235,0,0.373085514231275,2258.97420829612
43954.39024835979,2544.1073591977183,211.80912561829305,1,0,0.8428927424071697,0,0.32217605356049644,221.3725811918054
31576.19944918809,7062.421212683161,1679.555360984638,0,0,0.8075593047235727,0,0.3179476675388678,1839.0001911519475
44137.99490434234,6249.669988808646,2558.7276850549056,1,0,0.2174231359534808,0,0.3995362285193707,2342.3859950833953
61221.84848072275,3216.3406816860956,949.7601627943309,0,0,0.6994472836736785,0,0.339512543099183,943.0651585019083
47786.01226933115,6005.934077427265,2263.6956192559737,0,0,0.34450282836632795,0,0.45837574548739857,2444.50616593559
37422.93791203073,1280.569673136852,453.1903174992119,1,0,0.7293740250442375,0,0.40780784664667064,436.7928372170953
35802.19434736046,6420.001117554142,1453.1048335562227,1,0,0.6969243927803404,0,0.3261793448814038,1540.964523620885
33719.922389841544,4492.47951940327,1616.7839757807533,0,0,0.881540286131129,0,0.461765009940767,1636.7482409895301
52167.690949425734,2692.176295319399,696.0416708276679,0,0,0.4043472762518408,0,0.3560796961201905,762.6607480393542
30472.238648584367,5418.329763381351,878.3428536353896,1,0,0.221969423163402,0,0.23498856619800673,855.6854643315962
38542.67250799979,5312.149990358068,1831.3788696490067,0,0,0.9312887035007402,0,0.3783913338037871,1801.0392430003808
38614.37482257302,2071.146670396998,429.9320678090938,0,0,0.9269088227838553,0,0.34631896958935365,401.0239944200436
31978.589686261617,727.9806110864461,178.01919978005455,0,0,0.5646876328390076,0,0.37394458262914915,165.901081507886
21530.41342539079,3752.169401762554,2037.5038795574378,0,0,0.26247044714169904,0,0.4663308123389999,2184.6125957104928
41875.69404341202,4771.339020083159,1331.451441780056,0,0,0.5983751910675879,0,0.35759774663172933,1306.7650340854143
37267.9523377354,7074.539587779488,835.7136735674137,0,0,0.6192113766214239,0,0.2824434471665612,855.8486122212041
44002.88563323884,7461.625967356958,3083.3782821377413,0,0,0.8573803774186499,0,0.4601913190724514,3238.9361013547077
31596.79632273,4466.039136175748,1589.3879841860353,0,0,0.7736811554929564,0,0.46248921706648977,1569.7568924833226
52649.85558575657,6153.526128264087,4489.5497296828635,0,0,0.2566436607428722,0,0.5477839678933321,4897.006891679328
27478.714625457862,3794.774542459977,1319.5679552269382,0,0,0.76427008873611,0,0.4616249731501775,1435.2079442792785
58544.48340821471,6095.616174296698,2113.598091206616,0,0,0.30859157482502947,0,0.4119949163713295,2189.737631365747
17028.36188206086,2036.011437043752,595.9241394005927,1,0,0.27157762163959,0,0.3741567497891801,654.9453973953935
43217.240774682694,3282.9855110264857,455.1196638570466,0,0,0.5188857051479108,0,0.2992756318314543,409.84877411566083
43705.168190319484,5256.709991102111,3050.982425215125,0,0,0.26189088546734046,0,0.4710021841187456,2751.530149832138
28453.315184709412,636.1847420530912,169.81516277971403,0,0,0.8634151950279978,0,0.33450355861338477,155.12733363565255
43092.72725433215,5918.459827542155,2744.3273140558226,0,0,0.5705033480053459,0,0.4170503082784754,2987.760030042679
53354.22403712191,6766.516259511251,2735.902941892856,1,0,0.6696030045296943,0,0.3863689539946845,2793.266369362632
12000.0,3493.5624582046357,1953.0602372452418,1,0,0.6614916188033706,0,0.5154021059224998,2120.133756548543
44032.937689889775,3859.5681288287324,1676.9428699146074,0,0,0.9824878290799668,0,0.527549038055102,1551.8758577059505
12000.0,6884.6165916239825,4180.85960225289,0,0,0.9326260055570446,0,0.4912605843676373,3789.513305915848
26412.022357721504,6317.409764945251,2457.0705895979977,0,0,0.8793024470282946,0,0.4119300160446322,2478.3400995220777
57549.99637881134,2661.1211677503125,958.786648635501,0,0,0.5066153815305079,0,0.4496371355889425,896.5075847911892
31018.61559929535,2929.820799211542,494.98365312796903,0,0,0.31607976040398733,1,0.283843140149836,530.6060306023589
23913.44042709233,5591.586742929475,1038.5402735816338,0,0,0.6734936020056603,0,0.2757064917760167,1022.0086628651027
35624.74725218382,4723.985693361209,1419.2325600682927,0,0,0.552252860088053,0,0.305837476419871,1496.0007684205239
62814.876057962625,1716.721783223727,347.73329829065534,0,0,0.38042132193010114,0,0.3414888835998655,348.87656434663495
16019.813033527687,2824.474319218748,1489.828322291244,0,0,0.27815369220889424,0,0.46004614840389585,1498.371133362089
25384.281060327867,7249.874576589906,1250.76455175027,0,0,0.5488746378619138,0,0.27296963158835674,1296.2536097946565
55969.18019815552,5661.308275416975,3834.93157387756,0,0,0.7206941762571577,0,0.5258932185853747,3708.725375542171
60292.42812245279,7894.807382641396,1545.3705129878952,1,0,0.7003118509897874,0,0.37060601183368963,1684.0975898313322
36758.82530851659,6252.59397485577,1738.7281389733907,0,0,0.8191371518568722,0,0.35583550827576077,1704.096188878879
23131.36756968029,7564.808241076927,686.2578504802376,0,0,0.5732437015394867,0,0.3217761505565211,672.2640075222866
63150.1220217099,2121.4143040285653,901.4883237289574,1,0,0.45731166020843583,0,0.456137601533996,938.8860693902968
57133.30870099036,6286.136561126943,1199.5318908340168,1,0,0.6309603336255984,0,0.3391333141800455,1232.2195805590545
46147.363853146795,651.6314011084808,223.50123284530792,0,0,0.980004847815519,0,0.4008880931900304,245.6627931967803
28251.17181275096,5530.700162836504,555.3629014762827,0,0,0.23607243043705373,0,0.3190741988897011,594.2639411941728
37411.64790994356,4019.6170859018102,954.6820033394802,0,0,0.6229326425855547,0,0.3654730855853066,913.5525433623826
36075.67902746203,3100.7005394005146,975.7880105188308,1,0,0.46341160190056174,0,0.3962194353051705,898.0279738629746
41970.215655386935,6968.032642198168,2255.011899987989,0,0,0.28428019113788905,0,0.3148373988388107,2077.599822007593
55412.01725757604,6907.00769493148,849.0746703997672,1,0,0.5477364527712889,0,0.289670599722169,825.573773635357
48553.00449364884,667.2627867398269,206.25887678258434,0,0,0.7129313039862932,0,0.3239322505705815,205.31775857804635
25071.4870761829,5071.288418370733,1812.4104681897986,0,0,0.622532453795053,0,0.36438345608075606,1862.1154959686548
54517.95740023445,3258.741682407173,655.8957979692269,0,0,0.22334117621151198,0,0.377624439119199,702.8219986529333
41757.58568015786,3617.4575112533685,1434.8201750243634,0,0,0.6632939715907211,0,0.4189448995660705,1575.3006870818836
46244.789550306996,6740.30554414082,2547.983111133931,1,0,0.38560206704056865,0,0.4828970570982975,2501.465092314909
55598.49031134324,2823.798286457587,1401.910677920237,0,0,0.47318124403278505,0,0.49901884840741906,1414.6906004070986
24661.03700583739,7572.866079782151,2042.662113513876,0,0,0.449763794607303,0,0.3405628522994075,2083.8206603689528
37570.09305552245,1847.2536977910556,757.0724491258178,0,0,0.8868106462198684,0,0.41460915112956437,765.9395454756616
31622.54538368942,5470.418175261333,2421.753888472777,0,0,0.23805841410908357,0,0.4716030942960572,2223.321712694109
19185.68689561453,5540.788002603235,944.1568348289325,1,0,0.47839740161895394,0,0.34504887569015813,871.4644379339176
42160.51973125904,2391.4637107093868,937.8287039396017,0,0,0.5158530694894412,0,0.4615691696046632,1010.7459142542751
68138.67861901308,2935.629567254015,793.7845947632976,0,0,0.6950674107869537,0,0.28091938495553853,821.6597700361468
15919.067065930965,6760.988694349553,620.5915891061375,0,0,0.8311718787837126,0,0.22499667095166362,642.7791174965625
37612.63266740635,6213.539412162143,561.9395395649901,0,0,0.7821321101319791,0,0.2630663865706904,597.3172020839502
45686.51522089728,2968.2191023606965,1067.9864304420946,0,0,0.8020976826332957,0,0.4351606782074707,979.1602076185346
39476.938419874175,4504.674102012004,1922.844893237831,0,0,0.353909613042762,0,0.4704280180459446,1890.3411035349561
36642.463369811114,962.6022218982159,420.9016181416559,0,0,0.9293898189962253,0,0.32984755862479265,399.5765892181647
22409.40363865011,2065.594117989719,898.159649691948,0,0,0.5313189435688079,0,0.4070777007990024,927.0456553326761
40793.440915281964,4143.6541914529935,1459.5441113026607,1,0,0.20888722476055063,0,0.42749703027973424,1376.3310921838147
28918.832275808883,1144.803014594087,302.38592098568296,0,0,0.7344769456678901,0,0.32461489566549606,314.0050924952378
12000.0,6824.992661689531,3900.67777874217,0,0,0.6832022392356121,0,0.5151798036024151,3813.2249463226444
52335.10664616477,5885.046575807359,3513.161975429279,0,0,0.3007661080713435,0,0.5341062072031698,3470.5863435822
49500.629838104505,7577.252529863711,2798.8344540424587,0,0,0.9678940843274713,0,0.393539361387189,2976.8474885578094
38619.93172221296,5701.001794730204,2937.857579919071,1,0,0.6492515446501721,0,0.4822036129988354,2848.6448482993505
40748.896258468434,7553.010291966391,4109.0279971767295,0,0,0.575411189047189,0,0.4868668379738974,3908.9998585600574
50891.81615258673,4658.844167682238,1498.1356471366491,0,0,0.5184977776299263,0,0.4125138415560348,1603.084475719441
40692.07588133699,5001.639582964771,3118.5518657301654,0,0,0.36788110271489316,0,0.5191445416030642,3234.1872005366695
48848.21065713577,7827.282909696956,2641.7350233078273,0,0,0.9622502473695618,0,0.32665056722447233,2590.958540384772
34430.2135895138,5315.968601481953,1119.354303716954,0,0,0.7617269112605358,0,0.36517479182586965,1119.0321358096212
53743.80486288736,730.8992664555994,423.67962687783967,1,0,0.6540829991402137,0,0.5077224823823127,410.7877395542011
41849.42871119221,5928.520824728925,1017.7059638739563,0,0,0.7049601614373913,0,0.34738591840777244,1028.12910249958
40328.62332327049,7291.015191030618,3587.112784718476,0,0,0.8723363667618103,0,0.43572592929509885,3327.9050134196727
22759.266935455613,6466.85187345745,750.9547700684424,0,0,0.708576224785181,0,0.2897304082835982,809.2952595631872
41443.47025162051,4878.74954469067,2757.223228912501,0,0,0.291672583177099,1,0.48224048861867497,2787.027724885985
28016.540990066584,5534.7763482013725,597.8967857938958,1,0,0.757836127059935,0,0.3330095396566505,584.1773193098223
30340.60728165807,7926.438419387538,5397.843065057978,0,0,0.6518955007142155,0,0.5815780908877131,5475.133362699684
28215.492460206548,1179.9656638200374,629.2033476791893,2,1,0.9730752861298979,0,0.6484768347540911,586.5676041467144
25205.1808172093,5504.336214749296,1163.204686375619,0,0,0.7869753717382593,0,0.3388113680674798,1065.1402075941903
63497.25683620354,2625.4827092794535,583.4726987518247,2,1,0.47520233278420926,0,0.39825514655845046,589.0887561100369
53976.06874386084,5300.677974396275,3711.895409094284,2,1,0.30831828112622084,0,0.6217266256806996,3393.0411524783235
61044.41002573114,5057.1768191295405,2239.428267894285,0,0,0.5858244739755272,0,0.4841855957522078,2311.479329696322
23325.259765333234,1650.9262408112156,653.651184081246,0,0,0.7434834246494264,0,0.479477849123401,692.9018306511687
38855.04499893071,2050.599843051794,1009.6586972432686,0,0,0.3418204143255392,0,0.4170264829647797,1108.2755737544062
22477.908497550852,5162.221835324101,1394.2871513936018,0,0,0.7195554194308131,0,0.34988600825085686,1469.3678042420406
29651.66147363523,1461.724604778306,517.2108976835477,0,0,0.8604894064103248,0,0.3630863706759133,566.2554423259799
26982.476199001103,2488.8565634774213,1371.0317790876652,0,0,0.3256401427076675,0,0.5762213983413574,1240.0112922422952
52875.00807729874,6764.341608035018,657.3111889263861,0,0,0.7646285628861476,0,0.30759848101648746,665.047428992619
33245.24386277888,2953.1862950122895,502.1776662313356,0,0,0.2546061068798519,0,0.2898753453205107,468.5053203806612
50820.552004328194,4160.451172022472,1173.109491625355,0,0,0.20636006630938689,0,0.3380613303924683,1113.3126546116987
45249.45067506222,7558.552513593802,2575.001596024817,0,0,0.22610774906245254,0,0.4598295870266079,2695.7874147133434
65643.66502525748,2203.618166277097,679.2399949627099,1,0,0.7052036621145528,0,0.41288461898938683,645.6619060407521
20246.669322323312,3422.195130185078,568.8378878270121,0,0,0.9786896421473501,0,0.32458237463806244,532.4108262250965
53110.798877441586,5048.433316576592,813.8822507157342,0,0,0.817097801711802,0,0.30382163724639105,793.0216679676859
51757.290444808736,6165.041971279791,1445.1599606970096,0,0,0.4035274080323979,0,0.33779692728405497,1324.7072586444815
26319.453943675584,7262.400400345288,3119.871789988463,1,0,0.25735094920067847,0,0.3862823501749353,2899.2930874005774
50085.60003767791,7366.047406801364,1858.915101709084,0,0,0.6933233031943848,0,0.33373151779773375,1727.4714014647839
42033.739556314744,6324.800557794672,2207.9733751968756,2,1,0.20258310812180094,0,0.48728810628611,2087.0013993460657
35270.284880559106,2212.4812744498286,518.7417875093836,0,0,0.8340684994176382,0,0.34852634913859454,557.2014635244011
28112.774156336003,686.0699753192436,191.86382025562185,0,0,0.39449642060713785,0,0.3710788082463082,184.00648578159604
29370.68658260977,3378.3044776671786,886.6240824150224,0,0,0.43937366077993395,0,0.40492086151074275,846.5252770692384
62597.74514943111,1561.616382408675,685.3489722699029,2,1,0.47518318965878925,0,0.5167785913070782,634.0832788675334
38008.19382748979,5827.907355787235,1799.8565922202356,1,0,0.8108423533746294,0,0.4436038460269268,1625.6683364708456
47385.56001837751,5458.479401192876,1488.1211383125765,0,0,0.41259349724056726,0,0.36638820795122506,1387.0416538193986
28509.20741998936,829.7873121609113,299.4221569492136,0,0,0.42757671510964085,0,0.4252849314214667,312.774663933014
28641.764645340336,6774.453343482133,3511.110075458722,1,0,0.6327935505229443,0,0.5237078384088546,3841.0464923612603
50983.817710999305,2365.5744971838667,969.4931770146502,0,0,0.5704004229033323,0,0.4547388935337485,1016.7683725975088
21805.085461381612,3741.7030661828167,696.7547994295647,0,0,0.9644557510675011,0,0.3624005723130213,745.9774152507854
33017.43478513674,5509.503015918068,340.559131478475,0,0,0.4107172656645382,0,0.2529533228088299,360.0899020968806
38408.32893286678,3720.6409013919,2212.1339866595495,1,0,0.27351299461640705,0,0.5100865750635154,2121.9020401223192
39336.47122208063,3809.6585209995756,296.12801594269183,0,0,0.6327851796713773,0,0.31331095632834266,309.822762768646
35850.88057980612,992.2099650180528,290.085434939976,0,0,0.34761566293790513,0,0.4108051605116876,304.6237656168367
42749.83737315108,3510.8266194500284,1523.7780181889138,0,0,0.5309013602207133,0,0.45153564911336663,1450.1989838249124
46314.26906981374,6236.359199149876,3566.4127303011614,0,0,0.3497583548522618,0,0.5353630023323498,3866.457618191701
46815.65054551196,7363.822528899483,1782.4597702347726,1,0,0.9047759109800599,0,0.32552273225277606,1959.973931527654
26170.35429598608,3601.228527975288,1554.291244629369,0,0,0.46195970585520274,0,0.470399614059742,1573.3460018916774
34590.13882485443,3676.8937015930915,704.096388019639,0,0,0.8198940042733984,0,0.3726170686472402,678.2694490534577
52337.15434252325,5769.703297427391,1464.3764738960758,0,0,0.9588827144913852,0,0.3639323598482232,1422.674144693062
48735.76625088647,7570.790008289575,2208.0949039126513,0,0,0.952440464141673,0,0.3879350676067479,2244.5035807531885
21525.686582227234,2502.9570517952016,204.68569834781482,0,0,0.6198408773199852,0,0.20511226147593514,184.53560701382096
42217.75880422642,3801.0815490345262,877.8146498613372,0,0,0.9866040851039992,0,0.40898534157545857,844.1656467794403
14261.297007502279,6469.799326642258,1547.6790142429113,0,0,0.7247497747011522,0,0.37123460918309803,1408.0796397825134
38563.218824724434,5072.701770305289,1458.7173114097977,0,0,0.3027911493609572,0,0.4024792891603547,1494.9459609980452
60773.204200951724,1329.3975797296605,319.92329543457015,0,0,0.91070155444659,0,0.37141945653073233,326.58113183774486
26625.287392772167,5207.995516716993,1067.4276506811373,0,0,0.5749513934028618,0,0.3604590325377027,1086.8650921855874
27988.123454101013,1900.5971344799518,544.7752116585975,0,0,0.32215543023514726,1,0.3943571398095657,506.7488856757791
47168.357378874316,4326.619505588031,1900.7705814756112,0,0,0.8331374043274182,0,0.5065775083677171,2069.7715815636457
19486.38181748425,4468.274507453289,493.65330539252284,0,0,0.6995224060620836,0,0.3987007710159345,497.0327374652995
30406.939641379533,7071.525216687386,2636.1594114145228,0,0,0.9056967772885629,0,0.4611593406307975,2665.61163828333
45157.29365098103,3968.7070550932863,1651.701827898309,0,0,0.8618579706585143,0,0.48711883978430515,1666.322443240296
30388.569827727162,2595.8181667692065,1020.3082187979321,1,0,0.45608834092487877,0,0.40886518520213677,1025.2899940083857
35168.36015346834,2232.247611620237,710.3649398460058,0,0,0.40505165199949683,0,0.3843987990390243,772.6537063567029
46930.22852378042,7056.889075132521,3568.550025593407,0,0,0.7870628385835956,0,0.4921314054702819,3641.365721626413
43058.55300243873,1782.581408136713,942.2593376365314,0,0,0.6586502915573211,0,0.5092935219126107,939.4561566121631
41201.820755544824,3694.014206623578,1150.5966134471676,0,0,0.25589984814650574,0,0.4051314488177681,1211.9107971177784
33930.53264875954,1903.7983619521024,1077.5362389220618,0,0,0.34531023943636524,0,0.4661215990283988,1023.9746060945814
42440.73338322747,6299.780300857815,1540.9664437278159,1,0,0.32108275744825737,0,0.34326793886135054,1446.0460013375837
36515.20783880292,4057.7947998096424,1748.4534650862213,0,0,0.671837506286399,0,0.4291850794341246,1727.1966923718956
43493.667319109416,3133.5776791760904,718.9577455195636,0,0,0.2686098105340432,0,0.3717342009519779,649.3174342948303
32036.81569858426,3208.247304698501,1081.1589813061,0,0,0.36616074951345806,0,0.38881028254401373,1036.5107926715039
35809.17230744551,6891.606550422346,1114.3634280451988,1,0,0.6363011966508865,0,0.3146307915975035,1096.55019756863
26120.50648937583,4653.304657208286,1481.5481125434462,0,0,0.3064454479273462,1,0.3826917681235175,1504.8673033529492
37579.90867992517,5884.008883484477,2103.2981584161757,0,0,0.3986174526368633,0,0.43591559365138516,2121.472100850974
28267.98963645386,7227.788871880134,1830.0108180044183,1,0,0.925432827066361,0,0.4119975893810139,1781.479617858259
24631.44259805608,7263.062570304815,781.9715585983344,0,0,0.7576940147779083,0,0.2665070027059242,757.4587957795644
41103.93377426466,2963.8179075339735,576.3625604881792,0,0,0.44550514237859273,0,0.36798113855828374,518.8783236411335
40552.87731029192,7643.38447359789,4509.818984720928,0,0,0.9018840978834248,0,0.479294956453937,4853.568884721248
47394.484819382866,686.5691151095408,133.98413780245752,0,0,0.4002278466159716,0,0.363866257071832,126.78312547839813
32826.493165098815,3326.2667076212424,1052.552086205496,0,0,0.6712661682516774,0,0.34174437453555706,1022.660271879124
42896.63416204107,7218.491431316312,4460.624604305221,1,0,0.49479547011539843,0,0.5833377539854478,4032.6321167490555
44609.57086728396,2559.776598627372,1054.2597185482605,0,0,0.8017195274871378,0,0.4243949070216841,1150.5859841671447
43337.28569397914,2548.1108774098875,1368.862781492676,1,0,0.49726988475034767,1,0.5003680816533544,1367.3768929001014
28092.155806374292,2769.6671381141655,670.8653921337033,0,0,0.39908933813807074,0,0.363559077959642,606.9013931142505
39792.36178725427,5092.350386351916,2120.126811712834,0,0,0.6861636859741682,0,0.49170707937277397,2014.6267712053302
42369.68355265594,3787.4958171076537,1624.9371198702179,1,0,0.7962723533734142,0,0.4166939868208431,1748.192683749847
38086.1416028953,5950.511272650069,2435.838049525037,0,0,0.6290909505483577,0,0.4320281492284324,2375.283902235225
12962.268099546985,7211.829819234993,1114.6701735289842,0,0,0.773030628551969,0,0.32579389317963986,1156.8950216374385
39925.87548768176,5556.4953120714545,1540.0137843885236,0,0,0.5376129642916581,0,0.4136898529839673,1575.0801154372925
64550.3724727669,2033.5004014818162,673.1303020976694,1,0,0.8363569160479261,0,0.3685430317507749,669.3524746931439
33679.52877491621,7495.114267703766,3436.9692095945798,0,0,0.6680197436356369,0,0.370943741857869,3666.0217590178827
29263.07482573615,2483.6965501060886,829.9959163422706,0,0,0.35699998782773384,0,0.3544693964113432,753.6951051602296
42480.18271653678,1624.2072149611859,259.49065766845956,0,0,0.9126013624803899,0,0.3508657449478746,280.89467267099616
41748.53852559886,1174.7545914572067,531.3263838072995,1,0,0.8694591663435522,0,0.4565633758061539,554.4981020531932
52312.821984996976,4725.378054996242,1687.1230752102526,0,0,0.9711297673382568,0,0.40787498870321254,1809.849052902737
22905.582129093345,1353.2184686048886,762.6291695373744,0,0,0.6552068130965498,0,0.469762372272698,688.9488883368238
46776.56303089991,1540.8191308447306,456.0375259517482,0,0,0.7405927872777958,0,0.3859684696120083,418.16767666274365
45085.064735017564,2750.2286044662246,408.4331411601375,0,0,0.8908633889834501,0,0.3371939467647695,384.4073751832582
36294.241556713445,2612.397572633479,1463.470401269023,1,0,0.24207306567453354,0,0.49735689996329735,1490.855092945844
42064.24781506028,5031.796327491067,2295.880406192518,0,0,0.9297637067111117,0,0.5071935173857741,2108.7298301705814
50353.48977918029,6625.589596045112,4411.506671394567,0,0,0.4169307367130326,0,0.5833845011463631,4792.2611673408
48467.7845603414,6210.1224215216935,1579.5508456206421,0,0,0.24563494535328845,0,0.35917907175061925,1658.0842502195867
24283.768255115254,2468.6334103735753,901.9654415664972,0,0,0.39008558947260474,0,0.44203566481202167,957.4536786286386
47841.89824106581,2339.8287348948497,443.9503448095663,0,0,0.6690879706972883,0,0.3381369248711124,451.3953928501909
37223.736739609776,7743.4364758022575,4531.971933485505,0,0,0.23827759899336592,0,0.5256584705037813,4650.662528573611
38874.48917618619,561.7718119397009,153.21623547698914,1,0,0.2006118130579985,0,0.36347354266630133,144.66854196652787
38878.36389202034,7097.903997951618,1931.0035240566554,0,0,0.7114901385059269,0,0.37958475657566715,2089.3617637120424
36197.08413442088,1997.9638934180373,369.12289838628953,0,0,0.5627098779501609,0,0.27363589583744935,380.11669361954444
52300.48996528478,7604.632423173259,2184.099569404412,0,0,0.8754642008122153,0,0.3473358741763485,2148.166842830816
36995.38448180946,3067.304636206398,1400.6828648225828,2,1,0.4060378294868929,0,0.6027429960818167,1507.6031441678122
24565.446459401974,3802.638304199392,1197.7602196116309,1,0,0.4245660834601189,0,0.3788796632577539,1284.914494158284
33277.641728363255,5803.404604582857,4129.0984228503485,0,0,0.2620371231273333,0,0.5280278526425666,3716.6338742517382
40144.33660172571,4907.5178860494525,1091.2971668918576,0,0,0.6308093439423539,0,0.4163690447044182,1184.0219665926938
52750.577411564605,2884.5449728011713,770.811832707095,1,0,0.492723511915019,0,0.3583618157801112,749.7574457455015
45237.136219386004,4653.731869008677,3827.5997985333247,1,0,0.4717662787885806,0,0.6415162562307325,3768.001686723529
27793.576655035475,5980.3016327216465,2313.338519637389,0,0,0.5661061393744908,0,0.4036084078684755,2121.4764507601126
67822.2790001467,817.5120942686907,427.3429260802509,0,0,0.8797499014309633,0,0.5221911139141525,459.61391010765055
41177.30373173575,583.9947894177809,278.1241379786378,0,0,0.2841508766925035,0,0.4645093051325961,280.30489032418075
53304.68885598818,3935.502043046685,1569.1835894697142,0,0,0.6188749020161303,0,0.3624098862921915,1696.5084685510503
36179.42679707325,1488.7746335263564,168.56818979568604,1,0,0.3571480029558268,0,0.3839078840733488,178.03550798749552
44400.310936465394,5482.582185985358,727.0896467150486,0,0,0.36991295788499967,0,0.2863121938014791,784.9632668850757
48073.622054220854,2105.3934217057563,1016.1396370885344,0,0,0.40538816963114643,0,0.4545345400205253,1107.2383106166199
52618.336541051074,3746.3833009675323,1798.5474342448242,1,0,0.5675213541816492,0,0.4176378158154879,1937.360894589976
50688.4196645387,1982.5320265570172,673.1711187487847,2,1,0.5955200394459648,0,0.43091437929557064,634.1050168698488
48466.364000875736,4613.626893118434,1548.0476671473991,0,0,0.8972090093052434,0,0.4448399596034605,1414.9504091217464
34218.9592256707,1370.4009453842668,141.5241937283265,0,0,0.9136897125102132,0,0.30479320118697034,144.92794036999197
31139.047496527262,673.3013959061019,123.68323774010815,0,0,0.6693313624352655,0,0.25525672313438463,115.15048532981251
41991.29012389037,883.4872858002288,395.85870626761596,0,0,0.4251233245230929,0,0.4365467059073629,424.60648972285395
49197.53686809283,7656.938311364825,2257.8038571193056,0,0,0.8547495927276556,0,0.39781316441938364,2459.857568155499
35327.351590680715,1567.1466395820187,745.4151740451234,1,0,0.8343055948291849,0,0.4881721633352079,688.9539756850888
50782.06358857264,5813.586898526264,2297.081240723946,0,0,0.8383627461599759,0,0.3924028267881327,2175.7215362376173
55431.40094583415,1009.4465316711969,349.9473838066943,0,0,0.21309406680189558,0,0.38549058689722926,358.7118236157485
27004.148971118964,1311.2026417638663,217.14800075997442,0,0,0.8030910864054397,0,0.2974637483541731,226.93086198444513
27956.95155444464,4316.571885570011,1289.6928768699165,1,0,0.8821755657047317,0,0.36942445705134147,1292.8686517547412
36315.49929313596,3986.5319761575774,1264.6762039453522,0,0,0.6840263506479736,0,0.4017574043501056,1231.5499010688468
41691.35201827036,7636.852320799022,2820.9617564251835,0,0,0.8009953583505631,0,0.4487236553456467,2711.5225079896
31705.195834795388,7586.26589765553,1911.7606918865665,0,0,0.8209361654631355,0,0.3727774082167512,1975.2189552830353
54226.43214640573,6347.064819068488,2832.2529358763486,0,0,0.6052667245741512,0,0.461442714202126,2970.7849345577274
43088.802338221416,5015.763725955123,3217.6948129194434,0,0,0.8508965729722551,0,0.5309770353710962,3081.8026225110484
38473.364578888875,3912.2023804475825,911.6178373737496,0,0,0.8338327788008608,0,0.3079813531095132,879.8927711891329
20769.085713577668,3171.339007463158,2314.8810725363746,0,0,0.9328834855706682,0,0.5726506164099857,2296.3932087001745
22210.210202869916,7603.156602316666,3513.9631740468685,1,0,0.9370989056949615,0,0.4409742177960543,3478.9760363221158
41372.11100338167,5021.816085685142,1151.746170471128,0,0,0.6237716664095847,0,0.3257105516952905,1230.6764070017346
12408.852486141965,4843.043957644959,918.1639912618947,2,1,0.22519507206043007,1,0.4359905033362507,906.5785137239244
50151.64891572886,2239.2584132668617,1374.584358417482,0,0,0.2152855251589979,0,0.4637260510403833,1506.1071589490966
36102.15386753216,850.233634138348,107.10584885062437,1,0,0.9511413612849828,0,0.2880994086669386,103.05646313300913
76917.1156351368,7588.914348196583,2467.8924010630435,0,0,0.46988886871606345,0,0.36879087296000257,2563.0646017717404
65694.99500739333,2853.0144413349044,910.6737608400156,0,0,0.5020265624466751,0,0.36004801193954844,957.8350515434669
35822.6111690298,3819.41767493344,1278.7428505686319,0,0,0.5759264235216124,0,0.42384002237793006,1312.093478810004
36723.95596962422,1359.7995768928013,665.8812252164761,0,0,0.41263919776096325,0,0.47532180264431234,648.1751452072814
49946.97816802436,6776.93247431969,1539.310689658448,0,0,0.6723313558493712,0,0.37097344548471656,1464.6280309911886
58438.07131901645,707.2387464194796,206.13277792598868,1,0,0.8276963132770006,0,0.39827986512902297,210.43197229650315
18343.6513107678,6754.930715743224,2736.4985018827892,0,0,0.40587330963263535,0,0.39285672329646615,2823.3173027846965
16563.49441574376,1552.1375959097509,618.5658165056492,0,0,0.7944490062167182,0,0.47307922296183563,588.5804904668101
30535.582333347425,7149.230844733641,4082.7436604068143,0,0,0.7376153146068403,0,0.48792058348477063,3949.2290462208302
44992.850998086375,5973.2947800211805,1059.0794181934862,0,0,0.6204667702445303,0,0.37495934519172314,1135.770109639169
43962.48308609117,1735.0269688047883,793.7240960565928,0,0,0.46035367763682733,0,0.4405794790466644,843.0163527357705
50837.257459806206,4743.634946446011,1569.7718666407463,0,0,0.8982195677159361,0,0.3479932314234826,1470.4934653923879
23603.6296596163,2844.9223576641457,1168.2381573851799,0,0,0.522236857369621,0,0.39280467969082394,1269.4907216794268
12000.0,1836.7482418368759,511.9415473620181,1,0,0.4997304545793811,0,0.41337238128666465,525.0506140753616
48296.170343625745,6943.866495583313,3462.057079114295,0,0,0.7130966811502151,0,0.49613282713566764,3459.810052936086
28061.644724417187,3526.4207488042207,934.8318130641983,1,0,0.936265326159335,0,0.33941938982152464,878.9035454986652
13778.145627336344,3489.077857740369,1637.4344451457373,0,0,0.6064143349765634,0,0.4699213125526559,1712.820346239742
39740.76495151258,1774.15006104965,783.5893900683503,0,0,0.7781525308435444,0,0.48762307703862684,849.5355081234754
47518.108258624125,3372.99257064334,948.6758243746452,0,0,0.5655064199168067,0,0.4417375592525733,866.1312360512903
36535.31441454467,7037.1263474663765,4917.517078141024,0,0,0.37504612080547006,1,0.5705582058167222,4937.919527642282
32505.81936581013,3223.465328672269,1417.424630015442,0,0,0.29916186100670566,0,0.4607650601213426,1524.335881423791
36087.65321424912,7637.0267187484105,1664.4190277569653,0,0,0.30906114919950334,0,0.34156383739613844,1815.0565724892629
33553.00685119061,7597.316744062906,2870.601831482476,1,0,0.21706057268841264,0,0.42054399201344816,2624.958552293264
21823.434656717996,1586.739944805095,343.2689483445848,0,0,0.6423218216704882,0,0.3703504813238157,363.250965418086
29423.83187611482,1829.8344014198365,827.0711204896892,0,0,0.3048847834992036,1,0.41001221399925236,790.9126032426647
44255.358860165776,6970.0555274891685,3636.957067090438,0,0,0.8925586727528754,0,0.5108095017522712,3667.146977515393
41860.142496518005,3445.706891935394,722.503458798192,0,0,0.9863180197344097,0,0.3288563150938652,763.502999035508
40016.717671601844,532.80486712257,48.34279144744825,0,0,0.5966949814248603,0,0.26129998426380147,48.77917721081764
26058.218217759444,2554.0386477902825,241.41638337877023,0,0,0.5597391567601062,0,0.26315168549452006,222.58879824114697
35821.962054371994,4982.2174489666995,3080.9072527456406,0,0,0.47845798032573833,0,0.6043734483200076,3136.693155012838
12000.0,6494.49474469976,2425.134008200537,0,0,0.7104215564074825,0,0.46993182953832896,2239.762056129336
40141.719966624674,1500.4146281994467,595.3749523482212,0,0,0.6864216736117736,0,0.394026323813415,577.209321004983
55146.29249376281,1329.060233125515,386.67078146958846,0,0,0.4747056967418033,0,0.3917427774178537,391.1740256464856
20310.41441549473,7415.694901792487,1766.9442216690716,0,0,0.47453332138920257,0,0.36641744873803905,1940.6047924506686
30968.867920186938,6133.61275866937,687.1975896465595,3,1,0.7158430666532798,0,0.4697635864403694,718.3867828208785
41949.28134452156,4923.347005835589,3043.288853783448,0,0,0.6436369457843014,1,0.5105721731883387,2923.5675098707075
53034.111613129804,6268.90092496946,1068.7520018011787,0,0,0.7748443421906945,0,0.2378142029985194,1149.2402186830518
32621.304604398207,3716.4077097997883,1516.886244221547,0,0,0.9531138796033285,0,0.4288301464024707,1433.8054939629512
29692.996048809244,6188.418104818449,3078.9443689487985,0,0,0.8236732487997338,0,0.4630027990419911,3007.5078181283648
14372.922291007002,3288.522434559018,920.5626108614956,0,0,0.4434765664269662,0,0.39423202907583554,947.6310760953927
39241.25755169728,2330.709293694518,463.37176444076954,0,0,0.8072979470805419,0,0.37381501444195797,455.0831027299822
62504.912481724925,5967.600659697265,2647.8894489559,0,0,0.56001962184977,0,0.4954516063087158,2769.468344479775
41328.30154357611,3647.5421911795124,902.7776052001908,0,0,0.8221251125501545,0,0.40586130768847617,929.9705725566062
37732.65224979544,7860.328282446461,1437.4501104309243,0,0,0.9092570164403802,0,0.35827494469218496,1485.5427311719227
41864.98772920383,3121.1388673107576,597.9268557516422,1,0,0.39995147930392183,0,0.378253347109521,588.3915663148078
37866.895952616775,7412.955653982995,1834.0388688077276,1,0,0.39091600922396524,0,0.30666220347252443,1670.857067820833
28243.827532878444,7497.219114253096,827.6556394214307,0,0,0.5460999266193163,0,0.2893859742368333,889.350294129311
47879.358988132466,2313.897102985596,147.648575382406,0,0,0.24122709891841343,0,0.2789663621150382,135.06959010800895
40709.13827734105,6486.6588619101,594.8514860214934,0,0,0.7485487514215254,0,0.30947209248502927,590.572662691869
38211.359023203884,3748.0587885842383,1272.0847160026615,1,0,0.7997608636586888,0,0.3775805081695309,1221.6949660489606
26295.607672661,7381.4354542276105,478.79428767319513,0,0,0.4763440042415128,0,0.25236087731320367,459.2911721601498
53642.09518321711,3875.932044764291,257.1370727158838,0,0,0.5722282024773807,0,0.2656736062959703,243.07806675073599
45976.43294399732,6082.277880030246,1680.1236963705705,0,0,0.6722852697001829,0,0.3917303545565943,1603.3933686291507
31364.949951592374,4002.255568728484,2010.8142919520897,1,0,0.2588782768124004,0,0.34187158227451986,2193.935647475941
50021.89824418325,2208.5056678464216,674.6954803968638,0,0,0.7690380270923673,0,0.386722126024759,738.3938679860473
32029.149939377516,1995.125967085147,537.4980510773477,0,0,0.621361336599236,0,0.34233720496545145,545.1224134427953
28615.958089867556,3690.733956922592,787.3762859882647,0,0,0.699409825778178,0,0.3116254661089684,791.2591074560293
28883.562590236557,6166.209927606612,2231.428391071307,0,0,0.7790644646807066,0,0.4261313286890426,2029.8701977054309
16747.177362942904,5038.036138855751,2088.398476737251,0,0,0.7404469926185244,1,0.44229434338459284,2215.262593109738
43658.50856501847,5664.719674254075,2610.7684683473726,0,0,0.27625727094850555,0,0.4655759359507444,2438.745865034214
16026.261459939797,2617.4476304895684,727.7497548941611,0,0,0.8260736608926358,0,0.3818947905961549,675.7277878157847
23258.674024810847,4110.765094682041,1789.5156619429563,0,0,0.6880372654669891,1,0.5019024502984332,1762.3404085910634
13092.943891057603,832.9644872699525,33.93182928988934,0,0,0.7719046736056403,0,0.31546258710306985,32.8971854177569
36967.16368650928,6631.493119685905,507.00062192933797,0,0,0.4092013800096707,0,0.22867353980040228,466.0995227545299
36196.15447673754,7924.1912167990595,3369.7128889848304,0,0,0.37714177534740606,0,0.4218274313688006,3132.440819195715
34079.645441763634,3551.5929696850317,967.8130511717264,0,0,0.860873822288629,0,0.35785294298724485,1063.11110928235
25489.067663953087,582.2273984865751,224.09091580133875,0,0,0.5123113479222883,0,0.3624262618827423,234.61537637089467
23933.19495876032,1773.4447966321052,299.81366552577214,0,0,0.6602773779240626,0,0.4350613422291766,305.7234243466622
43572.43836255889,5393.9515831281415,2208.7944973409453,0,0,0.6412763778929734,0,0.43839352963582784,2122.0403328842744
31393.376819498146,5090.594886528944,3058.051360952308,0,0,0.6681334579624152,0,0.47292607505774026,3014.2845996824567
41796.29985843374,6408.9853968915795,2046.2837588791883,1,0,0.25560514197319534,0,0.43637109826947335,2098.661909406461
27377.01576650933,2404.130082208011,916.270949615499,0,0,0.44197891649326854,0,0.42684567466587253,968.3663737488134
40172.75291325299,6227.239366603505,2207.5995214502605,0,0,0.2531844315891341,0,0.379149555281457,2404.6980420417563
53639.33644779277,5659.8801614275235,1037.6320029588217,0,0,0.5841287802149233,0,0.3603795573598082,959.3282356432603
45033.9896047134,2921.1087328538247,835.1604786361838,0,0,0.9216789443255913,0,0.41532091433628876,783.6547453690201
33051.03418140224,4591.161110427215,510.71536388352206,2,1,0.5113409466514233,0,0.4277297640796873,517.617334124865
41086.387644271126,1604.5535637374503,1128.1770780407016,0,0,0.8259598031445126,0,0.5883073109928031,1227.1167094810653
35112.01790563745,3894.2337757668697,1758.902424059394,0,0,0.4297970871480241,0,0.42498985714264,1742.2076048324395
38094.56221633674,7108.980046667307,3006.4319854088676,0,0,0.8850126176294446,0,0.3745955906556051,3086.972174651913
34092.667374217956,3658.935348690431,1314.4217600926208,0,0,0.5356024870995714,0,0.363550847727928,1260.195414996537
36027.977529375305,6796.750298565665,4967.605397808695,1,0,0.4841739325207177,0,0.5598656602461578,5277.324436210361
40545.1202368901,4926.900239447708,262.6802212577358,0,0,0.7579836836302367,0,0.20462484700245231,268.21022366549687
26079.69560501659,1939.0753482676757,270.59919422628883,0,0,0.6102058258046261,0,0.3848914823271886,264.2026817285563
25809.45407612026,4858.296835234223,2597.7289346295256,0,0,0.46985603578814583,0,0.45080051563626017,2619.872633293171
21337.489354025467,4294.874968677976,2296.5903724071513,0,0,0.2464737835819813,0,0.48305252082812977,2386.0458711150904
18796.746745955483,3489.81001397288,1080.2638565687605,1,0,0.33331145905327986,0,0.39475135829754665,1018.3674754592263
23392.60769335425,1397.2282963705275,911.6462124329398,0,0,0.8178589737012691,0,0.5876827258156758,882.7370147739819
39913.55008164955,3625.3149788542237,1526.766188019463,0,0,0.9365853660496057,0,0.4590465464919348,1450.5837542239353
27286.54981409739,1045.7178217972032,791.3951949406405,1,0,0.3350706278202623,0,0.5984325617001014,864.2288004301604
44163.373570773154,1240.7678854906344,666.7767632461133,0,0,0.6555529772065647,0,0.5852863986789152,605.8291196928541
38416.564985030745,3619.3739969953704,1468.9042382736081,0,0,0.22733895515140282,0,0.49699012999418823,1338.595160256074
14377.949438743355,2790.361114763478,791.0106301023733,0,0,0.43267476579982295,0,0.3933703940235941,768.1877866757138
45859.70701066028,7441.582443966676,3791.4191273925508,1,0,0.5590303672163612,0,0.4908675263418744,3820.2542327631945
47729.58374710052,3317.793540352029,616.8823973371774,0,0,0.7887022938390478,0,0.3283775417308159,595.772341291081
26073.64790198176,6183.935915540751,1447.615290461428,0,0,0.2352862827758548,0,0.3844200223954462,1550.9554549415896
43042.2985147399,4476.856447746821,1402.7205628168924,0,0,0.8249845208022528,0,0.3761632556476415,1309.9680411697639
27722.02115108961,5780.642514817516,3331.9468752621005,0,0,0.36211821144425527,1,0.47976167073093307,3241.7351297921223
39172.044520980024,2450.869872615494,1070.167124294741,0,0,0.8076254168359367,0,0.50223274138055,1067.5881838962898
22826.01911654041,7564.287296287468,3708.4246113604627,0,0,0.7003766494287837,0,0.4400320254200113,3487.5246202231474
16482.72256958508,4475.66372685818,2193.9169547090723,0,0,0.47166066953944186,0,0.46915111201903165,2101.812075147711
33406.19372464438,6734.930534639372,3801.0009881522546,0,0,0.7790011846329392,0,0.4884596064301852,4141.12198574857
36515.25264470196,3237.842701070851,1124.378252381585,0,0,0.3890580670511381,0,0.40358318018044403,1128.9268236406929
33227.843676624754,1251.585117878934,567.1848130659484,1,0,0.37578236721270336,0,0.46200143134613064,609.1186613487162
23791.633301329286,5552.837357906366,2268.5050941741038,0,0,0.24939580653961269,0,0.43408493549791205,2163.8663407268414
33201.21125442636,558.1973625306837,307.43760757868284,1,0,0.5144617390592807,0,0.46279525072670835,314.34692935285267
41231.53703096881,4064.6973242413123,1281.0105638552454,0,0,0.27816530488214586,1,0.3754877240831697,1348.4544472459315
37461.28363852956,1946.0142699984444,487.2384550007586,0,0,0.5356007242877165,0,0.3888357033331731,479.59726856918604
40190.01236719056,5205.316283265216,560.2053239242697,1,0,0.2078428608616486,0,0.30737683487952033,574.1783238944945
29958.617594549207,7845.649048533891,2285.2309630818854,2,1,0.3240666777262222,0,0.496882480604081,2451.2390432038715
52060.61497659392,3983.0217974048446,938.4515473623702,0,0,0.9458975525537598,0,0.39219375242810645,871.0303833847012
23885.91996134263,6631.2369239425,2445.827369432055,0,0,0.8364494529363296,0,0.43755432014217094,2374.7720521662773
43850.72356504062,4308.381402133407,475.75396772360773,2,1,0.38893087258843595,0,0.37572259643820227,506.5736645440805
52182.693115519534,4218.800233280181,463.84538856146185,0,0,0.7746336056570791,0,0.3124800718191302,438.8808849628629
43770.89711298674,7478.176198840833,1447.6515702481067,0,0,0.7347854328603494,0,0.3491370283088715,1463.8983645345104
35569.70927522204,7174.744015600111,4858.468945826632,1,0,0.3415404912350442,1,0.49125284417175785,4798.239041754415
31660.43544004425,6393.503488909808,1743.5677313295262,0,0,0.49684682160859944,0,0.3058241819894485,1801.0695890506888
50433.05181255507,2721.9181498758808,959.1047570634014,0,0,0.9309645940493094,0,0.4263632858620148,991.3317023803223
20924.300896859924,4587.563117929554,2638.111517017305,0,0,0.7909743065645203,0,0.4862660784454594,2679.5199820650737
26358.508875444277,2179.2292497926373,778.0693213736312,1,0,0.8082793570451938,0,0.39220240970287,847.5945432224837
33229.30681409934,3829.375235349048,1419.570451768912,0,0,0.6511088269877032,0,0.4277616022938839,1327.3910068659056
52851.84509014398,4131.597993198429,852.0118016754088,0,0,0.7324318389880848,0,0.34340431545734235,909.1114124583149
42557.211632490755,6737.300301269982,4273.683117138125,0,0,0.6069907810146444,0,0.5331744484145812,4264.638280404313
26383.450897877054,7220.2127399374485,1760.157808765178,0,0,0.7927150426689868,0,0.4195522472209738,1817.120785423198
34276.30753538116,3609.650467973584,886.9029342124791,1,0,0.7861821163373566,0,0.350564896493882,846.7700229357125
30628.12227084447,632.7833380492791,265.88497990035313,0,0,0.22486655005779754,0,0.4494977568740675,244.32772251014242
29482.53209319758,6963.30379842016,3429.950112517166,0,0,0.7054195141118109,0,0.44811415839764474,3620.4536850675336
49746.674702681354,1807.0900887602052,540.4354171731554,1,0,0.7038509309793446,0,0.4259876483787423,513.6028565851706
21539.082448837933,5164.114729177952,971.0064006955029,0,0,0.2538559724797053,0,0.3480740700801526,949.7011700231549
57305.37026881248,687.281753255984,174.43362793419072,0,0,0.5283050121389143,0,0.43466440802849715,158.64824113435304
47938.75628221547,3496.298564454232,1154.1706095928125,2,1,0.9190312988898639,0,0.5042736937069675,1188.8427981227967
51090.340047244375,7894.702265865123,3356.296645553189,1,0,0.9627510597626514,0,0.4536831163594041,3482.123297047488
32444.725855696903,1255.2020082785234,272.06299590081863,0,0,0.8257687581705748,0,0.34594102071113614,293.91832958392183
36200.71137105069,3677.698639997317,3265.5872808618233,1,0,0.32117695117668,1,0.7124854639146917,3520.9696730474084
20802.178225703457,2803.624626424641,1894.236800356923,1,0,0.4997759654304438,0,0.5687790911327931,1971.9519250714095
31704.051115198363,7288.160925411982,2339.1359910681995,0,0,0.3460426793736715,0,0.3911558287968969,2255.9231263336333
43923.85817171781,7020.050809305164,1244.97624051329,0,0,0.7217089089284923,0,0.29404685463210173,1213.7587693489222
53552.756741376754,2282.7407022967163,359.59394847520514,0,0,0.81851556105014,0,0.23265136673703024,351.08608051714475
24714.11819837058,1108.9084028782338,733.2873745040228,0,0,0.9070125748996816,0,0.5512366965338091,678.9701755548098
33613.92875617681,5203.5379554583815,2531.1822094971585,0,0,0.8885187803746963,0,0.45677140205290967,2757.6151689538833
36184.40935720973,3022.765339127823,331.4307158656351,0,0,0.27936794212872873,0,0.1730070134868391,352.5206103144762
21250.52957369018,5540.632929545473,2747.4132652711196,1,0,0.3005392055832343,0,0.4567301897292222,2552.4951531873553
45096.1909011008,740.8981705086086,149.19563398999358,1,0,0.9277374503536551,0,0.29900241613506123,162.51772378882313
29312.11601908869,1500.4942638311707,305.1485133458688,0,0,0.8750275455343461,0,0.408201707243373,326.09537904825544
35655.31578587571,5647.791745794825,2668.619835415984,0,0,0.5683025320395518,0,0.4601165563424434,2892.1718793749615
32576.60753705747,2092.7799147687333,617.0372472724348,0,0,0.5440416734217226,0,0.43217695377432586,590.5841702531055
28527.937931363907,6931.907568218012,4349.603297584735,2,1,0.6422397399064961,0,0.6503885862410903,4206.562190602607
37915.46017423335,939.4316578260157,500.57391340946356,0,0,0.6773086799052984,0,0.530478510506296,497.56300482460466
35412.685057183735,2116.11487089181,811.0444005662706,0,0,0.4033732483474438,0,0.5145077478497393,766.3072995557841
33537.70541265601,7989.201863638014,922.228595132924,2,1,0.522993410781802,0,0.4346381530340053,915.8509397024542
29258.460539835887,3748.0707694009448,1143.180193564056,0,0,0.6957543713111343,0,0.515633381871446,1030.9660111472115
41834.29604939547,5772.242476584826,1179.474981624212,0,0,0.3650139088552898,0,0.366925945911434,1268.5339696538556
57843.407221907415,1869.9728664276026,525.2035862277417,1,0,0.999066590106569,0,0.42518788894619114,489.73070998721334
39678.64679406953,5074.015512391533,2565.6646797066824,1,0,0.4263515618336299,0,0.4641670500551092,2566.0997286436523
49953.418578933546,5945.795512770639,2056.5749269457233,0,0,0.6419322224175998,0,0.3485616109410147,2232.9576895367222
21317.33689815845,2858.574768998829,753.3282534718736,0,0,0.6433276749859657,0,0.2684938602063841,801.6892971159862
39893.13727152524,6716.728339819083,1744.1472771446158,0,0,0.5611881827112831,0,0.40220472687495573,1840.4676633371494
24831.580172347203,5025.631838542125,865.7578416621424,0,0,0.3932347653417154,0,0.3080800386311914,884.0159194821815
20276.900869617184,3418.422572112727,779.4765142594013,0,0,0.6522824578684157,0,0.3390151152527872,769.5418500416431
29127.543110491562,4682.31795007369,1821.0323864994655,0,0,0.2728115322800886,0,0.4108148856373518,1801.3788474996052
52302.79201296288,4825.706355769432,2393.623479156876,0,0,0.509540890668427,0,0.44653542794233625,2195.893713087345
49400.18994403575,1741.5146952039952,405.16654406527806,0,0,0.37940175601280307,0,0.42097932167713015,369.8997099805107
40916.056664652795,3520.4927740022463,1669.503101977178,1,0,0.29934221917515713,0,0.42811721239260975,1784.1774365247272
19607.59328132083,3075.7294101461985,991.7786068139965,0,0,0.9403863447049261,0,0.41466371080395525,973.6592257551789
35644.63218334476,3506.7704193434456,2032.9629409266167,1,0,0.7599543319546187,0,0.5304337195667159,1851.6291709340949
41620.40010682082,6208.329413639434,2680.481103288231,0,0,0.3350631058729066,0,0.38491776679914863,2767.8938834476685
40106.43475494318,4119.038056000045,1508.7875746100367,2,1,0.9595166884796131,0,0.5379022746378942,1564.1004514586134
15874.47699823105,7552.371149294482,3240.607390869251,0,0,0.3727936865182061,0,0.3970957727192769,3063.9556328892886
27316.185823761538,2702.5731001882714,1300.9227234103346,1,0,0.38849061103779087,0,0.4630035834906076,1277.6933405305754
37231.0668302154,3617.7768371369675,1093.8612536020432,0,0,0.3066163004360492,1,0.3707193503048657,1109.9244023330134
44435.49091420628,6402.176078592811,4472.3139314775535,0,0,0.7822825083451863,0,0.566489256454737,4558.434387682409
12000.0,4595.184449905627,852.3342139796362,1,0,0.6567003461079168,0,0.35755306089896544,854.2290369094178
36054.5122942417,4602.711098183358,1859.1846274721008,0,0,0.24660090593189654,0,0.39653897098627244,1808.6878570861377
39716.58523854743,900.0512225388763,404.09276547438935,0,0,0.22023995953197037,0,0.428696293392236,369.24542665263283
48195.34386219455,3489.4974703884186,1700.2315470533117,0,0,0.6261275902205845,0,0.40420211404255835,1537.7858534692803
46314.291010849236,2530.5029931629933,379.7870148837704,0,0,0.7212249535381496,0,0.27403268434537303,376.7133786774412
44990.855825705665,7995.013421233365,6005.6326622406505,0,0,0.8582988932126934,0,0.6184361430639558,5648.82921787019
28400.71391957679,2812.663029742327,568.8264339010827,0,0,0.5826183393244315,0,0.32617502206467264,618.7112431405291
15103.97435452031,7133.724010953976,3448.551955633346,1,0,0.7412243830072458,0,0.50394788932205,3545.3990318536016
33283.36691526319,5571.7530128035805,2250.0359834674064,0,0,0.7869245287656712,0,0.39368912162856484,2288.515251815866
50019.58190250272,3056.8730689406784,1539.9064971349421,0,0,0.6904421543824848,0,0.4458598327484899,1511.1262151962228
54721.45433029318,4576.507837805928,1462.3754019312603,0,0,0.4817730018939411,0,0.4379437620215556,1412.5157884538103
46526.58922757342,6804.019099618953,944.0575769446058,0,0,0.3055163864221145,0,0.321603248967707,883.6016337689283
43152.08987362081,7125.262235231839,3729.80528645403,0,0,0.7180308356236014,0,0.4259121188468913,3401.6891570146768
42555.67578063159,1702.954062546089,606.6006055112744,0,0,0.8149570654499199,0,0.38765229531370604,622.9178757516634
31326.575038870633,3046.798559061272,1179.6353743815694,0,0,0.35186169492316943,1,0.4586740988614026,1245.5063201195292
36439.27647735656,3014.1738516017876,235.31683226507587,1,0,0.595893375265185,0,0.278397443939218,252.15434773837552
58028.83430991597,815.3359705695852,575.0383885994662,0,0,0.5177963078295635,0,0.6160690202694373,600.8355113891479
26689.303930497485,4986.783198889224,793.9137775580241,2,1,0.3645624604202531,0,0.36991041679323744,856.9427323885818
57377.345488518215,6911.15039744141,1625.5535311672234,0,0,0.39625051988946947,0,0.40438036415809725,1782.5190970841745
34135.6621460953,3361.8079086913835,1276.893452766233,2,1,0.3901393186621409,1,0.4736325952428273,1394.7936138824605
53905.18530914094,6050.269587381327,2534.44304728301,0,0,0.535144763594692,0,0.44830649255247307,2581.193527406989
21118.21988602954,5207.753102005549,2650.3559349397383,0,0,0.5123695346654192,0,0.5169113785633387,2504.162303292093
45030.850413975786,3317.365516197506,612.5104362871067,0,0,0.6433429857814179,0,0.33827672566085754,564.288155127667
29158.758368628536,1557.948496192228,1166.6290194145852,0,0,0.27456855189010865,0,0.609845045371344,1281.8744666556336
21016.79369690975,5819.928895819755,1644.9273749255676,0,0,0.6650002687234096,0,0.4181740594748804,1581.8905442026073
40622.408508931345,6909.238767059303,3272.939140687428,0,0,0.21747687063184992,0,0.4821536814018937,2967.882268515891
50113.66146315163,5643.908693011189,1461.9153207645331,0,0,0.4059001026722568,0,0.35407152777728534,1430.05904458081
27860.702736878044,634.0886302611354,395.48075652657127,0,0,0.6017104111835656,0,0.5215515001596785,415.1044907247667
20011.808474499187,2121.746707932434,504.61583434573413,0,0,0.7495490427077258,0,0.3231999174834923,544.0566065950499
36897.86282798054,1021.0998866264894,296.67195264037775,0,0,0.8170124988916778,0,0.3320786425307727,295.34071715506565
36950.77605467383,4777.8957468217,2510.9590137317878,1,0,0.22844905301310447,0,0.5391519113144181,2407.522023303667
44579.83553065398,6173.582591303093,3614.0628196623306,0,0,0.6299895103735952,0,0.5379711939388818,3815.2968743539723
49395.13485637386,1329.3439030149457,617.9262444009457,0,0,0.48354927401809944,0,0.5170536762233577,618.3919571814165
37287.01782473007,6787.533654450389,2285.9207931043934,1,0,0.7559271362306093,0,0.4258874120553807,2096.660080062307
60266.03977753116,4666.317337966124,1625.630539448031,1,0,0.4270238096893073,0,0.3925906065373435,1751.6980923192395
40690.8169344235,5674.767591062937,3019.691479218293,0,0,0.7949789037019603,0,0.4427931079521581,3113.789321438926
33842.8819279172,7785.513864564847,4611.782741711285,0,0,0.6817895262693274,0,0.4959913655078106,4184.558366140193
18661.191690766067,1127.6074118577299,282.34674653899447,0,0,0.8317379069740805,1,0.3896573717142969,254.62350004573747
34848.08575620599,7259.180172333419,724.6100739753899,0,0,0.9875151664570632,0,0.26639488870614497,664.8618537615633
33963.35665506637,1445.7702199055698,210.34502508242497,1,0,0.9268687817313335,0,0.3681898576386348,223.88936807393216
49523.65755537764,3447.191049775117,1885.170351020586,0,0,0.6746321558769739,0,0.48163894607568314,1878.1227138428017
43549.80348880225,6885.790222483358,2423.2576674981347,1,0,0.9150097419263796,0,0.3601566365094906,2343.4361392374885
23847.570540408593,7296.906775534011,1890.1422573673651,0,0,0.32247185028384345,0,0.35398525837180933,1795.3680342736577
40067.05263693245,4297.78755158859,1011.2893311797807,0,0,0.23442812553755887,0,0.3651194433868667,1012.6764123980375
46058.37406074864,4955.784787065689,3282.0297475895572,0,0,0.6265065999228915,0,0.6160366809940221,3008.334870450618
56336.37631265399,5811.105009489179,3300.5814495712507,0,0,0.9794958209110884,0,0.5101279373326446,3377.934180097304
48650.047608968714,6745.690013395356,2606.075458150228,0,0,0.7677891579535259,0,0.39897012343564303,2543.8045298668453
47130.159851737735,1411.3337715324963,704.3312214697322,0,0,0.444113922866905,1,0.5312604466815197,754.8233226956417
38721.031935381965,6575.519811719208,2854.325887497444,2,1,0.7350170822456881,0,0.5913081362088528,2999.569318779618
42659.744065081395,4109.571128837126,1137.1062097511324,0,0,0.23192617048376132,0,0.3701891463997949,1027.5724472349393
52994.05880847391,3879.6756883112675,1674.514153353114,0,0,0.576495696528388,0,0.3794815073997344,1562.8234107447502
22006.671230244203,3679.248139977487,1211.140256905984,0,0,0.3898045467306632,0,0.3748454085993556,1204.8506878171552
33806.72807339653,4319.086889345319,2568.091463378954,1,0,0.23935852124978496,1,0.5466227650542823,2649.5925502516793
28729.17501492511,7587.8791504595265,3184.934832920098,1,0,0.3999283045649484,0,0.4888276863896665,3321.967258986796
42549.83742471349,4611.528295941137,2092.123569647107,0,0,0.7779683450622146,0,0.45985258208587365,2224.447566486818
52762.66610780945,7648.831536973544,2543.1752185882006,0,0,0.6409510258134086,0,0.39623757320297753,2313.8920089487347
30836.30855934711,1852.1759796173044,735.257464218719,1,0,0.21874791862996404,0,0.4081206063269524,664.4496999513215
12000.0,5931.019841244749,2894.3636402442417,0,0,0.5277902025231969,0,0.4994506486520611,2952.5436682674804
33053.35105970636,6591.796539565604,2708.282698051616,0,0,0.8017368836268735,0,0.39420237921997564,2829.5200277405074
48961.684784208875,5593.466235011464,3050.433988160013,1,0,0.9636837548506811,0,0.4734830509488652,3225.343507393642
44451.55883539856,5051.917101699053,2436.204257934775,0,0,0.8994860566872276,0,0.5218893229865854,2268.454826173536
43138.23497372691,4736.095858146367,1922.1981001831398,0,0,0.201215800983978,0,0.4715375030148269,2102.3987965209044
34640.080377506245,6956.97861934022,2456.2507413991198,0,0,0.3749615976214563,0,0.4682865515880661,2323.332740854527
22651.631165362563,6662.34947873375,2743.17105261656,0,0,0.36618950739350853,0,0.4092022448295108,2606.1937577292283
44183.53185949361,1417.1654088544965,659.3278313082413,0,0,0.530475704022194,0,0.4093143949159521,613.7404597347502
27988.6182795845,6864.407427731586,1404.4413563436497,0,0,0.7166036516338727,0,0.4012883156433904,1276.1449202261117
64209.16080056547,3605.5146458033187,1073.410891487961,0,0,0.3224552487050102,0,0.4134690029917502,1139.9031412721733
44846.08650025419,2402.726224968581,310.2490777068205,0,0,0.9325429552043649,0,0.34918390166635904,279.5743503609414
31032.220369352588,7023.2642601044445,3059.694254346828,0,0,0.8216935318571508,0,0.47611685174406937,3037.529744685488
30663.377031336462,3740.1859972530624,1066.1645689802656,2,1,0.5354655498621146,1,0.5525079502652421,979.1585426672716
36884.66952063694,6562.735176326125,1425.2895548230963,0,0,0.6671947810193536,0,0.37606687391732024,1295.5298674190335
35125.976935739,2475.5270896688335,802.3982561633475,0,0,0.6334416042259519,0,0.40423109247622274,872.1518484712869
51402.00530635945,529.4699106666335,78.93104452390838,0,0,0.6657840445416616,0,0.3300768537071382,84.06787419612941
40236.994036928554,4215.943946772082,656.9416578061704,1,0,0.8880922029996547,0,0.32940456584253014,643.12962491384
29220.41913309766,1251.711924821632,317.5049340935395,0,0,0.3600957115605387,0,0.42729623722708693,314.8755950330437
60685.28822186939,6157.819666436822,1374.4822276351751,0,0,0.7469711749406824,0,0.4006854752737915,1475.6750616665752
38591.69997824267,2570.5635205205776,1069.9080800035788,0,0,0.28562624010998894,0,0.5008449660371848,1133.4257238346756
47226.07611162676,3827.3423495260904,123.66184075872087,0,0,0.567331179831235,0,0.1844638521800156,128.40093358423672
30701.28191066289,1152.751738186657,681.9876743059611,1,0,0.708671095158804,0,0.5069988463461769,686.9751019940852
42357.387532934285,2649.944363354395,1852.447283014163,0,0,0.21000132891742745,0,0.5289168892951512,1892.3943592336911
41733.31989371834,6361.17682443929,1387.8756704209818,0,0,0.2864530112058745,0,0.42334803562966083,1358.2746010377596
15324.208494846163,1636.909339267396,230.23356753821759,0,0,0.27301341553981784,0,0.2844261782222933,231.5273431713046
62183.30132552768,5353.69670845218,3443.4772668576493,0,0,0.4997540860809158,0,0.5644018597153547,3470.816958215376
53487.73353107057,7380.693896033758,1205.998500685804,0,0,0.6976071655027583,0,0.40399376092443906,1293.9977062441233
33233.656206248146,5598.7756981829025,1944.963029347594,1,0,0.9967720243725089,0,0.42057764148716414,1835.521538503576
24772.763114529735,6582.662669691701,3641.656606045165,0,0,0.4032631082733734,0,0.48532670530195293,3457.113204743026
42170.73936564262,1317.2872197793686,182.2755297981913,0,0,0.3087676251932716,0,0.3215653549429511,171.7377282504718
39040.37239297276,2380.4886950154087,441.91239568789314,0,0,0.531810118710095,0,0.28036709360125445,448.9094398338467
42268.02738275875,7209.041391804433,3246.383339021397,0,0,0.31678034613476513,0,0.3937581271076636,3373.094690137741
40298.92875432908,5863.292102135669,3233.685093958925,0,0,0.219635634078743,0,0.5213529686405839,3064.565000361234
44074.89187167111,5296.653697829834,2526.380293247188,1,0,0.6511672471906529,0,0.3679914360854411,2615.794718311267
55367.66839270168,5478.25052091275,1083.1836611933334,0,0,0.9036580105807261,0,0.33719154461671597,1110.932903991865
44817.238461543755,3606.504157284826,2321.6089908081017,0,0,0.8886800840965525,1,0.5350875934375006,2238.5316852337874
25404.134013080708,834.1747371323992,452.91910736808023,0,0,0.28063085825485995,1,0.5735574335662856,428.44506569379496
54350.75423254943,6383.311565530467,1629.3199483287738,0,0,0.3179815322383096,0,0.38677577181150097,1753.7367595592934
57687.37476185945,5590.349271615154,2248.3377175012174,0,0,0.592896794526699,0,0.42038819522079135,2279.66554697113
75824.68081414502,4046.0334808454354,1239.5278591405647,0,0,0.49417321611075293,0,0.4263218851459528,1290.0756098697582
24518.071601124822,7248.197115261931,4537.3156422368775,0,0,0.7624596342145518,0,0.539775154260298,4923.294938639939
40914.5841578033,3021.1974873882414,1353.0368352293876,0,0,0.5959528001695344,0,0.40853393574960234,1273.3152419436524
13014.815561732154,2707.4130817342693,479.5120835694547,2,1,0.21609454294985372,1,0.44214883933832577,465.1798768748659
44637.78987655051,7045.972438095821,1144.613521748601,2,1,0.4276513426235462,0,0.42996453419795627,1129.6076511269478
31421.59642199873,6477.407410692391,1480.5196882505163,0,0,0.9211934965534363,0,0.3569239094218723,1401.4287011056524
61081.34953789944,4362.348579862586,675.870878401101,0,0,0.6092070614994565,0,0.3383837709842587,721.8869442466886
28704.620359777015,1480.5105459338747,428.0257245809236,0,0,0.8383590013625273,0,0.42345292717335814,392.36288736318596
17729.80354439286,2113.0360359878932,891.1270432548542,0,0,0.5218368794215418,0,0.4551082317591008,844.638626401549
32344.835111569766,5421.7099280660495,2101.2279763662855,0,0,0.7415709182769912,0,0.373919717057263,1971.3864330980532
14294.146745394351,3387.8092838030875,1551.2896165669197,0,0,0.33520257378956747,0,0.3960959960319891,1691.9579927552263
47013.19345408772,6773.548937494784,1527.2449835336536,0,0,0.7892266137773467,0,0.33684332561929,1566.1451845693193
13219.003444924154,7624.662569991531,3755.4979230693275,0,0,0.8292648371334526,0,0.4542475992171447,3917.8970775338516
38341.490974197906,6542.276939561887,3033.53146216222,0,0,0.2721122072927564,0,0.4735071509625996,2795.958079917896
13066.25816172564,3331.590672466679,2199.4558613441354,1,0,0.34664859444263485,0,0.6007346266391975,2064.8538065662515
34156.4263455603,6415.148219235681,372.618617530764,0,0,0.5703114188716023,0,0.33927838211663797,395.7126602914663
57720.53786965441,3135.8125510301256,561.9519714574069,0,0,0.7099493891261053,0,0.30529683647943995,569.5642693608602
42327.77469722954,1753.2506582422543,887.2002260642587,0,0,0.7099930676598745,0,0.40737236442133024,806.4865688358454
27638.076740420795,750.4490364939304,156.78741601466496,2,1,0.7345623844605675,0,0.4467437523770235,158.84665460266285
37625.55813273099,3392.8753457076505,613.7947949098957,0,0,0.7715321975997598,0,0.3756809593754485,610.7731367598332
38216.20246453336,7276.6947777296145,2815.035903808773,0,0,0.6046133101766991,0,0.4069504390283423,2620.0629694782638
43671.56415012087,2292.3994081675737,1098.808587635945,2,1,0.659884391401093,0,0.5681973337984294,1119.2334245681775
21597.699640630082,2048.8487369733803,434.2100028050851,0,0,0.20672490704663798,0,0.3389377116096788,405.8836733694712
45110.80728616797,7773.655889307803,1092.072847293838,0,0,0.33328056427378905,0,0.3768133868829158,1160.0980881480536
12000.0,687.5308463794408,218.43410482348804,1,0,0.5988512336759341,0,0.4853165972868714,223.61052692754524
30441.385371634275,6393.366127953157,311.00359340769927,0,0,0.796474446456285,0,0.29869336917937644,334.09944924414395
32140.713890581465,2910.274668056528,241.7480232056731,0,0,0.8471399200187191,0,0.3151028362982148,238.10566680820853
45599.921912854865,781.159676522445,270.84226797919575,1,0,0.7831549536644415,0,0.350363286758039,271.48800412247044
38271.57023212243,7383.519051571877,3850.577564718856,0,0,0.5891221786281677,0,0.46792761453445564,4051.257698537517
21133.24335372456,1547.317476571877,811.1110928548964,0,0,0.42502203827749385,0,0.5213289971533279,818.6181191776509
26180.08249019582,4638.344627942715,1973.5464596661002,0,0,0.5557729281932087,0,0.4577531017684078,2001.9592870545566
40384.160114568884,2555.406555721608,557.4037600277488,0,0,0.20743591847204376,0,0.36867031864567273,563.3500304546113
37051.19189762532,988.9460163851827,361.7367145882857,0,0,0.6783675648894603,0,0.346298613772363,361.10841399749313
31050.510684371042,874.4186424753432,362.9264974703562,0,0,0.2596535232879692,0,0.35169293664606605,385.1156051260109
32229.994525856247,1366.675241272541,241.9715097637692,2,1,0.3163120758989697,0,0.5079309898157109,241.25583748893467
46354.01596591147,1035.2526041703504,226.1245990980741,1,0,0.7007812963618103,0,0.3423486678917059,244.25050030141242
31787.689125569425,6204.185866399422,705.3447372327901,0,0,0.21067893787659947,0,0.2344557031862025,748.8809626525941
36942.90507165112,4141.746517125719,1612.18259801,0,0,0.6588442666355445,0,0.420269673971667,1674.2323000402416
64039.239056966515,3071.6906851173476,359.9167337823034,0,0,0.7107040698562239,0,0.24537197376366537,388.613507297449
20915.808357392925,3637.766825990054,588.9236471174725,2,1,0.8306200108135031,0,0.3768006997160851,593.2926727077463
15777.887221104098,7467.100516794675,3715.812182757255,0,0,0.2544244223708179,0,0.4441847969006413,3954.992275245451
47403.075977583285,7330.638595536104,3164.6569679206877,0,0,0.20234533071721483,0,0.3868638155481815,3001.2486648138474
29856.28326447076,5867.573600919327,4047.7182452343222,1,0,0.8134863151438858,0,0.42459649018544443,3702.0233857056846
34181.14966708855,7135.117830662658,3060.421277333764,0,0,0.43204310335932705,0,0.4734007607721544,3173.6572526928985
28626.12346242663,2897.360206907186,1442.4555298897756,1,0,0.9097641772188645,0,0.4506439155953726,1385.221865963439
34882.39831078985,3358.3199450621214,400.4417193355697,0,0,0.34797487529981136,0,0.34168434183112434,411.22198409520456
57182.4573451561,5102.84136390671,2442.9527474238735,1,0,0.6684046042789953,0,0.4669206109154963,2236.471618446703
47625.54150341743,5177.194604729481,1983.1403278257792,0,0,0.28752773148331845,0,0.3495277713421448,2163.863013249101
48346.68214264372,4112.748785092557,917.3130939719712,1,0,0.5221521187235265,0,0.3491943620886443,920.0860723300805
21005.275330488254,3504.9338632846493,581.779343207269,0,0,0.9056515159751444,0,0.3812721683158187,524.7098445448643
24186.15516136557,7896.352337065214,2027.6574784557715,0,0,0.6866780067283511,0,0.3615711950166126,2017.9559006978914
12000.0,6658.427195882933,1565.3823225150763,1,0,0.7516936286131897,0,0.3268443303954997,1656.087097751644
28287.43014700695,3762.351484160339,583.8469114686436,0,0,0.3807762643233198,0,0.2621511544984076,626.4933175272997
49480.4382366279,5954.693579296763,3239.757923543351,0,0,0.9382007362944249,0,0.4717153510221368,3214.657203436827
44203.35818898045,2521.712699393446,729.4786656471831,0,0,0.6987859522782582,0,0.33366590994045375,674.9043972581084
35341.840844574515,1251.2699467799741,402.4817028488989,0,0,0.2847083873758585,0,0.37565911704905725,435.17689704160796
37732.39659538336,3143.232691645555,1300.901856230281,0,0,0.2124417982692701,0,0.3488490410516435,1426.092947540406
29733.37348909513,3522.2960009254566,1074.2302957918942,0,0,0.2127380132110905,0,0.33857147887414835,980.3842286460387
40457.10658882141,624.028434205031,190.9748879736319,0,0,0.24096943377268287,0,0.4115922723808688,174.8591973015304
47190.53935376738,6610.9400122692205,3926.395216631014,0,0,0.9292926898172913,0,0.5230714131178721,3977.905182977837
18609.35855107433,3193.9505179188614,1695.1362284681604,1,0,0.4867029837358369,0,0.4755087421077082,1706.6294042651464
41595.77225404818,4853.136243351103,2028.8237652485805,0,0,0.4385860220362614,0,0.38736764699147275,2064.796700568512
49189.21845145601,1054.7239045321699,644.8295678406544,1,0,0.5332365786761342,0,0.5908417987061455,621.2433290896263
33018.79653243956,1812.4762156293798,1459.5644714196126,0,0,0.5276572641578833,0,0.6994037446187246,1328.3038164901288
46408.407345447005,7172.7029399567,4097.261557895742,0,0,0.3907946205516615,1,0.457443483288865,4163.105488054935
71775.85333367065,5065.156459121006,1856.2591298592931,0,0,0.2734624076679607,0,0.44940433828866244,1726.8576612328184
36747.886484157294,7627.130376278642,739.7875385798197,1,0,0.28690127410032107,0,0.24623569460029782,716.3006325631111
42719.68460006388,7990.625257934877,4972.4815114918065,0,0,0.6793509585817301,0,0.5513777761400287,5054.476913451017
29143.3149960633,3288.9508649982076,519.9159381100372,0,0,0.5174680413118123,0,0.22461110964815165,489.6034416787783
40175.0139512246,2741.0229806245598,1294.2216647076914,1,0,0.9219643103329747,0,0.4377996877410488,1305.2129056305255
43523.259499787644,6937.670413693226,1751.5003014593162,0,0,0.5709893683901395,0,0.37122386524356243,1826.7160904261134
40338.108083241656,7989.585702780906,1693.3544309673734,1,0,0.6027932605674788,0,0.36093376132680915,1546.296892342881
25763.656163493717,5222.30925674343,2887.2347894812146,0,0,0.9425959850370045,0,0.458003158389642,2956.223725592415
40476.341255905405,6463.555418836418,1919.6102381516853,0,0,0.6013125915921563,0,0.4072747380649246,1923.2322768057795
55546.35126461164,6363.093941114558,1858.4696506240164,0,0,0.6015855820434486,1,0.3780188861066998,1708.8418000901922
43383.629174174326,3165.0478116466024,1818.3167248812142,0,0,0.4905303842346408,0,0.4498094145427301,1893.3569505999167
49543.84626886209,4807.027851928154,2189.8288574254093,0,0,0.7683294883067306,0,0.40977880806610956,2107.0050300697776
35155.85635984847,6747.927059481602,2204.289759598268,2,1,0.5137821345213275,0,0.5627570050050368,2064.2278184297347
46998.802873084525,5660.854071957916,919.8590105410109,0,0,0.6706577363199125,0,0.33046432239768136,879.8369348793639
41351.214058598314,658.7286048652869,79.62432257415969,1,0,0.5579162749824628,0,0.28691261438093085,80.3600556566415
26589.071243753217,3025.292516731501,675.9758675887205,0,0,0.622995888772709,0,0.2897635859945826,686.7990885879834
41822.25205758649,1583.5677244595402,540.1815635373961,0,0,0.8616218393293649,0,0.3805824674382171,504.49193020373303
26099.640038716272,2247.2915905852933,328.0764106725074,1,0,0.5309864170741592,0,0.3235107338335341,356.7264515715791
30405.436701382496,7291.1710811849425,3971.936574813798,0,0,0.38406224481572676,1,0.5106122445364609,3836.0515463040615
40271.93968750849,776.6996668307611,275.9375019175992,1,0,0.6562563403584019,0,0.41488174833145386,263.15004195978037
41566.93128056149,2148.5053397144284,1004.5379589274047,0,0,0.9500070548333046,0,0.43309915745827976,941.5981933280897
23729.21041907445,2821.770141786736,592.0723014856694,0,0,0.7545696166632145,0,0.26822655826775404,547.1372326640205
50647.82925419451,5126.630539747961,982.9051609648211,1,0,0.44669059510675596,0,0.3324589170522209,1077.673321543992
44864.075339605675,4505.762675643991,1486.379437191357,0,0,0.9703950654613571,0,0.39692022397317883,1538.3206558729894
29543.258772669396,2137.0211214003957,253.52913937127647,0,0,0.4741735209331321,0,0.26830456650533224,268.08327024417014
19548.982442609897,1731.8080041736584,429.55309392992075,0,0,0.9866032190551577,0,0.3530812484681393,421.08978043160226
36261.145051022824,2275.985259470891,860.4533845744016,1,0,0.3535917829251708,1,0.42410814012417153,845.7587133467134
32648.675433666078,4268.972200262417,1597.2916512287388,0,0,0.999719627472426,0,0.4314619854300491,1752.83326738946
39357.68548463628,2533.8333928340257,851.6228423120298,0,0,0.26072451992688006,0,0.4339435209013925,800.6430383119099
33642.6000661332,7607.018762057916,322.0103761719334,0,0,0.7705919053805215,0,0.17096668507183266,310.86446772454633
13910.517671059883,3978.9891607163568,1276.7940293127583,1,0,0.7923532688366497,0,0.41278904524166227,1198.9508441928833
33339.8367403861,940.970124084778,618.2072069363039,1,0,0.7436597495718347,0,0.4807085817529867,591.3305273576552
34332.57066718025,5969.49804377475,2748.81836924336,0,0,0.8220854141170164,0,0.4150749395851239,2838.745517290179
45603.9322972887,2966.339661567422,417.5189065834126,1,0,0.5774663533180604,0,0.3566767206456451,401.5627420939977
29621.603904667405,5401.166990436856,3936.660409264233,0,0,0.24329115726072603,0,0.528392662563325,4232.321752441725
58144.096080470794,2596.95777892424,726.4283509726293,1,0,0.48620263418759047,0,0.4110320868169557,660.8537434290454
15060.313392178916,4780.578062999899,2195.7178343701253,0,0,0.713851597760119,0,0.43286090405270483,2131.9195834531183
53734.009973631495,6291.143786055985,2211.2155378065236,0,0,0.7169976378407064,0,0.46828950366808797,2370.7357255011457
35308.172349462744,7460.065563309155,2464.8818100990657,1,0,0.3561550658506561,0,0.34382437395484267,2524.718478878212
48315.018468122675,2458.453583248078,394.94172445565545,0,0,0.402404165047904,0,0.3186871106406423,416.3444475634162
38957.617808704796,3011.427132492359,428.7526257986241,1,0,0.5893585103059582,0,0.201178398922783,413.6301770111823
51674.66643230563,3981.9981521445475,789.7665538995387,0,0,0.7828884181697757,0,0.3429396746320298,769.1228199927587
33351.656425366265,7453.811283019916,1530.8816355026768,0,0,0.8822384824019649,0,0.27596308972284406,1649.7481170924598
24816.554897866255,7260.401426079929,1935.3271815937023,2,1,0.26918787843273817,0,0.4597251510574261,2031.9302723061646
55046.05144725276,1174.0871007547853,360.9706443110891,0,0,0.94049593253777,0,0.35318795006099096,352.61493983971906
36638.23224941431,1489.4736931535813,536.4465028674359,0,0,0.94218533003678,0,0.484211433357591,505.90748812247944
40658.70168349053,4216.318829979788,1170.2922052268004,0,0,0.20634699367837808,0,0.35662054990137493,1078.1410520103886
52817.02296853754,1299.6445460406762,158.11201636382327,0,0,0.6051276605402417,0,0.3715478692010914,169.55388643690299
25616.53709486678,3091.856550115231,451.9240178666918,0,0,0.669715411233063,0,0.27548471868792795,469.78840747922595
45145.89077167109,1612.8903366310824,226.512438198233,1,0,0.6429707432987526,0,0.17975913116136177,231.3753034217992
30921.26292244531,5270.302663489144,1134.4441992246564,1,0,0.692617326022555,0,0.37723640817069315,1197.1988920639817
36413.967732267534,7621.215738043713,4546.86605872127,0,0,0.6026810254903517,0,0.4695279153135425,4924.246325623929
38867.34758461147,7975.503277207861,3771.497871961526,0,0,0.43504553101334076,0,0.5073589343393043,3968.814539274756
19997.337662636768,3314.3084937268613,1007.6717081030283,1,0,0.276563508928572,0,0.3810817270459588,991.6818401681054
28653.95548615478,4992.594778359592,2473.777592952373,0,0,0.366703528470923,0,0.4969544401300897,2313.7094475874765
54212.87470895767,6922.00740143061,777.4201076393961,0,0,0.792204091030382,0,0.3362194225904873,810.6663508753004
48634.294263017546,1380.96554597288,603.257691659146,1,0,0.39285081490558077,0,0.5353039252732226,572.6992320974127
37248.32507207318,5671.7330828897375,1143.1863965229568,0,0,0.8637682685021839,0,0.3832744240390927,1207.8023485194533
40917.48150215472,3566.327462938012,545.1451792015721,0,0,0.5227906936036204,0,0.32643506193902544,527.5621312629908
34469.089932362505,2046.0962021012306,793.2030724251808,1,0,0.5315806839184998,0,0.4591345668332967,738.7531609867534
54279.000629935785,3520.652140605815,1946.4819170786354,0,0,0.8947989929455453,0,0.5291781459724288,1850.966902793386
35595.769066470035,1069.7021522368764,303.00718837717426,0,0,0.3714310626211159,0,0.39754611326607775,288.865129172075
40782.105105618175,5715.553614419793,2536.490775785088,0,0,0.35169538935986533,0,0.5307463742781938,2475.006867028027
51752.36172970478,2395.570015613398,893.8667726573851,0,0,0.9883251244222653,0,0.40883598095293017,850.4767657685559
28671.542181849123,2835.542337836585,1240.129997921846,0,0,0.6324835522064551,0,0.4529244558235418,1172.0611222682262
56705.470213962726,1408.1097368109706,248.64465839762886,0,0,0.3524165632461249,0,0.30628266809333154,243.2614462786879
19634.463083079478,6984.943354174187,2514.4790297704835,0,0,0.33264386403587,0,0.5226186100537388,2699.5950812543065
57555.70557335358,4200.8320946205395,906.437091375134,1,0,0.8893319754608047,0,0.3346179390720864,828.566140827014
33527.89299257631,4791.101583398002,987.3532282448601,0,0,0.6798767737099771,0,0.3568863935205785,947.116665626761
35087.61502609662,4770.74512321141,815.2255190460365,0,0,0.29203060342541276,0,0.28859443136374124,825.3846005138273
15319.877945804685,3578.698359060063,1309.6103022056209,0,0,0.9095264708450082,0,0.39809755552606224,1407.69495212103
32542.463391467685,1943.974365786046,810.7185961438882,0,0,0.5551240045444967,0,0.47835552069832127,775.716926573844
25522.32162767739,6088.4956137379995,973.0958447797113,0,0,0.9914858177043133,0,0.31677243438407243,943.6582207571932
30708.24385551833,1452.9219901825575,391.0622601172368,0,0,0.42540826214871014,0,0.41835667751617117,414.3657151286669
36352.26841053345,1279.0534270910787,514.585027220037,2,1,0.6230537851585649,1,0.563977660120838,501.4649278191515
49493.499373674866,5826.087781973775,1754.225873736574,0,0,0.3384802245861046,0,0.38130574822708774,1877.566827445414
40491.240216807506,2066.2776533898787,662.0709315394423,1,0,0.5517647829519909,0,0.3586825930665464,656.1481653897174
41692.119840813364,2800.7956351462426,245.78963962824957,0,0,0.3412300392074684,0,0.3014382470885439,249.18628470516785
24853.76733385325,4064.2060025130518,1479.4930485613675,1,0,0.4457848692151453,0,0.42580323266883846,1497.507641849083
27430.95092476724,3870.1348754715964,408.67799496107807,0,0,0.41589259025597497,0,0.29816312055543187,377.5617568477903
59584.700220215746,5814.343437987494,1245.0362872076114,0,0,0.42647514580575363,0,0.358429769396321,1208.9159260054641
29177.587582841043,5175.738450825207,1231.1160986437962,1,0,0.975861049113065,0,0.32896566146129946,1167.4884281746029
57874.499024687546,5332.971217113993,1168.4753498672505,0,0,0.2307571886305465,0,0.37509337458671105,1211.2465116152275
35083.265613429605,5855.40747991593,758.394842131464,0,0,0.5974892202987278,0,0.3252855993650603,824.1699470092799
38027.45523372205,2694.59545567599,1265.215665023084,0,0,0.7033966434114627,0,0.4307448498425618,1192.4454333559795
50844.38192275916,2917.4998385035524,221.66779655028088,0,0,0.7286090995552041,0,0.2652184550507047,203.5469254776316
53262.70906326388,3784.983109216656,1065.1789281916147,0,0,0.803636550506388,0,0.3744495606956006,1066.5829891038113
36670.24927665095,2805.9662977514454,439.5254196945515,0,0,0.8087723265811035,0,0.30186980194354135,429.9294214467744
33341.08335774153,7887.034017281476,4208.669760696177,2,1,0.9644023859487683,0,0.5590799269990482,3817.8675982203786
37328.95461773344,6605.389448160722,1049.570132758451,0,0,0.8045343636829678,0,0.3630757416957789,1138.0744291105902
42055.49033878542,1734.9101619202218,427.0575256267791,0,0,0.8589513993385294,0,0.3964668272887474,464.6514567029866
48695.64424243706,541.9561691140213,111.86812549013568,0,0,0.6258523322020964,0,0.3671851645186125,119.70813163250692
38050.75830792982,820.8745118545089,319.00545935115235,0,0,0.7261386750586591,0,0.37793896266356075,305.0023707678395
45426.63557627784,2330.475882821939,1097.7458709542236,0,0,0.5824994534617554,0,0.5360493258075663,1014.8502382303149
57660.316787251286,1357.184643776424,457.5951461618588,2,1,0.42113363744354687,0,0.5144492033979552,466.0601458912274
42575.715347177415,4500.03586169429,550.2432339759454,0,0,0.45070646423685334,0,0.3000281912531866,526.1991003375063
41739.83427205734,6934.96417045519,4661.017624780671,1,0,0.48842619467614967,0,0.5857019984757427,4382.957943303725
19773.070098919186,6025.626656849206,2243.227614115023,0,0,0.47251467830843463,0,0.4128728802140802,2306.6233681334925
12000.0,2117.067973116428,860.5572470257199,0,0,0.6265288500695272,0,0.317700488380259,903.6502333130728
42660.50875076202,3494.744420193394,1393.7015001777033,1,0,0.39810538024528175,0,0.44003217172955605,1401.3062637245728
36862.10922462953,4309.206571484582,893.9352082077346,0,0,0.6133136908254033,0,0.38703556859794647,861.7524869342595
31822.607901023097,6576.5438712750165,459.12462905193075,0,0,0.932993048928658,0,0.2967096276463628,460.2743659612085
40922.362450236134,6793.412023296236,2676.456051516822,0,0,0.5247710630896312,0,0.35282739294595966,2729.843841386578
37275.1552496371,7322.8873393083195,3086.925077774165,0,0,0.3781168515692235,0,0.47377857601227613,2810.2676506281446
51533.36300760678,4319.339378771563,1850.4059588257428,0,0,0.47748471650925595,0,0.4536977355114546,1829.612476321825
39033.33041910773,5707.060598268972,1431.5996708625794,3,1,0.9015098356035118,0,0.4765324135155908,1459.753701103213
29036.920579157988,1338.5027842545287,976.4291281920571,0,0,0.953358338736404,0,0.5173106527446242,904.0727971656598
49881.99486751147,4739.667199654866,673.6250977002035,0,0,0.9093495145347157,0,0.2917889431018237,666.7320622562892
35394.42710064557,2365.1885710335137,252.63281865780957,1,0,0.42987808908369873,0,0.25401077460053384,244.88853903325582
44318.44020406769,3737.876637699583,1779.953489087597,0,0,0.5102764109369924,0,0.500429172137208,1910.917080105216
32271.071525686395,5255.378812300395,3148.4956336496975,0,0,0.9799470596270201,0,0.5384635114820562,3141.81201452959
30202.077374030763,2427.394533903358,294.0363315702152,0,0,0.4590818485341414,0,0.2792601179152133,289.70080309455795
39010.018762228356,891.3879334757081,404.6579483529045,0,0,0.3102879076757922,1,0.42429591728318333,383.92987681969873
38153.94372252422,576.7539230656813,229.36159239748815,0,0,0.4256753634488547,0,0.4163681400738064,250.34684447355764
43757.924424401994,666.1965165839116,246.7417496412309,0,0,0.9711820203519492,0,0.4282391437067819,269.49928173001666
34776.25096028309,562.6230313532725,313.7192771184769,0,0,0.5327003603871845,0,0.5364558197992292,305.35896527532816
15963.682594755232,1327.662924184066,136.3680976045107,0,0,0.9471055519440039,0,0.25974947251308955,148.0695772698119
32806.71339693933,2296.165359275974,582.4913178037573,0,0,0.2832657715452392,0,0.37856796311692814,596.3081258581952
47525.82160572579,2159.1613563672436,328.87931162238647,0,0,0.8128444577710141,0,0.3038760335270987,347.3654297843862
34431.48704908272,7900.974456349226,3381.835859821718,1,0,0.27467471782492103,0,0.32481585067466656,3104.4214905428053
35043.399169825425,2795.045789067074,847.7359231187381,0,0,0.35799657975702837,0,0.3651771753717318,766.5753639327145
49836.51807087124,1455.6558751954933,670.7000272205579,0,0,0.6928817930760929,0,0.4734147492598969,672.5883996794968
29456.32127289293,4591.719081258185,44.73579908360574,0,0,0.5475825295194707,0,0.22174809275861884,40.94138173264342
19486.361381085204,6934.680915481313,1220.913560588998,1,0,0.7333394022750666,0,0.34319411353260626,1316.5599666163391
36072.42656569407,5585.452825907564,3372.810211868358,1,0,0.9787250336373357,0,0.5496547217186926,3588.77290405941
32189.912585015154,2720.615668515877,1059.2804442598422,0,0,0.24217098137879411,0,0.471359314698112,1104.7941822387536
26405.044162960952,4712.121198435912,991.7641133392302,1,0,0.353301337563585,0,0.30220232102785227,898.8152884569613
35895.45852921571,5861.419806503069,1418.6451058870703,2,1,0.7121791380311779,0,0.505930882771735,1406.8233961378667
43898.0677669614,5960.783692758067,4148.57111495114,0,0,0.9172211601523184,1,0.5645113848870135,3798.5071674757382
37888.53726118621,5499.038414732667,1882.031752971033,0,0,0.838118328035079,0,0.3411526730297847,2043.375491911826
41683.772872234855,7031.078185817135,2126.037795518727,0,0,0.5724659884400536,0,0.37641403297425297,2173.924063946017
59760.89238218508,7025.790937580783,4104.472827691749,0,0,0.7963797400675501,0,0.5010515344530544,3822.5220371964124
33885.453661309235,4842.024195552524,976.1644884673918,0,0,0.3664780488265145,0,0.31915904761121955,987.9973950747324
41340.18361573604,3723.922768334092,1275.7200892537353,0,0,0.21098447325943345,0,0.3546341531342807,1178.3910406143773
31889.439648810385,5311.777216738248,1789.7635047751803,0,0,0.6560133202603319,0,0.41116100978415426,1662.9325409576784
27843.683361356325,6636.5900102784735,2802.7372309600905,0,0,0.8505957367941783,0,0.4375941617266088,2567.8431376179246
30981.10815898676,542.3907863088855,391.12822005401813,1,0,0.5467548315042607,0,0.5524800071415272,420.20698958344406
32254.897141739737,7939.977567611383,649.8044526445454,0,0,0.6553990163590031,0,0.2486068807211553,655.7411341709065
42313.70957056551,1871.7032924689943,718.366805416022,1,0,0.5377449557123677,0,0.3494629607245935,693.6411978845413
66188.90944040909,4026.8673924498216,916.0056552678979,0,0,0.6112303198976274,0,0.41424927075265267,824.5292689480405
29407.478764689917,7040.2230113215,2576.484365077361,1,0,0.9074770110279335,0,0.40401657645198225,2562.068922734433
33000.49633261445,2187.8029928314954,1268.429692298347,0,0,0.5825120874421787,0,0.5426489277374682,1271.6701049072158
37242.52384266502,4075.964179252874,1817.289591985459,0,0,0.2059804691748558,0,0.49527185576734556,1757.8882832747977
42749.586184516964,1494.366351358844,281.63873368918354,1,0,0.8398789138697207,0,0.376343672847365,280.7557838130626
41162.60974345742,3463.0724404114444,1180.7453869115027,1,0,0.6941738731220048,0,0.4302679038536917,1086.4564476022867
53409.149527377405,1828.515910947519,253.6859996016632,0,0,0.7843146695484766,0,0.3214082929237268,275.1002234831219
12000.0,3227.2081157836774,332.87859714305444,0,0,0.9208697650725151,0,0.22838641409671856,316.7899466957959
12000.0,3300.981625945415,423.0591306284088,0,0,0.4289713889843766,0,0.3707273647413505,461.0073752523746
32049.461935878207,7948.780921987495,4131.420117255495,0,0,0.6024559370135725,0,0.4382424938347121,4125.535992861892
51167.602250524506,7961.097719778292,2593.644908721767,0,0,0.681986839476703,0,0.45630652110456077,2778.6884833918134
19212.223620732846,1360.8970899545932,770.482739884151,0,0,0.47631293159654575,0,0.49298135724101166,782.379794561914
12000.0,5944.765844962604,1835.4723425325894,0,0,0.8768537218830568,0,0.4284270366665974,1961.9054506818104
44854.152874630505,888.0910975182586,531.077262893866,0,0,0.7580529439198866,0,0.5532065841704222,479.0463833506915
40923.886684432575,726.4401150289148,128.3865679088247,1,0,0.786726067050441,0,0.34398657561684043,120.33608088870493
24917.499118406842,1290.0042068372322,646.7618332499485,1,0,0.8464058147012743,0,0.48983776615636365,627.8640809085612
26173.524791348842,7741.1424275595045,4213.571309082739,0,0,0.4064673450492666,0,0.4877906830098963,4041.7703909452116
26363.075364383905,7556.476609210231,2772.7109877671155,0,0,0.796513431731982,0,0.4169532360085142,3020.441867739186
39326.42380968728,1954.4586521051033,279.3751300407766,1,0,0.8190454876402404,0,0.3158650680973737,273.48984908001563
30484.216685803916,1712.5425166528364,329.43218641624463,0,0,0.873914037320827,0,0.3430912075509348,360.5380156938036
43928.767027706235,2304.0131488696024,578.8674259683964,0,0,0.5908302644013529,0,0.3577469416985167,596.3509494195539
12000.0,4366.602455563567,2070.187340861221,0,0,0.6033516923949989,0,0.4100850027151528,2209.118057469328
27717.77761846641,4772.784740265574,3486.819533163776,0,0,0.2785425760809364,0,0.5620262776280034,3412.798073345898
24487.352469067395,2161.950728295855,213.36161813897442,0,0,0.8816967670545839,0,0.31148617382065047,200.1364557325485
34923.9118595301,6174.670910674589,2225.789576438877,1,0,0.6267905509701321,0,0.40688939082006126,2025.6722405455969
31543.426898118338,2821.6487705198806,565.0198896918206,0,0,0.6755477773153747,0,0.34050436552378666,582.6942888075475
47574.125358749196,7415.984941470578,2982.495449875195,0,0,0.29715252518889806,0,0.4067022182031342,3263.9234519450015
15687.95874007931,5425.42029842548,1755.0872447514791,1,0,0.681458025525068,0,0.41849821726216596,1621.0888210686153
38545.897715969026,3772.6339572770876,1784.708503368428,0,0,0.23359068007608474,0,0.48785828273219645,1881.7089160193807
44700.03707854047,6424.34001277134,2642.9019766195925,0,0,0.9385670133125206,0,0.34194592496404336,2571.3388000836544
60279.76923874346,6634.3596953499855,2667.2919738187356,0,0,0.8908299776020778,0,0.3685459232298151,2930.533930744745
32218.808346878297,2678.6120420670773,1396.369638998604,0,0,0.3554539389049797,1,0.4773324921477361,1499.7111180469608
41893.503252230206,3047.8590787706326,1223.0157480530816,1,0,0.6750405328453055,0,0.4506640342114869,1157.1605154802035
16353.64648925162,7519.663652964526,2557.9578704714067,0,0,0.6821592964022907,0,0.4150609308500919,2693.916667541418
12000.0,1735.5577877245394,970.4450411846888,0,0,0.8427459317615782,1,0.49606038461569113,1015.906483001645
48137.2925093804,816.1281272220065,401.16150571561275,0,0,0.8055362902018437,0,0.5045066124061955,422.29578924766383
37933.27647622315,3905.4149195716186,1380.9818231303125,0,0,0.9945945724614553,0,0.43336173888951657,1265.7590387335474
52142.15227758107,6509.074251827217,2807.981407299311,0,0,0.4806725417076537,0,0.43619198892919564,2981.7485219923888
21519.16533236301,6287.510797330593,1637.7293268720819,0,0,0.2997059614541815,0,0.36161456187107893,1559.587550949168
44238.82567434503,7396.479716846244,4723.167497459037,1,0,0.6587773759613842,0,0.48502230327318846,4808.583779175282
60425.81408652624,4499.004982767801,1215.5118138970886,1,0,0.8111933392533721,0,0.3755978048642475,1122.0153652268664
43036.46730028719,1250.4850367489998,280.36819268489864,1,0,0.42863468184451237,0,0.37336742747680934,283.62745615745376
41318.97806709258,4915.167307520121,1131.2940536566093,0,0,0.38896509348639113,0,0.3247145588332428,1223.2496756598503
38102.6729698922,6337.967107649087,3403.387219110318,1,0,0.8419636762237472,0,0.4931865959294507,3183.6476603031033
19149.422514489055,1199.960902023698,554.9156640857615,0,0,0.8029778333801783,0,0.47156321704112125,594.3193467491827
54266.87522852418,1794.930508231923,259.5663847910137,0,0,0.3627135741897493,0,0.34992860150136573,256.2151449574365
30669.70832233921,592.1799586675318,255.55006710186896,0,0,0.8954164831962657,0,0.43187967200579475,246.46939480467253
44053.7990765962,4952.394345851078,1325.7032649858365,0,0,0.3077835338073273,0,0.3360087755727582,1208.271932981649
19243.588321144958,7150.507939594283,5165.434387426382,0,0,0.28739186021743424,0,0.5615954938725344,5194.888045084946
23846.484025906633,5529.974870015746,579.0316721345777,0,0,0.4808857891667989,0,0.30878798618376935,544.2826161647017
55221.04879066683,7865.300656932365,1643.5981955091079,0,0,0.909226074366907,0,0.3534813219510404,1788.2678235268697
33832.372532505884,972.7523937482117,610.6181378894537,2,1,0.7563521349273683,1,0.5709433828363274,578.6391236013175
55439.30571251053,7272.508138636222,3435.2050322216237,0,0,0.5157748660409879,0,0.44903309568905203,3494.8303010827753
37061.23209129779,6605.512155400105,2524.476473364755,0,0,0.32580073876149773,0,0.3810340554778149,2554.0315541996238
15897.226724505712,2856.811403746287,963.9696095469019,0,0,0.7707812101781155,0,0.4031447558359505,932.509918886572
48704.81119678065,7801.449138779389,3078.51407702063,0,0,0.6793177755906501,0,0.44188775682521864,3295.2810983456425
30921.292186932707,2659.533111285613,357.8788183632252,0,0,0.9901463288553047,0,0.3513546717320521,335.2067740121781
46384.26576220452,7169.785428711639,4499.846539067323,1,0,0.812447569451636,0,0.5827833183931299,4785.1898379628055
38302.530410480984,7105.61432805642,2212.478465663017,0,0,0.2816991651267771,0,0.4099753738400541,2083.039194361825
19482.581264685556,6182.432124522294,175.58516029793003,0,0,0.782572047528505,0,0.24623966529274607,159.39967184791863
39971.53718444683,4726.028553596389,1754.7257631415605,0,0,0.40595763641316024,0,0.3966212633090199,1910.4932866527702
64354.67770583359,1400.0206221266603,305.90338280658233,0,0,0.9695165591803343,0,0.3668527709512962,314.30339230229515
43915.83750217351,4489.788008723737,2153.1711130567505,0,0,0.21541889397936861,0,0.4964186874795411,2209.3597980808886
37309.78696393444,3175.971917412009,1628.0478197014943,0,0,0.3906804722543716,0,0.43206797617388215,1551.544314425706
50904.12082348277,6441.627748665138,2765.7123075992195,0,0,0.59919870120946,0,0.5386287424626379,2566.1220696957603
40528.02158243733,6185.969048726337,2039.102508938981,0,0,0.26325472036308756,0,0.4154261399708943,2123.138288718012
40514.41076315353,7329.593805294539,2547.38527963792,1,0,0.4752502674753588,0,0.4399715875779198,2556.932437754394
24900.497934090767,611.226218237809,412.5236320368523,0,0,0.5977879785695388,0,0.5722367155334226,397.5002791407692
40806.17630947518,6568.274126172846,2457.3266553312355,1,0,0.5575466021653608,0,0.37644801107594034,2367.2841123497283
50425.320997003335,7538.465398435016,2258.2895390375247,1,0,0.5684681800539206,0,0.3671424319849916,2434.1004950899924
27967.254174799702,6419.753368311126,962.0094251836192,0,0,0.9032184415514832,0,0.2864228469720857,1036.9822690692909
55093.94985496337,1476.4584490277502,393.34502521114604,1,0,0.6042326988522544,0,0.3023284440444762,375.61514852615545
36899.52771025849,1109.593286306658,438.7379041374792,1,0,0.9528374806607176,0,0.3789689392432577,464.54907215496087
27346.76586153751,656.3392985577561,319.7124781108411,0,0,0.318185344611263,1,0.5395880120830839,302.23581435986824
49971.58492304293,5215.5891937105325,1263.7436372297193,0,0,0.42420487000482754,0,0.3503856824674101,1341.5797155782905
34558.469171140765,5222.5448889491545,3415.268725111425,0,0,0.725212620155147,0,0.5790412711208527,3160.0002948525644
47114.178649833295,7901.852856636592,5617.783161908317,0,0,0.4264980655218252,0,0.5473001738199156,5907.834941408527
34498.89641289756,3485.323805780718,495.65073733565237,0,0,0.47782085553124126,0,0.2853487276402117,501.1706758198724
37282.08627764115,2989.2971367312257,1148.533453207844,0,0,0.920822558406073,0,0.48249943372286463,1060.6981181028325
43922.7224520115,5183.186953882943,1674.1867430084994,0,0,0.6308473398440265,0,0.3880012230552656,1712.9453008728328
41490.76469108007,6692.065043806954,1683.0101878642067,1,0,0.4677286047674537,0,0.35420594114995385,1579.4742793196585
14053.61863457914,7525.804621422514,3602.2305078862328,0,0,0.8213694223127301,0,0.47591717326214583,3381.8602650138982
24545.0751188673,6523.43124634279,3481.100044865116,0,0,0.2565318032401626,0,0.5154526843701835,3444.4425662775366
49152.91981748979,3700.0548546185355,1013.6507740665766,0,0,0.65093008816497,0,0.3518855123687659,1107.7748385528082
36414.36093318143,5261.856764840481,1036.3960640692326,1,0,0.2797357777172579,0,0.2512310181968038,1117.6973776821224
31715.22436674294,6922.244950370878,2195.2122441157785,3,1,0.34148064163949277,0,0.5389648212059928,2338.5517358066795
21697.111816910307,4179.572662338046,1532.8905480003634,0,0,0.24995636343160266,0,0.43223812294885716,1640.5418250146242
25043.16414468982,2125.149827790445,963.2195776384095,1,0,0.9213464230262405,0,0.41865071011813054,962.6972648132829
13738.416320456632,1772.9257981090473,728.4185694340908,0,0,0.23856356701426923,0,0.42841047357737183,710.1676531090178
36784.63137558161,501.18308433542546,231.60311824591548,0,0,0.6131331583521497,0,0.5109014224306865,249.38963834814712
30818.749033027438,5886.784962359632,2756.3530884471024,0,0,0.3799819215872791,0,0.5238530099972124,2525.3000639608836
26400.94530817622,1333.229066344929,389.44858476420626,1,0,0.5068709069577821,0,0.36817860313460454,428.0892747341561
37182.51889798456,2328.793247719553,1174.7614343411778,1,0,0.5949249477438645,0,0.5368678260280916,1187.2081468190688
42367.64757023286,2734.07248642095,1590.7401964507173,0,0,0.5600481130270203,0,0.5118442141556803,1603.6128442499637
63118.37518651933,4702.848951025762,834.4352112440276,3,1,0.7984697518974175,0,0.4004668583038162,799.7138535832631
19857.39896524144,3484.6795797182695,1678.0413104336185,0,0,0.9295066610049008,0,0.4455671712929878,1567.4116001985865
51912.57251960626,5560.0549401737135,1347.0867619700057,0,0,0.4402177712677591,0,0.4300559244378467,1395.6609936772718
49677.21873218086,917.2899449652703,189.84710255714177,0,0,0.2196323977248471,0,0.3663156758002435,184.5963820530897
28650.887127479593,1429.5439569832959,677.4741198790223,0,0,0.9151563485918661,0,0.4253238653288693,650.7064067880874
40438.83145503237,4244.0862764995,690.1473475446443,0,0,0.9830272525595154,0,0.3644043195768969,643.5406400487813
32508.401007948618,3027.2359088512235,1922.9956742596182,0,0,0.5466809394982917,0,0.5786507842414754,1936.5064037922762
40228.26296502487,2718.6002206351977,950.7841233003431,0,0,0.5646311018793824,0,0.3907705018712831,967.5757878289136
56109.57216085461,1002.7105927814205,546.093654595574,0,0,0.31532488838902,0,0.5137578442969908,539.8754727264567
45267.27479157576,7217.89381061001,3756.2982522812363,0,0,0.580418760076788,0,0.5409047028461984,3389.7091487211756
44103.300478801306,5688.639395937881,1500.9981026060016,0,0,0.4426793887847791,0,0.3223169299580424,1498.4984157462463
32836.28816054429,1412.1361761473704,478.8983251173525,1,0,0.9955040540289091,0,0.33015415541039783,457.05709171699374
20191.320020907977,987.8446830285545,371.2406901608425,0,0,0.3478783713653151,0,0.3921586465049168,344.41053996394095
35498.3814735151,7811.544000734322,1345.521819478505,1,0,0.5028693856099664,0,0.25717377624943005,1366.3964121254899
52479.29785836698,5608.7941282962865,1767.8034844038098,1,0,0.693201585598883,0,0.34201925375954867,1828.345220021719
19673.98572092423,3630.920533203061,954.447026992332,0,0,0.4760988414579188,0,0.41399353664034466,958.0298304400509
25338.92758187966,5762.982805668386,2732.66515231771,0,0,0.5795388312416219,0,0.42952941493488406,2795.130848072751
39515.212834808815,6172.488398601193,1643.09969260318,1,0,0.9787869065927011,0,0.3670764104087845,1678.1162707788328
26184.14258183285,6349.716517915845,2165.258751826994,0,0,0.6064571008406385,0,0.4324519905282591,2002.5352994767345
28489.71863461745,4084.079792397932,1131.7869026973792,1,0,0.9282563507790542,0,0.42211502927265465,1067.4581966565308
32916.81701926187,3724.12068593636,1309.3882106113554,0,0,0.23446629499622357,0,0.4221565885578541,1180.933516915601
21612.591149718206,582.7106320167526,229.23595065072627,1,0,0.2958546751214686,0,0.34146571004345505,251.32985256150434
26310.53784540358,7449.178363563785,3327.5304340073208,0,0,0.9556092758024939,0,0.44892966120815997,3135.3495243047505
46441.13500144771,5024.809087917073,2371.0544528261507,0,0,0.30298488935047585,0,0.4930494891928959,2520.2907149819252
22311.56261322843,2023.6545289247608,1227.561342395064,1,0,0.7892409563128302,0,0.5296651513162418,1296.6079045476204
18825.534386061947,7397.025645660775,4155.301108733773,0,0,0.5568028833217196,0,0.5247009969006315,4325.678023122716
30439.700245593267,7361.989263277223,5720.677353820019,0,0,0.5253986633599643,0,0.57276097380769,5663.18245552852
46783.46603011815,7918.881232745719,1946.7638116857436,0,0,0.7273762114208631,0,0.364407992603956,1979.4172827288112
35636.93830403733,7055.424223542342,3140.527780471218,0,0,0.7820806602070622,0,0.4767411062034185,2943.513243503278
32425.02706261258,7983.382908650486,3029.6267302419715,1,0,0.945575424228565,1,0.4777808218776874,2790.953660836703
38532.30557018729,2335.1464109245444,978.5825355114729,0,0,0.4055083911001556,0,0.4130549610135843,949.56981252884
17051.510805684175,6816.871888994256,3172.4299275281796,0,0,0.7584643021291333,0,0.43301621651477185,3379.0093130656423
43936.46784530039,6672.712315968233,1518.798990367493,0,0,0.47382865413812625,1,0.41573999036096265,1538.24759587102
42601.22037684373,2232.052694155503,703.1154310304877,0,0,0.7740877959063821,0,0.37825369252961877,740.220515455442
33088.29831085134,1238.2816175074308,122.53058775349687,0,0,0.31369290073630174,0,0.303436884996621,132.09593127693836
50071.094141557,7845.653852581997,3778.372409794402,0,0,0.5660340397844236,0,0.4772127486470534,3824.118324789867
24470.046812563538,2720.1841364045777,498.7614591049852,0,0,0.34690378214105877,0,0.33232332501939665,485.5224681662067
51534.90791904283,7031.688428508545,1739.0542507283578,0,0,0.4691569838181418,0,0.43898882968653063,1862.7629241022505
39853.92398714301,530.9536600595292,111.71124195734258,0,0,0.7725035259699777,0,0.3355118651797056,105.67057490844863
33961.36892146192,657.6860541470165,302.8520684957862,0,0,0.38667987958077243,0,0.4888484742173779,274.0669095431336
37761.516375580264,3994.034815222763,1996.7001282923463,1,0,0.7479071230535903,0,0.4582657275282188,1817.266043544839
36712.8228102687,2290.3601295129765,384.2497347288959,0,0,0.5967521552379895,0,0.40011069377606007,390.56967605311365
52643.394757012604,5673.8096257697325,184.6723512181842,1,0,0.27362924564529045,0,0.23179747518400223,199.16312294378588
25079.85047034784,4741.732441759657,2334.986016734046,0,0,0.5093557481729072,1,0.49632934171207477,2365.0031840028055
28849.76913024082,1081.1434808786858,692.3025754625935,0,0,0.8953649623682014,0,0.44444855473307227,679.7295299452014
50435.63470486976,1719.712222367878,895.8475721875799,0,0,0.9914327183650777,0,0.4726740006525748,909.6559148654225
30853.58077779369,3410.369525438107,1937.3267547405214,1,0,0.4951368778542067,0,0.5279008559642591,2003.6232856297227
48806.3969279791,1892.0304796657488,550.6722095493576,0,0,0.24389978497495823,0,0.3228662447179671,579.1418784207509
58393.23179610452,6441.667604329465,828.8650047810805,0,0,0.3041502194448864,0,0.2929774776004566,803.5519402043909
33178.4596767004,3620.5267666496,827.144837428177,0,0,0.8305187311555515,0,0.4808784255763212,808.4337365254964
46176.347918903666,1200.7390013187446,266.70269193393165,1,0,0.7246296585517429,0,0.3072026148658478,241.29337909806347
24155.6926239217,4132.571767040936,915.7230989743318,0,0,0.42800959937747307,0,0.36060890551559377,943.1266184307666
47056.79957681371,1181.2863579606064,169.34629442152294,1,0,0.513038850165931,0,0.25586377797837906,178.71899591500912
40393.08783184121,1467.029790648629,298.66203038372066,1,0,0.8489201849964576,0,0.29831019356554905,299.3134291264155
43676.459385922586,2297.0737402115396,869.607306548458,0,0,0.5304879575662946,0,0.4374728887392376,848.136757837125
30253.13513557526,6946.457789356174,1150.4605062153998,1,0,0.8046185694688754,0,0.3156053843652837,1112.0700477600653
18066.99901319393,7434.593992497289,1607.8489312409413,0,0,0.4361645611068527,0,0.3147755899362174,1654.4888678953616
44039.02477699406,6696.932969990518,1806.1344677072316,1,0,0.7798494388759816,0,0.35269780054608935,1744.9967095058628
13239.162170246545,3005.579130633854,1095.6191659235449,0,0,0.5731179544843474,0,0.45838042788483724,1117.3298592185865
34191.794093089586,2543.3483083162373,1015.501146407186,0,0,0.6362834253283239,0,0.42048073553739945,1102.2182437355116
49294.182397039636,4618.667680926794,2027.7756875564419,0,0,0.678986489880296,0,0.4706233145145551,1959.081211815335
40302.77283047643,5913.898703998342,1602.0154967794913,0,0,0.5604597555997646,0,0.3020323973875355,1463.7003392379174
61380.11173747775,7950.295911201311,1485.42494328096,0,0,0.5729084957577557,0,0.3122794991228543,1596.5380099167958
50301.30983098128,1486.7803390919466,260.5821759433927,0,0,0.4125668965540992,0,0.31180306689634646,248.78048934326367
30153.219340093085,869.6899926785333,108.86835832163459,0,0,0.9886115024884536,0,0.2766983812047376,119.50624692828734
38327.76055821726,5707.669167464533,2704.3699284513964,0,0,0.924652044839031,0,0.4580883142734131,2888.3330709378947
37431.55156946677,6741.693376279291,5410.230134616647,0,0,0.6219062620950284,0,0.5988661280421101,5331.12805557473
19013.878839846475,6847.615848998174,2021.4313269759898,0,0,0.22770353004519164,0,0.4119914859332212,2073.2591974220004
26715.21300218776,5588.476618078705,945.3527510909832,0,0,0.33474237668399076,1,0.37038788613639384,903.2920040560858
31270.869116241676,7655.118530893903,5640.898305355481,0,0,0.8831481691488883,0,0.5567239668637218,5171.768618850214
13565.353965728762,4332.535726584401,2048.2334521467983,0,0,0.9446496584638111,0,0.5107739147679997,2058.803952985263
38569.92161901972,7353.610987521593,3206.306072727934,0,0,0.32903368365955465,0,0.4170367229989483,3158.000420906643
35011.13786416351,7758.591027436422,1022.4713740245015,0,0,0.787614925085437,0,0.31414260713745207,1118.5669292341415
17925.27318426111,6853.680927523308,1918.1309908852038,0,0,0.6984186476608238,0,0.32273046581110854,1955.5165911014794
42850.55438332799,2823.1892244396545,398.88900587794893,1,0,0.44270797596089806,0,0.30217083541757417,418.6058810340882
46590.47293629152,1971.6173837772146,1020.8631401569061,1,0,0.548873122901381,0,0.5441504262797808,946.3899362381828
40724.41374637867,4610.900487363639,1254.9302946092243,1,0,0.7418155419004184,0,0.3781565886766914,1311.067290643755
34111.18189749236,3897.6106278514135,1444.5334126515509,0,0,0.28103673104223303,0,0.40650943092833464,1316.3547501145024
45097.30582102226,7083.187566445497,3420.7119397095453,1,0,0.35123412154079825,0,0.3873057255147551,3498.060399336594
46162.64432572029,1250.237533003653,508.6107053538532,0,0,0.2266519778152734,0,0.4304746047275114,543.0484571494322
41688.842836636264,2433.0504598363896,995.5578957249297,0,0,0.9217613803306481,0,0.43797549567662386,992.1859419963351
28104.652994782868,6138.4920838903145,1272.6039019596471,0,0,0.6591169516283371,0,0.324321661008598,1200.0863763407558
41319.20918613417,1212.399837329841,548.8134351247452,1,0,0.6187419486469784,0,0.44034331873272203,542.6339920210805
52345.767809905745,2905.7331051627516,327.6537919487389,0,0,0.7649925124932053,0,0.296543369636078,350.00771015086093
30840.451296659237,3403.6654554048737,1042.1080766127382,0,0,0.9906801789483739,0,0.38901447985925314,1086.7921298185431
63175.27206958918,5169.453474220175,542.1217434645898,0,0,0.337789830749755,0,0.28997437402562853,553.5543996934836
31692.428792175386,1685.9948428952343,835.9318932023466,0,0,0.30648481402453964,0,0.5199419667017398,868.3385497278199
38388.88416008164,6954.533677622821,2485.3784125042816,0,0,0.4358326919279718,0,0.3693913681245998,2651.499198916983
29930.172847923965,3856.566765997057,1836.957263904574,0,0,0.9231553278160316,0,0.526174656227971,1709.0547499289682
40679.25003104313,7377.662839104173,3141.552428272454,0,0,0.5291684891526891,0,0.43104389336683296,3356.386928104102
17093.339688376698,4009.024352254487,969.7227781409543,0,0,0.8347974065097676,0,0.38026314439529124,1029.1836397051788
31447.498414199345,2562.8019420555,452.7070416625984,0,0,0.3623425278940191,0,0.37212904968992727,450.66877399822863
24894.545595817195,1563.7162151575617,1029.8108035496582,1,0,0.5948843538880983,0,0.5540084902420228,1009.8077499346748
39624.06017470749,528.0882103346361,352.27573830537324,0,0,0.3019764313171682,0,0.5488996162235508,382.7517149616731
49933.36850610689,4491.181137386267,3240.722112007465,0,0,0.5303187200245834,0,0.5805646821479001,3447.7510416030314
45752.07424537462,1303.6752269519257,157.80065141195487,1,0,0.4098255734893953,0,0.22682005935631228,173.223015978047
12000.0,3437.9582272338366,1382.617207283869,0,0,0.6395452766769631,0,0.3248132278917683,1421.8154210274563
62504.83583513457,4919.53820927815,2501.189831391059,1,0,0.8243249704601545,1,0.5090157541987257,2266.841511824976
41543.35928745042,2567.6442267702523,458.31157651067855,0,0,0.9506962970784225,0,0.3171650911696074,426.58587640611427
28682.010314083996,1814.1821927458643,699.636214649689,0,0,0.4270742250119113,0,0.3894368709219095,744.4568224225342
39885.53502789129,6310.412169570062,2120.3280299573007,0,0,0.7945053565674727,0,0.41002322282255577,2179.2698087682934
40114.27787003231,7600.933792112154,1876.3105026603494,0,0,0.9084738698256258,0,0.3548005797650598,1762.9991139897659
29997.815396581238,1253.303133964745,110.89525220612022,0,0,0.299881501640264,0,0.2380804339390552,100.07051573488171
40375.00000810491,1666.927432887559,849.2067702783747,0,0,0.6687457824841725,0,0.5171346065486314,808.9351883682235
30710.33254855631,7700.09492939539,2577.3429057884796,0,0,0.6894770468787761,0,0.4458390089707108,2390.5181821407346
33147.656087719726,783.3816635918471,539.181709893461,1,0,0.41790808184211053,0,0.5681385357069112,579.7530785327193
29764.650370938987,7832.242524128542,3714.374312948593,0,0,0.21801164768735362,1,0.4699875649921484,3998.736045017396
20807.944523124166,534.8336231374158,271.28405526401,1,0,0.40536235718696734,1,0.47781897653997024,289.85801121643186
39750.037642584604,7052.514917384985,2036.6758166887766,1,0,0.667787685793007,0,0.38474781922689655,1871.5448659650524
45023.59323819606,2804.9388574081213,1272.8710538814846,1,0,0.3571541699307743,0,0.46817373513477945,1179.9626341386588
44178.60315291647,7539.416436329724,4067.811712146329,0,0,0.4298761436865068,0,0.47400177360759743,3771.285170845768
47839.10303162281,2877.089664766891,391.7828990093616,0,0,0.7663379680730249,0,0.34338594584114596,372.85322295963886
41892.08252017842,5407.29741150542,1064.1270585428138,0,0,0.5186524732566054,0,0.3453663929401083,973.2261040578081
31607.29402139716,1100.2442732445247,491.6195492678996,0,0,0.2523403095338175,0,0.4820057177300009,538.9689358959344
48075.96637317426,2317.4735859030425,1293.031020312915,1,0,0.5193327073761373,0,0.551531410915388,1384.8765395259788
21709.789521896782,6302.595098594381,4171.762693853955,1,0,0.9998151718978885,0,0.5493132251878552,3812.3135415773613
27191.94340985024,4465.143902591148,995.9465935034629,0,0,0.4088412310667267,0,0.36368614559714474,924.970263600889
26429.599142921063,7459.767963402835,1245.6447121950944,0,0,0.4122052227601465,0,0.35090952265373576,1186.4310057571695
50960.67270967172,3715.6355625601573,1638.0925408521223,0,0,0.3359091317275218,0,0.45120662385270827,1728.1923021658529
49313.462169680904,7023.592743604423,4172.210120570743,0,0,0.41730990616096114,0,0.5035457809651472,4350.862461004129
43847.66284453994,3867.1657810867814,719.9038210693401,1,0,0.6598026427316106,0,0.3410933177040858,738.6934364405143
50863.158382541566,7844.36209026489,3497.9564679621726,0,0,0.9716817056143408,1,0.5026910833218208,3786.324036608789
27448.606611056144,7698.757860491576,200.86244329370902,1,0,0.6861562178180385,0,0.16495563663976598,182.23394457141302
42183.14143833177,2968.525291670602,1573.764321071163,0,0,0.5278780738222149,1,0.5184338633084313,1467.154099530783
36497.90685940203,7144.427528126024,4627.5814365825545,1,0,0.5117069032590218,0,0.5476957733512714,4340.501645788042
48162.58524661897,6857.0853066173695,777.230687129707,1,0,0.2193807076891101,0,0.2801279015159779,708.7796200059059
36617.30920937363,2080.1029799567214,1003.0630112423593,0,0,0.20203384175992023,0,0.5016705228069775,1026.7930032960016
33380.68533907903,5182.178005874523,2333.58142677337,0,0,0.8377548375836248,0,0.4044677036820894,2198.093441295324
44490.90222273188,1045.1173669236114,403.60696323730843,0,0,0.5921285300118022,0,0.4077473878812553,402.20535363543706
48514.03000629479,6775.330404375963,2310.2365376132534,0,0,0.22656753042653055,0,0.4559080510722406,2395.9157370570383
29979.85766183838,1809.094126276224,430.12220562666994,0,0,0.42882163583229105,0,0.2812422825838112,438.33020938727515
37267.091943771484,1031.1102603932338,106.16936006055076,0,0,0.4853455071009588,0,0.3163779517666604,101.71308466861358
25298.712396300165,3501.643216541084,1651.3531779670109,1,0,0.8266311119871048,0,0.5197587904428181,1623.0082170799724
12000.0,4826.916039497326,1949.9021767254615,1,0,0.5475093625595204,0,0.47593016723436987,1887.4365083078567
40405.515576964746,6911.877189198282,2576.963095501464,0,0,0.8314401398609559,0,0.43371430452635257,2758.6199221535467
45306.86427505558,7806.818941413024,3875.9704242759585,2,1,0.7069872406950359,0,0.5350343189011763,3813.9024030746214
41144.80170904071,3796.1938442739774,456.5107217992542,0,0,0.22650896513287969,0,0.339862401248982,416.49014227978864
14605.259386947593,953.3519223895266,682.3459086401567,0,0,0.9749509632557212,0,0.5469653486480011,698.6346781953523
33789.8068390823,6118.36684269403,4110.561584405859,0,0,0.3451464293402621,0,0.5461172997635307,3862.0219929208315
12000.0,4738.7994216795305,657.7471507539509,1,0,0.42049564936647343,0,0.3103894905674402,636.5191396607687
54436.413291850215,3859.1850863334735,1234.183156893918,0,0,0.8474352228170601,0,0.344677694018529,1191.6529528503418
24967.34501458297,2819.5165909414227,2185.316384463274,0,0,0.35187189126996793,1,0.6505309111506294,1998.4386905756355
53064.84331351876,4267.988958826518,2149.228677649237,0,0,0.5208702269658245,0,0.4729389245081878,2343.0661449854524
49350.43572420975,3040.097033427732,1696.3748179402291,1,0,0.8919929745226385,0,0.49821118449332874,1712.3427271185788
27192.915769567262,6177.589008105202,2302.602457689562,2,1,0.7098178209613388,0,0.49325856513726346,2144.298483814814
24406.580584787058,4579.202723694808,1579.7528682358252,1,0,0.4416644795890757,0,0.3769079342623488,1597.3689461816607
42204.44259663606,7076.35830615584,2609.2242675125317,0,0,0.7152397772206227,0,0.4406049219944123,2583.9541487403962
27868.111553803148,4576.579359870815,1142.8256964069726,0,0,0.8500995804300004,0,0.38809331147052517,1107.3680861675252
39229.81570589849,2286.968100049475,819.3658775982087,1,0,0.5231114260782834,0,0.5301126229476274,814.8546759545477
32206.06891031698,6883.189116741084,3634.9521424230297,0,0,0.6573397475809173,0,0.47518758439220354,3758.263769664312
16626.0990264124,4679.142836975329,885.6837107981632,0,0,0.9903421478816485,0,0.31823755885012966,832.4580573698119
12000.0,2051.3077860767094,827.7152671741931,0,0,0.9716502744431976,0,0.47586219046769873,833.9861679195678
40720.21098193517,5176.308574671666,1730.1960569735393,1,0,0.6072298495498223,0,0.434072690247439,1838.5028769466062
31261.307044032495,3182.8757370682065,1786.6496740738269,0,0,0.2769130052086398,0,0.49101930826944123,1687.4875913159085
31362.922197030413,6833.042092190493,1041.9292891089585,0,0,0.760545671050803,0,0.33273839731251625,1045.1657749335861
46350.366069125426,3899.748039849071,2283.714537355614,0,0,0.41489662966415874,1,0.5759480743769885,2496.4350002724304
52081.30731958934,5948.310185805625,2918.425216319706,0,0,0.7355799425137541,0,0.42315103272397814,3093.8260536037287
34729.46334365829,1216.5215572717786,417.66020139319977,1,0,0.48140447857455737,0,0.37480564417988665,425.43012820731167
33912.81551708166,3470.1825972675965,1912.229111199096,1,0,0.7750067507855718,0,0.5151299643722341,2007.5015426788823
44001.7163973666,7874.31077354299,1264.235659399039,0,0,0.4938580466270911,0,0.2952039509734339,1270.7164262597848
21716.773163605096,6563.452171078612,1922.3745161863492,0,0,0.9529562219036425,0,0.35673937857116605,2109.4478893002934
40677.836656972366,1699.5560177519649,1313.9809458553989,0,0,0.3093382979662252,0,0.6470162345955989,1227.0426784277433
44622.631661865846,2583.230371079413,880.273897536933,0,0,0.25472386969777827,1,0.4198743472590288,918.931908797124
46162.76250101155,2973.618566422708,1035.4757447604923,0,0,0.824959277799961,0,0.40450814134560814,933.1612657980047
14758.96756997042,5377.741703715843,2354.906365062617,0,0,0.521060768100333,1,0.4159675957443516,2178.6157396226654
28863.736762292712,6177.460696172417,2077.78113189314,0,0,0.572460471991703,0,0.416021153771431,2169.956570122993
27460.8409661184,6121.449566059323,2432.91844361905,0,0,0.9470538081752731,0,0.4757381167049084,2559.112705530329
39198.64345291055,4324.055422298021,1637.3027073259457,0,0,0.6719365743559078,0,0.3687267029869731,1486.4736454113224
43768.93495721581,6581.154033786134,2510.585464901005,0,0,0.7281365186184388,0,0.37281581275506326,2427.162884248453
55960.52488935178,3778.085620681063,758.5774983428033,1,0,0.21557274112589697,0,0.36755671213919205,700.651096992273
32060.41423558312,1429.1042397167143,679.7794591680139,0,0,0.7364115256955759,0,0.441708617471064,732.8218380615389
32029.130020289434,4733.3138124035995,1082.239526677444,0,0,0.5106823487458356,0,0.32054444866144294,1072.2575056827384
51796.064226544964,7642.2603845083,2612.130941671683,0,0,0.56817157001902,0,0.37658047482625345,2582.1096438315444
41558.92326236366,6447.452385443835,1673.5928528586694,0,0,0.8464400952006363,0,0.3970723795624696,1781.9975278524607
53211.818134255685,4840.254857691818,1849.691596166336,0,0,0.619034874145463,0,0.45100320094852714,1921.9660438685569
41464.73603611803,5351.042452618227,2274.394220694907,1,0,0.9894966476411657,0,0.457102248706338,2466.486194584287
24114.60057544075,7479.215202766795,2914.804260231525,0,0,0.8374489030448695,0,0.4082393043118784,3170.525654596578
22002.459742666324,3712.5709582622035,1037.1128777329473,0,0,0.782873238600474,0,0.34309293687875203,998.3651136692066
19381.853011292853,2985.4560420697803,662.3408397813376,0,0,0.6709493257312298,0,0.3257054617715018,681.9962592277933
45944.622017101676,7829.311737503367,283.6743722810692,0,0,0.5299173774916387,0,0.23076164326266876,286.04529046153567
52263.1618770441,6975.823501327501,3025.285776559312,1,0,0.24229786691661837,0,0.4294513519721776,3083.2588113480997
60192.34569663657,2922.826884639518,725.7685759342542,1,0,0.21479672594443164,0,0.36318400273969004,743.9577611934025
48117.26398787888,3978.354480206921,2136.9742286953074,0,0,0.2374070132177189,1,0.5212605234636516,1948.9287014503034
51954.06293041983,3613.085967558493,1650.3306454180627,1,0,0.9670691071289275,0,0.45705816933290655,1780.728507593701
31039.804008155785,1618.2175900357545,446.0620197648175,0,0,0.458569691889673,0,0.3672974867533696,413.9703521768583
24123.010199073717,7683.644928599443,1554.1442218683153,0,0,0.7604875858668492,0,0.40907426150660126,1530.655610851341
48200.95198901064,3532.3432341481907,931.7595856031652,0,0,0.6754516834490967,0,0.2294950998915541,893.0131154222098
43012.169026872805,7064.96811978431,4718.822283951651,0,0,0.6573341675501891,0,0.5762489424338426,4769.547867347468
39289.33249209071,1920.1717076049881,982.216060055296,1,0,0.6633932511128737,0,0.5010688105143282,1072.8723516167722
42648.45776759588,4609.031079779148,1357.8325959603271,0,0,0.44183665869645616,0,0.40396759026022333,1334.050057375121
41878.22578949847,679.7103884320236,122.66146433651777,0,0,0.909226036398594,0,0.3683807495208197,125.19282503454215
53405.802318242735,6231.653628817314,2303.846777842274,0,0,0.9353649814002938,0,0.36888587725698413,2138.4967678513317
53539.82701780347,4856.854236847088,1438.830216229032,0,0,0.7156206282054096,0,0.4214826336988219,1428.188190779684
44530.644228084166,5191.921876023145,2637.0573508085463,0,0,0.8911593767890602,0,0.4939128598305307,2856.346892483682
48149.63447075514,887.9066191599009,112.08540248242144,0,0,0.24798481353567628,0,0.2909646483293769,121.77884115059992
44168.75062909731,2082.7874765646156,799.7308539648752,0,0,0.2803130006053297,1,0.4479848665255514,807.1571001814683
32465.963215584572,1057.4815426518512,716.2834952047364,0,0,0.647252979674974,0,0.5619288764806442,754.7607462441681
47078.77609895768,2666.8573685285883,1006.30529345339,1,0,0.8772056326386892,0,0.3821023598537672,906.322362424728
21266.05917368886,5205.792557616132,799.8258617855364,0,0,0.45234352094465474,0,0.23818992870155464,804.8656375070508
50646.6986275506,4746.394882380314,1553.3849733849954,2,1,0.6384447329268252,0,0.4448012665781575,1625.6078355569055
23665.72472280758,5091.123662100427,1486.6803856636652,0,0,0.20796842518726466,0,0.35283496504367184,1436.0937884395796
41429.6394415368,4619.384535334208,1139.315818205987,0,0,0.9893040097021328,0,0.37678561371086083,1230.7244664131135
27858.15249888609,2547.7159675689454,817.1584221380249,0,0,0.8135846946497893,0,0.3367576223382305,862.858459988322
44640.66779689312,2333.806230083189,837.314855278089,0,0,0.48913531721401277,0,0.42786458063520183,882.479166784396
37592.8972888651,1527.9476265243595,858.8417750352728,0,0,0.9864102645248927,0,0.5154360671232502,776.6048637943996
18862.928502040013,6868.031561776191,3070.7310239447047,0,0,0.2739423914382977,0,0.5334849675985179,2876.5883042255896
43048.39557222174,5123.595189059333,2558.1419801414845,1,0,0.5713406122965008,0,0.48911379271946254,2667.4292018540373
31064.950678007473,1898.8325937804482,869.0533420913906,2,1,0.2470810280013895,1,0.473160632993545,879.7810792795264
48573.76064976043,1829.0703486592963,267.9919449894369,0,0,0.46797201719352954,0,0.3617614092750395,272.1975073529491
38015.90826481289,7047.767011446025,2573.100828184074,0,0,0.375491343864642,0,0.37779953706388775,2323.412368289353
42745.05182465646,6070.481478224895,2602.525773004505,0,0,0.4532406825449014,0,0.40430160310321384,2572.364583784043
26509.172539817457,5445.4930992902855,2646.2354566644567,0,0,0.9579274528365598,0,0.46088529456115646,2797.8305260812235
30928.013222871657,3551.4808065447487,2406.9160572493147,0,0,0.5417495973815099,1,0.5770150622891098,2485.6502075002627
32496.336366786985,2464.8167320888815,711.8480115045792,1,0,0.45988864900829257,0,0.3689881541170087,722.1595732208484
48280.429762910666,7845.8807233461785,2260.954069886881,0,0,0.7126179040412464,0,0.3800753479779007,2349.853850038914
58128.52505366587,6479.296812671001,2411.3592504025482,1,0,0.7466953528532976,0,0.3809354693629209,2580.6288073160476
28337.938979085484,2763.3441735220736,699.5754882367212,0,0,0.987015093051044,0,0.3172077964337614,748.4801540853492
50922.17773589217,6856.73597208871,1404.452983175476,0,0,0.6368462178344296,0,0.3502327290152551,1392.100550941336
12000.0,6191.989614610111,1245.2279676479775,0,0,0.8020509150529751,0,0.27950683063576254,1197.360222978814
23669.727186892527,2728.1041240849877,719.0673178081314,0,0,0.5057320154073999,0,0.34007870580530797,699.850713739492
26494.658525758703,3699.1464068122978,400.5777523575169,0,0,0.33682611699495957,0,0.28550444529907876,402.29050881938235
21769.895726711333,1894.6508404326999,1341.8565190356549,0,0,0.5438683435549676,0,0.578088977203644,1231.6543929233765
18996.93932254904,1332.8933328358203,448.29281603976386,1,0,0.5350206709532077,0,0.3909314501231796,456.4510364611959
42955.98694565357,5920.715246297726,1728.1744283185299,1,0,0.5364907933544774,0,0.3686524450257424,1712.018728194325
35431.18762726567,2506.3389301539996,1058.370383121973,1,0,0.7563366079266369,0,0.39080715784108727,1113.179626775231
42552.86477126132,6650.445243096902,554.1649263757212,1,0,0.5247538490188448,0,0.27093075788712867,529.1101905119855
46285.67223345816,7967.065336358196,5496.924458576582,0,0,0.9633301835082213,0,0.5504932235031462,5020.128081364927
41187.4039180704,1074.6486044723652,489.16961830954534,0,0,0.9861997459074161,0,0.4714968968614952,527.771934175189
45893.158113804486,4047.763438127752,1440.0778410829498,0,0,0.6186891435326214,0,0.37809329001097347,1315.6772619270303
37165.612565092764,6515.469194831023,3088.4340585501645,0,0,0.6467552073706543,0,0.4275462502727543,3352.3595066222147
23756.079340331064,6417.131724059252,2294.229911189341,1,0,0.5261010973946991,0,0.3623900923766161,2293.0799481527883
50693.77016984955,6199.978687482264,2347.9323745754396,1,0,0.48447486534139383,0,0.4264842062789643,2139.5691902763606
30930.654406626476,3117.4620147643323,1063.512331125428,1,0,0.9882612287642119,0,0.3895054481551992,983.9283724681607
26772.84441485089,3903.8994176378924,474.0979413736489,0,0,0.23252549494856886,0,0.29928303704706344,477.22258385265775
35864.98549034722,4962.262680061027,1391.6750015885784,0,0,0.5280689861915735,0,0.35724764984633833,1256.9016343132723
27046.268968441844,7804.554376799429,3277.10365072609,0,0,0.32107230974609763,0,0.4215852078652325,3549.1890266637542
32990.835416126814,2956.6045320386966,1531.8249732548413,0,0,0.7810242146634045,0,0.4588421356502778,1622.5902443470961
42128.6470587616,7423.579157876433,3864.54450555528,0,0,0.35555654131905784,0,0.5042927256308065,3868.0626178418247
42180.10087095352,2520.176886353706,552.7582084554101,0,0,0.9077165827179507,0,0.3503476745892605,599.8803461192502
27226.039202892447,7918.058491052784,2692.9129418911316,0,0,0.499582381057082,0,0.46175622740215866,2563.5183134421727
32147.535524615065,5526.977651206938,304.0962570417335,0,0,0.9337189863173108,0,0.2626219163500947,325.5903982108857
50891.996057242926,3976.336102689132,1747.4094726454275,0,0,0.9892500240681992,0,0.5107962489665446,1854.045340078529
43956.8014128073,5100.428210477036,2781.292994334343,0,0,0.8169371310929419,0,0.4840143448201654,2826.805797230284
62900.7804721825,2543.983767801551,110.56996088216461,0,0,0.6985264393242648,0,0.28996871393156076,106.56383868683048
52161.53808489833,2556.3039313359996,771.8511665248542,0,0,0.31992133176173176,0,0.36143271381681324,780.8558001390343
51731.51682271927,1351.6590788262038,33.196249652355455,1,0,0.9464482688905276,0,0.2804257474360481,36.23183980753876
21345.577394530377,1355.3772327904908,859.2196204860088,1,0,0.8214933255214492,0,0.44296563361854746,787.8311970129148
47166.32421960107,3107.538061016835,279.1549164701351,0,0,0.430436622986092,0,0.24052887308797746,262.46188260995905
37362.718379637074,6221.4160842227875,4936.123234710618,1,0,0.574801547489967,0,0.5678524172912811,5078.177076728847
31388.218357541005,5059.783756986219,1333.0830986845415,1,0,0.2541320047263252,0,0.45067532220424406,1380.654390301426
40016.18408639034,1269.384202482656,564.4525367788156,0,0,0.7272002579271186,1,0.49225067365204056,526.574468993334
49342.5384153378,6891.773937319333,940.9293787640459,1,0,0.3002117349618315,0,0.321807267759093,998.569397798553
44009.97909205054,5010.257202425498,1617.9278155416653,0,0,0.7212250279153556,0,0.37868408878737086,1756.5786631455742
27458.314383895282,7706.416825885848,2113.385174076591,0,0,0.7372429290806666,0,0.35013729831099044,1935.7183423514464
46909.506963111446,5526.391005584057,2556.3365401128995,0,0,0.4597032414901751,0,0.43390781821458757,2798.8050348067572
30348.949495088433,1813.8114777813576,457.3238631375501,0,0,0.9589301432687851,0,0.39046243721270335,437.31249672828966
40600.19742757143,4053.375217308667,1292.432017249418,0,0,0.8231700046994299,0,0.39710157692558984,1243.0248202598448
34359.79919027439,5363.731981604031,1104.4154853545965,0,0,0.5973869240257565,0,0.37861489411833366,1003.8915417637079
35373.604979172494,711.9852578748327,254.31313318726,0,0,0.934855349829306,0,0.4331656949323641,254.18124058811088
47194.91570048611,611.8269811610592,107.12254403532816,0,0,0.8846746111655459,0,0.3453375634428783,116.8655169019624
25517.675362209226,1470.5225044892593,267.85137519839935,0,0,0.7537745806058078,0,0.30059721587270294,249.690229984409
61342.3408913232,2387.4832628410304,1765.56452586322,1,0,0.3223722514893698,0,0.5512991604149198,1792.7053996500713
16146.967168466042,3721.6184264050667,1328.5646074392555,0,0,0.5976591404161578,0,0.41587226220513523,1268.6335680971504
30827.987800941715,4155.803553198413,1571.245686700408,0,0,0.8915382980494344,0,0.43534012780956355,1419.9787234133971
42442.542679300896,1535.207067034226,209.56605807020293,0,0,0.6871132374788029,0,0.303727807406838,229.9838646704366
45011.76999722372,5550.436843368731,1217.1506151020876,0,0,0.6364091558288325,1,0.29889819477680235,1269.774497327739
36794.29135313954,4971.035462724011,2209.9149514190367,0,0,0.9641793602386441,0,0.4589866521192736,2313.9856927057026
37311.31156398149,2708.4807413087015,544.4110874202241,0,0,0.21323845231107247,0,0.3707167781915256,562.1543870056762
42926.6010239314,602.44912576469,129.5029862679827,0,0,0.2096371079468775,0,0.30260407124589583,120.27559985286987
35227.166270507834,1082.3593651496806,386.7069908811855,0,0,0.9142564161109432,0,0.399075812415918,364.02232746583377
54718.175095218874,3437.7108163312955,1021.0106888021338,0,0,0.23082977202018073,0,0.3457901157214324,997.6637758852279
48072.189370779226,1654.8076337426294,455.1916370629327,1,0,0.4660349709641673,0,0.4120441193853068,500.2981272694457
48473.892212067614,3326.147046109781,2625.844391770579,2,1,0.9392203854343344,0,0.7851116671264498,2716.474954185441
26406.119319554993,5211.369533827664,1307.1091305034397,1,0,0.7529220750522154,0,0.4154289140318557,1292.0460651501357
37047.33890713157,4604.280709094626,1861.06413545765,0,0,0.7185271246911549,0,0.3686000643775537,1855.379180423722
34394.40861535155,2233.8191235304566,1398.743993015954,1,0,0.7255986521245172,0,0.5456188518238204,1516.8555050636712
25932.78349172641,3078.668684440643,1022.4389341376782,0,0,0.45411438307927754,0,0.42145030407037376,960.3636187278861
42321.9702073492,5105.233988364879,738.8775253629454,0,0,0.6244268728100649,0,0.38451124442151147,712.4070476270385
31548.250906642203,6956.412710325865,2515.642770896319,0,0,0.7039784512374918,0,0.38959766379662397,2450.6757840908813
45864.845958202844,6149.100790541579,761.7241110201277,0,0,0.44457226055329013,0,0.30076862052490444,822.3008608737538
25157.70124526802,4650.500201250612,103.59793899113184,0,0,0.8362911326433009,0,0.2128550329817383,109.33282252760486
58628.48735410185,3217.1974873736467,1332.8838632884012,1,0,0.45739868701241326,0,0.3824933597947968,1357.0851016341114
27244.00809689526,3237.884581563541,725.4481595330798,0,0,0.25715532280042447,0,0.3535338165731309,698.5670077398652
40631.62804640523,7095.62982698297,4397.733709981169,0,0,0.361163659027291,0,0.5876078426216105,4135.8066909699255
47502.311724656814,794.326820304098,587.6475638424264,0,0,0.5267283347292515,0,0.5840597089166853,567.756338024618
31152.314837598646,7909.869833151957,5605.952315011801,0,0,0.9264447105153353,0,0.5709049312905765,6087.450346631264
48229.62372119541,5482.815581386717,2264.3541720412795,0,0,0.5326093534979977,0,0.38522889370026536,2450.133377601012
23249.796826395006,5608.532743042929,3093.60576267351,1,0,0.2718430412592343,0,0.5040248483631146,3045.3176531883155
55425.41239019073,784.9837797855662,109.88186731983551,0,0,0.35716541330750684,0,0.2908288251831504,106.04769116902521
38169.7911795891,5041.469561684541,662.3070886635746,1,0,0.6355739890500339,0,0.29092929891245006,713.2505621353762
30843.063104373447,4135.835450678353,1516.8907959899616,0,0,0.34212480376267546,0,0.48337479873938827,1500.5784334316813
34409.818730870786,1293.3418017055023,349.5650303770782,1,0,0.25116368972874814,0,0.3540777398383967,317.314145894073
47707.03123271263,2584.415080770193,993.5302648023044,0,0,0.7718627723026319,0,0.4093726826934693,962.8778485813618
30986.53649779474,7177.358421602385,2601.23960295265,0,0,0.8274779162363954,0,0.42183712232460296,2657.0596750211007
29007.707726926667,4624.9131189946465,2958.2554225438907,0,0,0.8805065881683021,0,0.39656051263591285,3221.297832629672
35341.56082899514,3600.6243138043155,1323.4815983814526,0,0,0.8751473290873057,0,0.3842795631492425,1303.5214071087144
23876.454646760383,1045.116168806082,114.04500782102521,0,0,0.5034076640531007,0,0.22748452450377615,108.11751846284852
59846.52689530179,5855.911455517292,2797.759730481519,0,0,0.7875759856738895,0,0.4429763765350245,2733.130361946575
31203.26490542332,5771.381175470244,1189.4084399022586,0,0,0.6668310875869485,0,0.4189791532002466,1084.0408405543615
47979.40143416484,5105.327052294227,2629.075752153999,0,0,0.21869144146659716,0,0.37067240433903414,2838.7904560048623
40513.64100377327,4326.969846654869,1860.6663373022736,1,0,0.5212784877662933,1,0.3768889868287222,1687.0374862033411
26185.591394216382,3753.383016555295,1934.78834722196,0,0,0.24230316738810567,0,0.5361227167949071,1741.6857564199693
37928.54348944725,4949.533197409943,2363.1756947627896,0,0,0.26668484435223894,0,0.45848377003147356,2417.1191027821774
47408.03335172898,2250.46588796305,1387.62799261537,0,0,0.24480195771470337,0,0.5450628020142724,1291.6019368984405
35740.86397896432,7559.442981332358,814.6444700155076,0,0,0.9687572306389258,0,0.3023760392055516,781.4194057121649
52317.35535021233,4915.958968851722,1017.025400006483,0,0,0.8753607926406135,0,0.3481874068600634,1015.1915050784912
50258.18471338237,2833.943332657824,1661.3316103386142,0,0,0.551283582000144,1,0.5000213394776477,1758.3922897044936
49026.97825589995,3872.5988816386794,760.9323828019128,1,0,0.39839797421166134,0,0.20863985050544498,743.8130245227989
32484.118732724037,6542.635916576693,1187.919266156334,0,0,0.2579606636184349,0,0.33084108112546234,1296.5205730049288
25041.890626622157,1712.1204554772307,716.6522137618805,0,0,0.5449570011954489,0,0.48226223302462917,709.9438827203847
30636.948735646467,2696.2671684519532,1080.2682391792232,1,0,0.6802823048460658,0,0.4703678366768041,1171.0084613251677
40354.89128800065,5596.310170524165,2965.6132966847376,1,0,0.8376826584894126,0,0.5117060931909629,2937.3392421109506
44549.44056238826,2866.169048616679,506.8833794994501,1,0,0.24124878894211568,0,0.32539622762040454,508.5205363518064
12000.0,6443.762613960995,3444.538140817151,0,0,0.5342960140133324,0,0.49660804674702325,3760.1106981308176
37902.641580658994,1478.401153830206,733.2611366418118,1,0,0.981485956506811,0,0.507464885899797,758.9108135878098
39897.07070387821,6220.146278409564,1656.307381841049,0,0,0.2965764283300943,0,0.3087580218539792,1540.157892171132
34669.46892421338,1012.6378613792468,206.66573275696933,1,0,0.5202395158287143,0,0.4140085798507811,210.73926202622513
53495.286068190544,594.4445950062109,380.14723948109236,0,0,0.42004425889255614,0,0.5780734389640698,359.2559921823932
43061.36089101045,7236.676391241216,1568.3453987631765,0,0,0.3072314843250477,0,0.42147435731717997,1508.6439613216999
53722.30289697077,4860.044126992239,2023.9518743434721,0,0,0.8711565505927896,0,0.4499005075542092,2160.83178800577
35408.47375579721,3138.701728151086,523.4095651596938,0,0,0.7576921682751803,0,0.3040639621030154,542.4768557347151
49249.7299100831,2244.459777228878,775.2068238615618,0,0,0.5292451873880656,0,0.4239564304865212,742.1642170219051
57620.79673433023,5126.643374456121,1931.1809575146272,0,0,0.49525382619416053,1,0.44973026804448935,1739.8737866081372
53740.32139127194,4317.5163765255365,1054.3177079893867,0,0,0.8621990075747736,0,0.4369386147904625,1060.892713681952
24894.300878855203,7936.983316474889,3122.6701075517353,0,0,0.2726270765213916,0,0.4153175854237424,2966.6435519762795
34955.88706949143,7874.119899903093,2368.8767354329107,0,0,0.31746662436106093,0,0.3688551273246827,2145.4026874169067
33858.02353460244,5262.684246062072,1982.9549970409614,0,0,0.9252400064748305,0,0.46193708442293874,1809.7563439282617
43871.054420915934,3821.5287957941787,2451.1840061768844,0,0,0.8537653232405831,0,0.5292776780411614,2536.117611767032
46236.242660174394,4183.557268509965,643.8706945280009,0,0,0.8199022100569868,0,0.29519252311115746,632.8327457755458
27933.287911691164,5618.592996776464,1848.969782687663,0,0,0.6991807394430523,0,0.37660970102904096,1761.1354410794077
38814.06216700325,1261.8090817653601,303.22672210526264,1,0,0.4339600412587095,0,0.277320806429384,326.25377346090124
13760.872014126362,2962.6405535803865,1327.63093888577,0,0,0.9478292842083345,0,0.42325085239381877,1413.9498172224735
55303.340069622674,1064.541807527029,283.4326461994759,0,0,0.5934950573877373,0,0.38668809900728635,281.5160378525895
31851.509111879677,1050.2056963768969,236.52203611994636,0,0,0.42449562493152176,0,0.3511385683185232,225.90633335645785
38670.36727813396,1968.7943142067531,293.3258958333253,0,0,0.4924596852903669,0,0.3358140881872837,293.7468753701782
34284.203432143266,4139.399409449202,883.5649612431761,1,0,0.2134728121567477,0,0.39910155965867566,928.2604637402345
51752.33090016098,6385.80740872092,1612.241262046587,0,0,0.4041272494624366,0,0.45914089618541487,1454.4815794459894
12000.0,4141.219183744044,1272.5902047762067,0,0,0.3503648869252509,0,0.377391648182203,1301.2403172903994
37800.67589208909,3016.074579206523,494.1339523417303,2,1,0.3084453136569556,0,0.3781977864850206,514.9001759999201
36730.17491002763,1117.647427525686,469.44469316949807,1,0,0.22571199454412333,1,0.4214637217766532,499.1882899039852
32556.363348899806,4627.216423873472,2850.05493397236,0,0,0.3815003547339679,0,0.5580606850649295,2688.522174767421
58714.71854762759,2534.5143986238254,1251.2427288250199,0,0,0.28281497445632375,0,0.5708350026965512,1177.028457795227
27352.046493730748,5112.006334378606,2548.914191394873,1,0,0.23611230257121188,0,0.48082873703496515,2403.9964090048193
47261.554126827934,7828.9080434931375,6442.015220486168,0,0,0.309857807278715,1,0.639427006810396,6997.8733958043085
42275.033464473,1334.8574110816262,781.8911993819339,0,0,0.3619226908213582,0,0.5044204536680048,725.7477488834219
53138.23103042619,2090.9404904145495,1141.0443654787728,0,0,0.5327698600901596,0,0.5017226475060534,1201.4386868074632
29993.730982669935,4048.2090357453108,2735.2518281023354,0,0,0.6669565489925837,0,0.6037305719851733,3001.52883499735
29204.373210514892,7764.603615094471,761.2258459483298,0,0,0.45781268994665303,0,0.32643755615978937,829.1707022135524
51152.83888972878,6288.573322024967,881.3601468790173,0,0,0.3130075323830756,0,0.3107789514382359,865.4765727621414
43103.85569996132,7236.718948721226,1666.3249202056459,0,0,0.9522590633427304,0,0.36371551373884625,1779.4188318921051
19460.751839878896,3002.861363568447,247.72842551567823,0,0,0.6118829697767691,0,0.2724015431395726,256.1581735425391
31528.339826440755,7940.288553339459,2395.171117870012,0,0,0.7935042661565928,0,0.4333218184360783,2571.6776002137826
42636.59184617673,1271.2461204811805,257.81121706821034,1,0,0.7555481130150965,0,0.4155529180289984,240.34006637379267
48053.17065855907,897.2967953457562,359.9095045372773,1,0,0.4279174057021622,0,0.39571686210427937,378.9801673182299
29849.23216168454,6917.019702905211,2936.5665576109554,1,0,0.6478895403053029,0,0.4093846851214848,2987.4026893346368
12000.0,7454.486526552397,1247.130458907311,0,0,0.6817312926816343,0,0.310949791144384,1257.1348063208695
44278.6782288444,1179.3901815957631,546.9928549862013,1,0,0.48143281926663034,0,0.49295427973090555,572.0341933697986
23356.151720672293,1350.7057005938113,766.6702248938011,2,1,0.7366132523872213,0,0.5883511771823222,731.8726566385125
13791.934422531063,748.8061831683036,298.7042617173355,0,0,0.8325412411512843,0,0.46705729478787383,273.2899991060824
12000.0,1283.8067198204308,806.8422976107754,0,0,0.49136844056624956,0,0.47007112161744546,807.1845503156155
47767.7703223729,2070.6486260021065,497.7862449812264,0,0,0.2119322972339136,0,0.355240293584746,478.087223327552
39543.4094048596,7775.574641825007,2755.550405471657,1,0,0.47946875010470696,0,0.4148057445354248,2621.3030042445466
35292.12343145298,5508.951666797603,1725.9906957486298,1,0,0.2934524827732869,0,0.3536573437676413,1898.079687932918
54668.292355553145,6339.147691389066,3857.728688061719,0,0,0.3244863113467121,0,0.5182248494371168,3624.6144835328705
45647.89619627687,6321.045527686416,1190.9773500956278,0,0,0.4927595815561399,0,0.3791809776129626,1127.9929188301503
57395.600512663,4513.05312334411,2012.8532992121584,0,0,0.36609687856809076,0,0.445049574584778,1945.979326047498
21287.17433399604,6481.167332847629,4387.10258549052,0,0,0.9479111627095291,0,0.571320903182567,4384.472097012488
37585.39251255244,4968.556492924772,4230.70916590567,0,0,0.7222423378699996,0,0.68994627073245,4543.029430768216
18599.43950062383,2859.095732025182,784.2868174269421,0,0,0.6146913275553727,0,0.3370190401302649,733.5268269249672
35247.412017734394,4708.325815763005,2027.3683068308756,1,0,0.20777947414111475,0,0.4541348868761978,2074.3890434454675
35016.60975479987,4501.314396008851,2140.5700119479466,0,0,0.2828941945966248,0,0.35014672670461505,2084.2831998628835
45519.363647156846,6675.897903194905,5382.103479974403,0,0,0.830782277371426,0,0.5571377336022185,5701.708636539139
38546.76657370278,7862.954130362443,3400.7012971663285,1,0,0.5117950104316071,0,0.47455434968654914,3469.9936954412706
45480.88565935899,3582.819240656979,1562.635700026014,1,0,0.2363945568948589,0,0.4249564350109293,1654.8603517176948
46441.28159766673,6225.430088310198,2512.7295308812654,0,0,0.8604472750340622,0,0.4431728399083093,2691.1790235852995
63859.144128597705,1248.2225302860015,112.8811029618097,0,0,0.44211681055790647,0,0.23024760863017363,122.18544445285947
34216.44013656651,6326.235270862164,3313.0841431117187,0,0,0.509036497579378,0,0.3773308649045428,3641.527862883336
26707.72759200345,3285.626839949241,1272.2383372554934,0,0,0.9794952565128228,0,0.3961288155006735,1302.4830659217455
40953.00338379691,795.42622167265,113.37844179884954,0,0,0.21241019282758586,0,0.2911152901330155,116.49716561263246
28372.639674325477,3224.3463392163294,2103.367489973459,0,0,0.7770595145164079,0,0.5293966855579691,1952.1684702141638
55783.52922123843,5079.820631912336,458.10438135494104,1,0,0.9591073410494328,0,0.34927419048250335,421.92284039279366
34601.38353265721,1394.3762576109993,370.1158454381358,0,0,0.2510876658823942,0,0.28741972092333967,369.19988328834893
31213.083585512115,7430.25869322691,3613.1566019867555,0,0,0.8928616194921177,0,0.43959846466596536,3753.121790218871
32344.211346186585,1082.5430995462893,237.2134211732925,1,0,0.5329933548288306,0,0.3339529290422599,225.26722471258435
46621.00908165969,7475.050398748746,1940.1631011985198,0,0,0.9023972126561628,0,0.3611047351789899,1873.096456384471
36107.036201222174,5803.531384517649,2777.691600750624,0,0,0.4466196743123383,0,0.5050528390790285,2888.8703395161447
30299.99815843541,2972.841315606527,929.8055806019804,0,0,0.9861301763999424,0,0.3883564792391227,876.1857790955889
57984.223011482376,3430.627607818199,1847.0860392584327,0,0,0.717639527737119,0,0.5241204949550884,1854.98089363667
27725.961912059,6056.070235495581,2608.4696000550857,0,0,0.7016722883498856,1,0.49131052289022537,2628.6186040111083
38426.792888395925,5011.033256609056,1465.009052760138,1,0,0.8447227063050469,0,0.3259281631189364,1587.176887062162
45827.673819322765,5537.321910912089,580.446543581985,0,0,0.5492688557136267,0,0.3422201226353723,569.1015630228784
18423.97867499512,3418.7346238511,254.1799975725811,0,0,0.4069357056866989,0,0.27562569224522526,239.4653664125381
43763.1260168711,4158.6011135569925,1095.06631560613,0,0,0.41034415417526965,0,0.37039281505098426,1023.6448131751737
25338.707894234605,7924.0061302842005,1011.1326644164886,0,0,0.46448300066134174,0,0.3132811474392798,969.3030165597847
47873.39337000803,2104.421528747883,1011.6109508129996,1,0,0.6938821076593722,0,0.48297917997944045,966.8816680683401
26448.187856972283,3633.9213989159857,919.388063838748,1,0,0.8707117844894616,0,0.30479443483648794,965.3937538949424
46313.228382186324,2688.6739068047546,827.1850151273803,0,0,0.5996623027422326,0,0.3258457381756865,842.6901453921311
51269.99679553655,6238.336328298874,3165.5380527588095,1,0,0.5227585842806365,0,0.45789168643929834,3281.0341754122833
48337.23830759366,6230.094692492905,2366.649771726133,0,0,0.8350781909528437,0,0.4452711939200453,2428.3224841599035
41015.79977885723,2693.340957480469,117.11928591069533,0,0,0.43173432544085744,0,0.3209334800450509,116.67997606087658
35224.38868484361,1110.4273747473717,582.7807633720697,0,0,0.7512282152310661,0,0.45892767162473175,632.6989949667189
31082.96508398187,585.7450750415303,194.62043711261194,0,0,0.2846441765811961,0,0.4338049776287629,206.97569567844104
55652.416289805245,3705.878999318641,1291.3368144400117,2,1,0.29059061299887284,0,0.49826007457997823,1216.6518183725382
29606.057357988284,3577.5319575182816,1465.5955598113612,0,0,0.7152443814117493,0,0.44755886194564753,1443.2197483516438
25555.207117160047,7912.924089798972,1444.1118620072903,1,0,0.2662004114204812,0,0.30809219921273057,1382.8527667283572
45984.42722039396,4023.515567732597,1163.5115619240082,0,0,0.3240409311603151,0,0.38565806058067714,1220.6833159237246
28446.358361762053,2423.1377718156546,494.3524019928706,0,0,0.6994952457282897,0,0.30492275949332326,478.97371397519595
26599.23803040647,7184.220807736006,901.4129572701231,0,0,0.5505629576810607,0,0.31022727006068224,926.6912301238926
20676.74885396282,4183.009622401838,547.6733784330706,0,0,0.6490371623034175,0,0.3436021722573318,524.9135557233898
32205.081926473787,4993.817264079334,1085.2647292547772,0,0,0.9815543300711165,0,0.3316602300687551,1013.9947614431735
37007.41971324208,1217.515328211595,172.26445534246903,0,0,0.7055688303455676,0,0.32369814883285225,155.35460081198028
40917.10073192838,3371.8730549733054,1362.0710281411464,1,0,0.6726806434010204,0,0.446541956675724,1496.813286223434
49415.6749315938,7581.677558553401,2218.467814905668,0,0,0.5041104651147448,0,0.42607516010152513,2094.0167165951107
44322.77508398952,4921.290381315691,916.3259399940665,1,0,0.7047020759995306,0,0.25917091099357203,977.2148348277045
35709.53336536184,3083.7639135684626,303.697923066981,1,0,0.21039962055899253,0,0.3224439398873032,323.26115345032935
35621.65188344336,5192.503854736949,1045.163360225759,0,0,0.6458561994741001,0,0.2970473689706747,989.9708867707374
44121.8896269822,7328.083171835871,2145.435497821676,0,0,0.25511788840846966,0,0.3345300225667079,2109.235644257035
53270.84195514284,2554.929503544425,855.8613826574759,0,0,0.3761377975507098,0,0.3749186306900447,913.3943113290298
39515.770393798404,4288.3753885300575,1055.683021447391,0,0,0.6504968017492436,0,0.32332353275957204,1095.758423407857
32370.429749475094,7690.179904338165,828.9026823336033,0,0,0.734360438807456,0,0.30670239927113224,807.3310028487762
26085.607986973453,1792.971074738395,487.4319749238252,0,0,0.5078372323205708,0,0.3336999223438524,531.2169615784952
20657.536827053293,5897.479441975337,2033.8126920371299,0,0,0.5351839327915148,0,0.42823357045114363,1969.683193829882
45995.23606452228,5108.607561522367,2757.615595006226,0,0,0.5984179246511073,0,0.4073491334978331,2598.814007540665
44935.742283674685,5597.563483554761,2379.906008526914,0,0,0.8072596861956518,0,0.4838745042237804,2211.751737049679
44928.362301279936,3134.1472300067726,1052.1608829621773,1,0,0.21410221727213383,0,0.3389355842472894,1094.5247823617467
36456.08664377533,2854.095301128237,1119.9532566431571,1,0,0.5576543990040231,0,0.4427833116585844,1014.4547583505374
54883.21695070101,5631.572529412779,2676.968816007317,0,0,0.2114188783254612,0,0.4317264652463963,2862.129810902865
32190.578064982186,2116.57463828409,1359.6829422475196,0,0,0.45531348850622644,1,0.5221142220896415,1306.4434965901446
49463.23084648646,3647.4105864425383,870.6446560264753,1,0,0.6158788970505795,0,0.32241354577639825,847.9742868723197
37535.08526012548,1911.309845396885,945.245984813057,0,0,0.2639354269339852,0,0.38758237573849075,1002.3069559837282
30699.79082384795,562.2863084249731,200.47524876343795,0,0,0.5881708223810977,0,0.39193529851244524,213.0722005164605
45110.36368781314,7775.43020028552,2337.803953248375,0,0,0.9396591229004074,0,0.33632790534292945,2291.0520951949916
42915.633424207925,3737.7723399231427,475.3060562509471,0,0,0.7482738701632614,0,0.25019117110052097,480.42269591037456
42283.67311120311,7770.122108148689,2063.6679018042205,0,0,0.8258021375014462,0,0.352569178966325,2137.633757471739
38975.34106467439,1552.4263982586956,916.7009663697455,1,0,0.664331374573278,0,0.504484367171946,951.280123736578
37545.283019398026,4905.250845931146,1537.4115355985036,0,0,0.9170871840377814,0,0.39437566637474875,1547.8828921240174
66660.46391444527,2007.305245934297,735.9094176371188,1,0,0.3174954336202882,0,0.43477124095379893,786.5555167586134
52211.07974235408,6425.55595222456,3918.3526888151227,1,0,0.5598288265637172,0,0.4761645814379693,4185.929561586044
46673.92273982614,6377.772415707314,994.0904863293952,0,0,0.6776265875059868,0,0.264485619916753,1063.4386125712235
39341.58989844066,1344.5536177948384,1010.8929619678673,0,0,0.8987802732610455,0,0.6185653291664253,964.0316383276592
50085.886407160026,7340.4833965729185,1650.3421610633866,2,1,0.4464081963696922,0,0.43820110398942835,1570.104348590904
44215.937316697426,1959.7223540241846,417.2994987875018,0,0,0.20090238221261122,0,0.42441478408813915,387.239084234067
38314.457033288425,5097.330061920203,2360.424963046802,2,1,0.9795312888345042,0,0.47627751673380125,2514.5131864862296
34357.22809680902,7892.2521506577805,5487.169041084694,0,0,0.22078184330629186,0,0.5762315502974459,5005.0228053041465
37028.99194804774,7117.974010747728,1441.952849620816,1,0,0.3218933817917874,0,0.30859928943316567,1336.778385449223
12000.0,7674.229464208767,1130.1170467293955,0,0,0.537637063558628,0,0.28517301482594876,1226.4505019599624
40527.2100715717,3069.490784135896,1026.4491959998184,1,0,0.5970958503982883,0,0.3785902234854429,949.4887804518124
32138.287038675684,1291.817316645975,522.7955112376751,1,0,0.8675727659433481,0,0.48570899798772044,483.19716281607356
57112.03997939461,1912.6015496708758,620.0079838972782,0,0,0.5582543599325311,0,0.3288218258084987,670.738194030588
38232.12884974105,4253.711713074604,2437.9978671542067,0,0,0.6379433093206885,0,0.4402698133465649,2345.4045522267484
23732.438965580455,6449.222587049916,2132.737438736345,0,0,0.35999989668169585,0,0.42345759193607346,2295.432700323451
37401.438150462585,1626.1523313790642,906.5842032903377,0,0,0.6553269593119206,0,0.569054168713287,884.4012770241725
25446.54697924995,5447.9864919556785,507.25138089956687,0,0,0.4787069943883605,0,0.2626207818179669,494.43208509428507
43680.888988549596,2926.832030296339,990.9822766784907,0,0,0.27898582502068187,0,0.4457577902795542,918.6767493595494
41491.368372073826,3059.015542941151,536.281965107612,0,0,0.9571703130789146,0,0.3637993709347872,581.181926753932
49494.07557329921,5464.382976184447,2467.667988722579,1,0,0.26534742835471026,1,0.4644617898885689,2596.8193156618254
28509.418499665215,4002.4956464991515,1237.8762066029167,0,0,0.742303144305333,0,0.3964799463032775,1169.9537824593501
38408.09715473776,6590.249697694954,2864.624196655223,0,0,0.9265545223422456,0,0.43050882866034,2995.1351619190746
21619.738454880375,1669.388822471203,201.86869552110247,0,0,0.343363723378435,0,0.34062697972439904,185.86828814141194
46417.93738309658,6424.612023252788,2105.857638249454,0,0,0.38969413290321725,0,0.42408795992274145,2115.8860967325204
44226.454165281466,981.7643604306566,369.65255928886984,1,0,0.5413654121139292,0,0.39650279148196776,351.485401289841
43949.660252330854,1955.4041018420373,521.6472833070914,0,0,0.4356079745488777,0,0.3066078647332179,558.2235660547684
38019.42837628329,5421.1228587737405,1535.6355200807518,2,1,0.8072265117897637,0,0.44615219653741867,1539.0535921570615
42977.27468946549,6911.942423833034,2829.597046996572,0,0,0.4705227004052561,0,0.39163256113190825,3067.9688414695534
57252.06929970316,2395.097208045118,1412.675289231738,2,1,0.9886684323348811,0,0.613191740410196,1436.7372703197777
34578.868915495834,2953.937043716847,1704.7229294416989,0,0,0.8870297860079759,0,0.528895225106016,1706.0788368698898
39663.74220452101,4528.405612150549,2473.6018216079306,0,0,0.916275307027475,1,0.5113867830597225,2569.5452160979453
24966.484409823082,2086.7960486697675,283.12435223322944,0,0,0.2509314282139783,0,0.32946708951632714,299.2041904397011
27580.868460820013,6583.671961906292,2948.1392956516215,2,1,0.34104676754326735,1,0.5592374014787712,2662.321771553919
39173.75951711969,6302.274837543206,2923.835832033671,0,0,0.3354947255350661,0,0.4578988466547448,2936.866526481353
51247.202560422884,1589.687839743362,313.9890240692827,1,0,0.7375717185405153,0,0.3363744023947477,331.3034712501036
34924.63010898113,3978.722988624741,1462.7653212394002,0,0,0.20952909934013386,0,0.4648277007108372,1435.7027232653097
35169.00164825451,6311.2082499096605,478.9396462588739,0,0,0.8451409599808017,0,0.2645955677425333,435.36760283435945
33117.377065947505,3029.971483275611,2011.6089363895599,0,0,0.6376368147402833,0,0.5399953679823016,1817.5102546147689
31582.919949868123,5248.301170382987,1643.5101707205265,0,0,0.6530504252699149,0,0.3044400303455697,1740.0994687419704
41539.65746850586,876.5984109317955,387.0119768711821,0,0,0.6298691377928094,0,0.4269272022434181,363.6423082857766
20032.908257856267,5065.165703969885,1848.8365274705836,0,0,0.6282767117786179,0,0.4022172499728732,1728.6313807245745
53371.27492000073,1644.8973500045527,563.3226037020866,2,1,0.35830885970684023,0,0.551964660065304,539.61355182416
30014.932422446473,6729.3749383583845,1607.9490319375564,0,0,0.4265437774552252,0,0.3040717241537672,1480.0104002083701
46662.841825257696,3165.8709768535887,1180.9793696136512,0,0,0.5900939662667803,0,0.41276516290590964,1075.4674841817168
22760.01683127349,2611.653970461468,303.7106662780186,0,0,0.742275598017957,0,0.2964019051803283,326.32244445843423
46026.08156655462,6806.667325336138,2490.5849427949656,0,0,0.4175630080147478,0,0.4401826107171061,2392.3481154306946
46063.33529377397,876.0801730385765,372.452983057024,0,0,0.8449079399980055,0,0.42267057800543656,378.59041169256784
42610.42486407076,3474.565995007586,2742.363279371853,3,1,0.8484745342248232,0,0.7295036017460323,2938.6072825657598
26066.857738402494,3275.0265543127352,675.5761762882124,0,0,0.4191035257248126,0,0.35307156225262243,740.0882616119263
40994.57827517692,2636.0028068716315,833.7522187311555,0,0,0.6480517444432824,0,0.36189451783037546,865.1830702466335
23803.325783187334,7338.157490011078,4395.304222077863,0,0,0.4791382836272501,0,0.4750919409598613,4791.025851515545
34966.84093884577,6131.962951375417,1842.9535337988725,0,0,0.3525485883498933,0,0.4688812220842179,1814.7643537457732
50352.957211463916,979.4237314395408,284.9528461420092,0,0,0.8447999646366788,0,0.35926049886321143,301.4541355947372
47560.42312484891,5860.155870762156,2492.163403010219,0,0,0.9931849746452273,0,0.37366184150766535,2710.2789094831855
38182.1953104852,4454.743498465954,855.4820698424883,0,0,0.6525753425538865,0,0.3182057005369906,779.0292431861781
26302.3210889259,7256.509208011844,4272.781552094408,1,0,0.9311573638877546,0,0.48811816795491,4116.781042472158
45747.05254609032,2847.0921301126887,1839.2113042311653,0,0,0.7137350460358416,0,0.49399219030520575,1927.5866831783121
38232.5748523763,4806.214997071872,2694.3793251706043,0,0,0.6525789612629251,0,0.5006127189451903,2594.8327351688786
12000.0,4255.664560557396,1071.9128071253303,0,0,0.5841159040379511,0,0.3708767990194293,968.3729699374255
47391.557915798214,4171.706796707043,1866.8704946080272,0,0,0.38857197335467086,0,0.37068764818683764,1981.505767047541
37709.20599356369,3920.7904963790947,1063.3017275742163,0,0,0.26740421702594813,0,0.37706897504399334,992.0015786185592
52429.41497579687,2042.2210664921097,724.5646837260712,0,0,0.5538687344134745,0,0.43903609801825794,698.6062461086165
24856.753773886343,6167.824418692946,1946.895741450431,0,0,0.6490479308390859,0,0.35341758318261524,2106.76531134871
12000.0,3885.020245544665,719.1161219739777,0,0,0.6075597233779393,0,0.27969780338355194,677.24344047322
41349.006300142224,7688.872062519543,1649.368779577176,0,0,0.7564565083272101,0,0.30519512265300613,1779.589663640037
41498.764120183674,2456.0632039458224,441.03273714830084,0,0,0.3536790268540324,0,0.31000535034457705,434.20086245911506
17711.940468722576,5620.578797202808,1219.959899774482,1,0,0.48336238313053204,0,0.3451317159456546,1321.9807291107597
26258.00544960072,7555.378097293314,1463.1441919121396,0,0,0.5324538170322131,0,0.2905270625011899,1573.4219638343402
71062.61292463882,5475.937422620694,3532.727412201332,0,0,0.3492186444626496,0,0.5224903596358248,3472.8433865984284
34332.67263015436,7034.5468071304595,2577.093700270665,0,0,0.9251713709377019,0,0.40482576104218926,2794.5346387874547
46771.50771651459,6706.107198177546,1530.0479502279102,1,0,0.7452091659303339,0,0.3570536700852029,1570.6617988387477
30192.082071579396,3200.882866167529,1539.955496936062,1,0,0.2734898770738943,0,0.406541628134767,1532.4451767865448
12916.365213762121,5000.929549546224,660.0375590678384,0,0,0.7702384318937514,0,0.27542522289848803,664.0889690556457
35956.901038449134,1671.960048585167,353.8497868525183,0,0,0.638230084816396,0,0.31375025700780534,322.9445841124559
34812.74527656674,4516.444120216996,2487.3567496748537,0,0,0.6191523734345221,0,0.558194437928055,2640.3744513598654
33201.461135979545,2228.164788607529,643.0259852220871,0,0,0.9918286200859847,0,0.4183170506248892,616.3361062207252
36624.30997392329,6078.026112143342,1895.368492258122,0,0,0.694560656940463,0,0.383407752831002,1808.2454794014955
41171.21925974764,4460.438164190935,1042.8645461845963,1,0,0.9173825543970511,0,0.29093775462177457,1087.7908146300815
36198.59658495432,3584.2052197374537,1832.894911998282,0,0,0.9308391520848993,0,0.51066673553119,1785.5358084347506
22831.925984631634,2515.9782212523314,896.9684758958989,0,0,0.28113490539268016,0,0.4529833244233815,899.5092728088127
43834.217498743266,7990.238613809652,4196.693638685197,0,0,0.20668980510365592,0,0.47857468228027455,4130.867558030088
14607.53893613092,1037.8289066369953,617.8849266872828,0,0,0.5482135275189819,0,0.49397310727655475,618.4577513138852
13395.710512589598,826.7051042931502,88.09517491067034,1,0,0.8154279848328181,0,0.26534190622099546,83.2001282940624
46870.165936418816,2129.430503703984,389.0148226585874,2,1,0.8593567642644255,0,0.45492209827205116,418.96397160936914
44084.24326562428,7783.043439708647,3372.2175577706084,0,0,0.8299952373071211,0,0.4652129616642891,3446.525477164658
37311.255619111565,7844.2862623998835,977.1278453004452,1,0,0.5578303668113596,0,0.2587796107088785,925.087653293446
21254.617942939138,5411.95801079102,2183.2671820752826,0,0,0.7999712948292192,0,0.3929299936922273,2004.9113263489905
29505.068711911095,7100.800004048036,3061.8044278170355,1,0,0.7750212196209438,0,0.3966674660521919,3083.523714026692
34847.03902776195,2104.7129813059655,348.00828211694716,0,0,0.451055400771843,0,0.3904269742212942,345.7893442596274
18849.27237711064,7790.315706324677,2926.2044645774067,0,0,0.33497644819110306,0,0.42504060819538764,3179.3152720154053
29131.656103721205,1570.886376046735,820.9050912405095,1,0,0.6971349737775965,0,0.524325745818428,776.6911854130931
45827.96405812016,1258.438911362437,314.5250308485219,0,0,0.7416691137456679,0,0.36229936298102766,338.52991095544337
55127.6643714706,1341.5865443545467,349.63931175352616,0,0,0.6543765526943264,0,0.3783847899945545,368.2746899334156
32966.782968097395,4798.459424544235,202.66083072265462,1,0,0.37054363719283717,0,0.25181399686240635,201.70851003364984
47077.86025179318,6357.308005385393,2501.655994701626,0,0,0.4213386562843646,0,0.4800819201248501,2688.6660742976424
15031.279152950392,3250.0038340597484,300.0093509128262,0,0,0.7667890171674716,0,0.2988433193201699,321.7227686654432
45913.41489336334,7834.219908395949,249.21498045575007,0,0,0.9700978912297753,0,0.2565638321669536,259.90239925271857
28352.61902327023,3758.151035887471,1418.5084631715956,0,0,0.9558684812447076,0,0.34034336335586673,1305.4678133380162
41688.14740049564,1628.3641307991222,750.3913056011107,1,0,0.6157265171338342,0,0.4731482916433008,699.3933782317997
35026.970981123486,3994.7506113960253,694.8905860632754,1,0,0.9092475798123747,0,0.34366569736573177,707.6210536823698
53844.96811740601,5592.778740668299,2334.007360206633,0,0,0.22356096024426658,0,0.48323384784539053,2215.1687648785824
27506.772219920982,6741.69335378284,4116.884723104561,1,0,0.8889216972781402,0,0.5073087725454434,4159.014692320455
45531.27557074197,3940.7621746744467,959.9181240982473,0,0,0.5809206587477813,0,0.3258939886763324,971.5877792522136
34645.9104404416,4952.051195368756,3157.8067583369593,0,0,0.8252218679266545,0,0.6048628529261331,3212.8123024027714
36100.33426388403,2505.0853411914004,1879.0724220274556,1,0,0.20446632766994544,0,0.5266126764069263,1905.3199097686136
35793.753282089485,5344.373948041355,2102.4633070420705,2,1,0.894848627495203,0,0.4899924171902455,2051.6924442089544
27851.922746070646,7894.789579627578,3975.546414246801,1,0,0.6759836979046996,0,0.5336745954695999,3745.1594650094844
37830.81240911994,867.901794408454,374.695507407505,0,0,0.3921843186017728,0,0.4780041975534711,376.08508896187385
37248.22133453814,7148.980030288758,1982.3568342626206,1,0,0.47798644354840036,0,0.36038345103685104,1980.4397106752492
40894.88298088075,4717.118770756421,1045.784115681486,0,0,0.36053286954498537,0,0.3367746775157406,998.7643342218863
39014.06174831435,2390.7399467172495,1398.1332382200542,0,0,0.5395246062767065,1,0.5027888356359773,1272.632120529302
47575.93459534684,7661.672825069434,3359.34445570491,0,0,0.46400482502441864,0,0.4782318517180923,3161.5256338997647
49082.103392568424,4125.157272941742,830.6735956760859,0,0,0.6276025416416091,0,0.3721505838071308,839.1101750081925
25392.520138066386,2987.676887550392,1108.1080003640593,0,0,0.8518275535143423,0,0.43868177051026136,1116.0019900875068
48425.27000708925,1861.2322120313086,516.0005220756625,0,0,0.985820212144771,0,0.4034410565634015,478.192074448037
23763.962874681747,2333.3915769249656,664.4312943070181,2,1,0.4011661125817376,0,0.49871922947947966,678.5241734925893
45054.27065765282,6746.367811935819,3316.929541111227,0,0,0.2852066101542578,0,0.37302772272844636,3265.6163293835784
45436.865416434426,5108.075069878743,656.0004667757563,0,0,0.516533799922092,0,0.3207620295058147,676.1620267624791
15064.197300049953,7349.34214616237,3665.5296003691606,1,0,0.31484342092083806,0,0.45908749311614844,3949.9784937464933
39115.75095835292,2239.7633911833937,617.2945400336697,0,0,0.8673921616674833,0,0.45955825844468,593.6580221045286
32378.046639676213,1408.5393038667612,448.0207078004787,1,0,0.6008999036290912,0,0.33382926384928957,434.3388186271295
28894.8169047755,545.656482316925,140.66938839032332,0,0,0.6959699059269178,0,0.316796587652173,145.6438605921494
54210.22796838806,4308.965282119953,2268.6552064756597,0,0,0.32049004342111503,0,0.49112480875753334,2472.4510069215976
30155.850312350973,7987.301977864911,2710.996417361713,1,0,0.7996870526692532,0,0.35387145114492025,2703.47221687406
28323.4768505834,5712.239516139793,1860.9526109148364,0,0,0.9788654495479683,0,0.49798967825193907,1737.8641789995331
38908.33928006112,2812.9594397385954,1823.587255550103,2,1,0.5859082011938113,0,0.6638943952511875,1982.2412059127428
46227.076955581,7076.439372696288,3198.275017815046,0,0,0.9699658438325147,0,0.42975090113272624,3178.9428979129407
36300.21696787848,6362.916994909698,1626.7725690927218,0,0,0.227772875073088,0,0.38054936618788443,1613.9859578915186
51996.446548031025,615.6137455740444,198.949785341108,0,0,0.22857817105148437,0,0.404274768843409,200.53376111522746
44371.70794356908,6626.453604057669,2975.2007992187255,0,0,0.9680103286075132,0,0.42600588506126935,2827.9309813819564
12000.0,2753.95067928872,557.0508166670363,0,0,0.7602124779448223,0,0.28954708921545963,588.7685569928699
31646.3964379159,1622.5509843770083,376.5961286454848,0,0,0.3509517816192038,0,0.30935726928587387,387.2194243145144
31257.894807779612,2197.4812980280594,483.49454359360686,0,0,0.4910998392740554,0,0.33110864477227986,527.4800017158976
43752.33144115307,4014.3485328135425,1277.836700769632,0,0,0.6062024543425382,0,0.4325454862779039,1202.160174354262
12000.0,3686.509453010083,906.5606633627389,0,0,0.7621101884549957,0,0.3852234884730435,928.1611886590003
68588.11650461267,2666.6547453067005,469.80786598681567,1,0,0.8736212481401837,0,0.416853755093877,471.3708313439459
44372.31313873052,1791.6374165527452,214.2266521214291,0,0,0.26612512377055575,0,0.26969550107216445,231.14001093408382
39786.52164701229,6216.730922316269,3743.220823104159,0,0,0.725259298791131,0,0.47292939579263427,3391.6327108173577
52178.812597029755,7925.823378011878,2898.0927848625975,0,0,0.5813691309103544,0,0.4079937866282234,3049.2577818672526
66123.8486337515,6333.436853147678,3825.6036096364714,0,0,0.6780978203544223,0,0.5390286721951064,3919.7591472728386
48448.95973506084,2719.527257536559,1256.5019984480475,0,0,0.6068252852890419,1,0.47618268533779917,1283.5291341606774
49385.75715765944,2336.0672105910003,311.4904639194385,0,0,0.5605544404075642,0,0.324364659102939,334.87227350808297
39568.280293572585,2132.4940704945366,647.8591698303404,0,0,0.36441023694377295,0,0.3950361832077756,659.4944750424772
36301.69095959662,1525.2130586677722,670.152834774536,0,0,0.5778687298871833,0,0.4258289562084762,699.0930842010432
32290.45467194119,4634.979122692259,1697.5528209480115,0,0,0.35172411043341567,0,0.3981528941286515,1747.0220110688506
28086.656099425494,5040.5027896500815,1822.2922397609275,0,0,0.2356891896221729,0,0.47562399454001186,1665.3945925480373
29755.830803606033,5791.26995497353,3420.468055776835,0,0,0.49905959275841777,1,0.46808407195410956,3155.6075547843643
21793.328427884204,5601.60028200251,3236.9593717842563,0,0,0.21996459099960328,0,0.5198157400786713,3132.403741978416
37089.54259177972,2692.4998346253683,731.8338682113396,0,0,0.6500359704175998,0,0.4187721794380229,757.5507536036283
17783.98907328336,2977.332540476349,674.5468951519675,0,0,0.25791396267214184,0,0.31134583082751005,610.6604628478561
40290.99828972453,5611.359015817534,2450.5904716422165,0,0,0.5500429138295037,0,0.4057649384670705,2584.194432373637
37564.032703491896,3120.8573058772126,1104.2892716906806,0,0,0.9841142699001821,0,0.4207263318301514,1038.696649174603
39763.22358064025,2094.673922144848,268.3942968372609,0,0,0.2079052164951504,0,0.32485370786138196,271.58924191003535
31734.42115976009,3307.5211527255465,1451.816462980465,0,0,0.4934836541250387,0,0.4348791457675015,1365.0433892246763
74922.32444216605,2540.631181834832,824.0141476415525,1,0,0.7386102847687204,0,0.41397557597730206,770.6127521823865
54321.390802163754,1162.3454091393337,278.68205652514155,1,0,0.32713352369592474,0,0.2920479945432509,269.4404745979883
23065.48999898333,6726.041767074901,4873.7373541193665,0,0,0.6485869132560947,0,0.5504232754990223,5284.601899870572
40794.41704912278,6898.335418677772,4012.780251906821,0,0,0.40655228689249817,0,0.5581655798931033,3802.3861555486715
30703.926284752117,2148.127251251596,1207.2412237011326,0,0,0.37821495326738064,0,0.42896755683103344,1098.2328759967158
25826.243279511033,985.7914964390131,425.8995699515402,0,0,0.9159868405967615,0,0.5265401476909228,458.4591086087941
21919.13514651278,6041.205780133846,1591.5887010352865,0,0,0.3626243831841282,0,0.3632875009421815,1572.1492665219257
43186.60028911105,2086.464693975603,608.8753543023897,0,0,0.5012413686122421,0,0.44559313796288846,623.6169966192828
29823.437179165114,3450.766170776452,721.9504794545512,0,0,0.33567800389964575,0,0.39068140814260766,777.6530513358373
49613.912288302454,981.0143917803744,143.4617205894376,0,0,0.42711019180297405,0,0.32481782457777053,150.7969064033561
49925.38657436527,2197.021885688264,1470.6644926641354,1,0,0.4344853440979013,0,0.5617124364450509,1557.8763760052477
54486.97262253739,6446.767087472268,4364.65615697813,1,0,0.4614184190056532,0,0.6304066739271298,4347.2791381189045
27771.35880711076,6532.973351864014,2116.1841017128063,0,0,0.7128535494613801,0,0.35313246218420813,2195.4741376108645
43704.387328304125,2053.136186657828,1262.6794147002674,1,0,0.7940741944892278,0,0.5223286300524049,1379.797119666106
45589.45059970761,3019.3538383001714,744.6023567223591,0,0,0.6085357756249907,0,0.33723084021070315,802.6499282072699
32309.86189875242,1506.7881432030767,170.9232206148655,0,0,0.6883807847367073,0,0.2676885438502798,174.76651330220577
28738.736511285497,1056.2947271369178,636.6323708303753,2,1,0.850614997586657,0,0.6671640296617258,583.8393224783998
57314.247989311676,7941.287858363071,2517.379023501563,0,0,0.9996485290723354,0,0.40819510241003226,2758.8971005323842
40729.95050878465,5416.9546343362945,1854.1712534062663,0,0,0.5652047890749784,0,0.418344637700134,1752.372402598381
45631.61300854085,4565.723818987391,990.6968624980981,1,0,0.9491475964741165,0,0.3621092978274275,963.1074811674347
28135.08785806487,6241.238753039746,3189.246368500729,1,0,0.5922960744228052,0,0.5111701338279695,2959.8455866540344
23368.586401733675,6800.578697657931,4067.7170904197505,1,0,0.8255998019932116,0,0.5116037179639804,3796.492561684613
31166.602706094673,6550.360760335457,2734.073054854722,0,0,0.6585784361186455,0,0.48101909320476477,2895.808913198214
36511.74335132004,624.0458696740745,187.7349242491097,0,0,0.9072313801897327,0,0.3815762704932298,173.77749790380105
25229.359918191814,1901.0592364287386,619.2388195658476,0,0,0.5589625612934075,0,0.3967173831558472,580.7686606253715
37881.8622961954,5411.789765883733,1519.7976665455078,0,0,0.7566520010377364,0,0.36121446729205725,1419.9442464012184
17737.937743178,3318.195108529722,1961.353663063139,2,1,0.5730521753745503,0,0.6091764493108851,1910.4316618900707
24559.430930361534,7868.619882958303,3548.362690558093,0,0,0.8856219210693534,1,0.46498707075599505,3686.5261178907676
46050.9349793225,5490.535944786905,1464.813254085554,0,0,0.9954949433139062,0,0.36824068336197985,1506.9521130890587
45245.48624333473,7674.116815469049,1656.6456880442067,0,0,0.39465199354072955,0,0.3141803431997245,1731.093861803601
33297.4788153576,2010.8486123434536,314.9650905543184,1,0,0.5794711705658042,0,0.31120047113478627,329.25265526633063
25786.828291076563,6979.677710862673,1206.6873748243686,0,0,0.2650053438083097,0,0.3144805805894011,1086.7428200921092
25671.157381687866,2910.14229361419,330.06182320401837,0,0,0.3127963555310313,0,0.2941314776603953,342.24373249490327
33520.78104870423,7921.736061783551,2357.622380582111,0,0,0.9433201457964575,0,0.30835376565659284,2444.6528812300694
45734.2218997435,1682.6650405486048,688.2890619419924,0,0,0.634891021192753,0,0.462702576944434,628.0103234626546
49138.94829613189,4372.548641287449,2363.6143078533287,0,0,0.5160928137808495,0,0.4858251872189561,2329.1628408206716
32041.619174216372,6446.334003778415,4315.671947116466,0,0,0.7371860234460426,0,0.5639391208630723,3951.9878275479387
24158.090888182596,3744.818604530269,551.9170516011384,0,0,0.6481290306560896,0,0.3360440392407177,517.7898132940519
41214.123654396,4010.6304514073504,2039.7833436823755,1,0,0.4309741783737806,0,0.43443961802305253,2035.6021436843416
28117.580352489807,7897.6684662930575,2210.712611108737,1,0,0.3812916050081592,0,0.3999026176101606,1994.9523944524126
31780.968333665573,3689.81112725865,1282.7033080705166,0,0,0.6721918000072842,0,0.36375340888021784,1178.804328612749
53903.31308524445,5030.540754492977,1263.0420412454114,0,0,0.3506124089691238,0,0.3752978383090509,1158.1896494890518
47925.385142789215,909.0474550636302,417.8877049279715,2,1,0.3113376806177488,0,0.48361277993573415,386.50802437323637
39895.69174701742,6816.57560157695,1109.091450104134,0,0,0.45471004997364883,0,0.23320339892529846,1009.2249607706484
22736.971986647324,5361.2603673465765,2599.153612581321,1,0,0.8890728505147747,0,0.5037360393258812,2657.4146937623645
40536.75880964791,3530.1507714711015,783.0472345666477,0,0,0.2294555527382631,0,0.36995596408377845,732.7124424783931
50751.88748945032,621.2715496588982,167.14761269459063,1,0,0.8666130028981514,0,0.36202117149851487,179.2692585005046
33492.39601081357,4937.516154451279,868.8767428374213,0,0,0.6967790689839681,0,0.32564903073662554,935.7455426205241
54213.36907984058,594.9337136312165,124.94179211414482,0,0,0.2322982060455887,0,0.2784497398083269,129.71541289311747
53512.94347421848,509.0271043176343,381.8910160772302,0,0,0.6816311331106333,0,0.5840222298194377,348.66313848606853
57964.793985721684,5120.73921612016,1504.0674589708972,1,0,0.5408155238019092,0,0.38342503821812235,1621.867147098051
41662.917518376235,1917.6280050091568,1527.975739254115,1,0,0.8729020864842747,0,0.5882258067555444,1503.1260429692109
45048.700397672146,1939.1566228857148,483.0934019984267,0,0,0.9257589685304366,0,0.35242219842933703,452.2831066074216
54970.24745997308,5399.536743745578,619.7713391647088,0,0,0.4291945289580933,0,0.25929461335779624,654.327149378467
43368.72724482771,902.728909545307,261.72955341105785,0,0,0.8273360072448959,0,0.3180219365842646,253.704575091752
31985.190706517446,2850.5417110591725,912.9672292643521,1,0,0.4478422634567516,1,0.3978328966907316,914.0760601522373
32617.485961665665,1620.739266065143,970.9996831632842,1,0,0.43650836587107283,0,0.46668614742056863,1018.19815664328
40862.65944528487,4851.322773474004,3004.3271179985363,0,0,0.35411067256386225,0,0.543782071239768,2764.654120035167
22513.262936645377,5463.238660455469,1090.8667860387625,0,0,0.7427912226259343,0,0.35028403373105754,1018.7722182959984
36280.893015629685,5908.518901992827,1141.6621049945697,0,0,0.4093483832214155,0,0.3749666539396268,1248.649504476814
51158.56541876304,2414.2341268892405,922.434402137542,0,0,0.5718866736183363,0,0.43170819680864625,961.8305812375501
12000.0,1169.37313727438,382.42902783262804,0,0,0.8497024699805733,0,0.514838475215297,361.86395799862106
56413.785221534185,1090.1274270642339,157.90632059517995,1,0,0.833530273365914,0,0.29918435686212924,160.23658534882094
51468.490624437916,3696.1366133804286,1503.481387933018,0,0,0.8843540874363118,0,0.4446531634124574,1409.6604446771573
32482.824610034284,7593.833067970363,2188.7968521512025,0,0,0.32885161064338037,0,0.3510613291166624,2348.7815909818332
44520.68993446171,2132.9677568526845,535.804266514718,1,0,0.669514209825874,0,0.40064748116384535,530.2978250432467
38037.77272287592,2425.5620100616197,1661.7771089020862,0,0,0.9318718758741582,0,0.5608470994992856,1763.7673008150778
52759.8844212642,1256.6660157939418,435.42999955252714,0,0,0.23364006904163645,0,0.33165737060483114,476.5272725364336
49792.19771323929,5041.777054204477,3727.3270272207296,0,0,0.8356214183986974,1,0.5457062894023172,4085.80263579823
21199.15132180389,5599.046554603811,1849.6281233517157,0,0,0.3969897713496927,0,0.3882393542502595,1715.5730913675498
45047.14896157012,5321.9840612057,1555.1174795521526,0,0,0.7357228762007795,0,0.3272812456221961,1693.4625869885872
35532.46575628103,6958.47682283586,1013.2540821066053,1,0,0.7739240352232786,0,0.33315968780924476,966.7030276539632
38993.9908462172,4148.193762695538,975.0193002031667,1,0,0.9404681266324544,0,0.29512925406581403,947.6451058791333
29261.937188362215,1508.4278057529832,369.66391330101544,2,1,0.6070395379383721,0,0.4477629176808659,337.3547368190581
58977.64482945002,2670.538480283095,1482.436984280395,0,0,0.8785848864724344,0,0.48356281489129743,1525.6047880345377
50480.74183883091,5468.2248006601385,877.6125003831123,1,0,0.23625441007969716,0,0.35806410864400273,902.9083199458228
29122.746032324394,5098.414803061699,3298.2250144215727,0,0,0.5364342242058546,0,0.5278789985956811,3480.9723845089393
21984.672717077206,4482.523473072219,567.3741067791849,1,0,0.5516151429351394,0,0.33644074323735773,618.0133916083597
33371.92842826582,5622.233140165154,2591.529415566317,0,0,0.6306227806749034,0,0.4694369387291245,2554.2977451616694
43214.03175309567,5280.431377799745,1092.100852942918,1,0,0.5850723798142881,0,0.2928300214279225,1071.8826092551528
40882.470127354674,7109.936670987137,3412.4206254758014,0,0,0.974369216706364,0,0.549956080180048,3507.3643604995805
53037.59389721892,4895.122831087225,1581.788121550517,0,0,0.2628316566784621,0,0.4343499425103841,1634.7496590420046
47479.03666617023,6339.510190254174,2239.734088675226,0,0,0.412013329543301,0,0.3664041780685497,2215.2055723078674
49634.828309034885,2365.303669748509,404.1485118893476,0,0,0.9749030251596353,0,0.2800927815172337,438.0426950882137
41922.26480732525,5586.36938441801,2861.7958735993584,0,0,0.5562420369672232,0,0.5248039306241938,2605.478096850248
21328.415237468118,7266.455887870068,1583.8705951052673,2,1,0.6569259617099081,0,0.47969853073606067,1665.0919976239925
35651.61762623718,3392.9924592487496,548.7262877550954,0,0,0.26482043544676603,0,0.3454600640774153,516.6744130822632
50721.07687890399,6343.281405039849,4311.757971720148,0,0,0.4272407039699229,1,0.5129437983175045,4307.73026959561
37381.72485770425,5935.919758965765,3733.2571733710697,2,1,0.2317213589292127,0,0.6042101379840528,3995.699870562276
44037.084423484965,946.4464765386685,513.894672063132,1,0,0.31000387399023055,0,0.542365722312678,496.3817393601817
34175.0202170464,4861.312322180543,594.654101009279,0,0,0.7066518542305633,0,0.3244251974344328,642.188932158193
25642.25781749786,1476.420119006018,384.0067620700481,0,0,0.8108979710826114,0,0.33336881298981585,380.21917784643693
36519.871231446676,7754.893791729433,765.9230262956349,0,0,0.896067901519809,0,0.34602150242139285,796.9816113946704
41708.56931639185,6585.556270254921,1979.8422722421108,0,0,0.4011715044369803,0,0.46109254820453693,2068.016906781259
30131.747366462674,1322.9285093534008,560.5319804309892,0,0,0.46629107328244707,0,0.4175801875957995,533.7176451253506
35171.46506171998,1413.139982357588,713.3503701524534,0,0,0.6555187019525259,0,0.4463026385902696,770.512217908812
26726.441096168208,4958.553911844642,1506.4354747075827,0,0,0.26694869077435623,0,0.4428025488016082,1393.3356615900695
51430.93901076915,3086.668806298875,589.7175453188441,0,0,0.8453746081511153,0,0.3976432239289843,600.3408494128537
34466.53090894359,761.7939430483195,260.9908499201866,0,0,0.5866336469670552,0,0.4650227254384834,283.3843033140752
55433.0665415142,4562.311308747898,923.9038315078985,2,1,0.9724060421557108,0,0.45354754090945687,837.2404182042654
56344.9742064909,3408.838247643852,2010.6896987142877,1,0,0.29385280722056795,0,0.49185932411348676,2023.2569377261414
37027.448423339076,1258.0736927880698,487.5182132933146,0,0,0.3066323047535182,0,0.4575676078568012,462.79498191653676
25898.615209431802,6514.40294191987,2319.4279329192177,0,0,0.47886182729365717,0,0.3939643942078051,2176.763052521946
12969.225467199954,7363.075739591045,4433.100138663632,0,0,0.36540975950295085,0,0.5023062797501276,4197.05217010971
20335.555123678503,6174.454505105975,2647.838676626549,0,0,0.7572721190354059,0,0.4471698828013827,2861.0887896851955
21513.98210121608,6668.16732512208,1041.0413452671348,0,0,0.9574483660759499,0,0.31820654756979616,1025.5331329679332
54541.635529538056,2123.6792544958803,523.2869116163426,1,0,0.27192360796409365,0,0.33768498393362745,495.6464434377763
39389.89504672335,2476.7971318895075,958.0715496191694,0,0,0.39378906648997697,0,0.37866595412880283,1039.997680132419
42675.254289103854,2063.956552243908,481.35855327443784,1,0,0.390318518426116,0,0.34408060462514767,464.18534860350803
12000.0,6237.97573524173,2571.7166842177867,0,0,0.6072584511697698,0,0.40753562568658763,2686.6552268067767
23624.40284939286,7609.378092008728,3944.4135157569544,0,0,0.5616203539190399,0,0.4262877375691096,3973.738288964098
48644.957317355445,5876.279050504269,1521.9886513329495,0,0,0.7814929649806575,0,0.3710641643632038,1576.5262958770747
41441.28934859103,7111.00073659667,1300.8883094921373,0,0,0.7861049766595132,0,0.3378643862213997,1218.3277556371377
36233.536655772834,5290.243211623794,601.3894848044346,0,0,0.6582035707644913,0,0.32889910580051845,622.8623841608811
44778.10830320147,3407.449254190993,1526.105079363415,0,0,0.67281780735361,0,0.4556271309552616,1649.9703256070225
57629.573673629784,3693.2121119772887,921.1700843156101,1,0,0.8738531119091741,0,0.3580410311695819,847.6432228679365
35347.490437555396,1064.9107412555363,538.2286484140075,0,0,0.5175491502019535,1,0.5047316514976135,519.5554059284013
38832.437631896835,735.9289643451956,115.66294914302517,0,0,0.20987435863686202,1,0.3249549520265596,126.59551419952477
40311.16302477566,5716.067031418081,2201.5573998331033,1,0,0.37042423100220606,0,0.4330625972343517,2080.558237437161
66705.31562328791,3788.2166900838547,1464.3011683241805,0,0,0.22828968855057977,0,0.44435694537378145,1335.3128691144302
12807.724826971695,4641.613010409721,507.9314170371454,0,0,0.5147969782392363,0,0.2748202135085039,462.73150819109725
46198.67617746569,4682.459357168123,1326.339135555293,0,0,0.48626850034373464,0,0.4142428797094796,1266.733262198706
36622.37301489124,2580.3185999997604,909.6404931086671,0,0,0.27890394762767623,0,0.4084332711659609,908.7077935721378
44801.260714210155,4069.19383122118,1355.1326216902296,0,0,0.8040204726939721,0,0.3938991171013672,1292.4787201616227
30111.529352063306,4030.7016625077667,1836.251737878074,1,0,0.6424485872044824,0,0.49130201921950434,1755.7882512221634
37412.4196296986,3413.2041592089276,1734.956944711402,1,0,0.38056136455873146,0,0.4580001701863112,1849.9587818363866
46536.92695358594,6655.065375508028,1328.5862862787021,0,0,0.8073008606924879,0,0.3222166395698322,1399.5169043494936
75354.9224125261,3883.7300276569695,1909.9106345129399,0,0,0.7343449536335964,0,0.48946040526591383,1837.6572514028685
47696.43427282486,5027.333933794908,1228.7439136780035,0,0,0.35327611183910324,1,0.3671263485062562,1190.6252201475263
27823.212823633898,7216.400902856196,3198.2973150635758,0,0,0.986310664511689,0,0.5810445075715461,3498.72810368394
32914.88381572756,6996.752171441918,3141.2694103711488,0,0,0.34194085268442165,0,0.4921392660148703,3424.081470953324
32559.030699393752,7178.166528343739,3887.6073603235873,0,0,0.8173602111666269,0,0.39800488306421133,4255.45213880473
16452.28192843982,2525.037473487605,381.01039341132247,1,0,0.9746291864880889,0,0.32912979962446826,414.47833588989386
34038.91769958275,762.3686623104712,225.4873551643204,0,0,0.7804017441693318,0,0.3093535193874358,231.26375938768757
46793.94898186094,2458.000999214969,536.1148859223791,1,0,0.7326216554801457,0,0.3315527089376547,515.5630258279642
22709.21457107846,2590.305092155315,1392.5306963979885,0,0,0.9226571574549904,0,0.4989582093947018,1523.2882529246974
50581.79181260711,7320.20245043726,3531.1014549210395,0,0,0.4153057551085378,0,0.4486411231611288,3702.5846424859856
43853.29785301206,5369.320496284779,3009.645093906879,1,0,0.4217246003726547,0,0.4145863414650238,3136.8002773689236
29189.200136347547,1112.7796970167155,276.22855595077726,1,0,0.7129283109635107,0,0.3640757769414302,292.670743779177
36301.64435194583,1515.3394700832587,296.09659106018364,0,0,0.9057102237532384,0,0.31542632407422017,301.9278049393617
57179.86169169239,1667.5709415648155,628.0762596442188,0,0,0.693899318690854,0,0.44515603462301995,638.5349628736694
46802.57376207039,5228.163111266924,2588.669953835845,0,0,0.98163900504761,0,0.39693747809685376,2516.8766793538075
38105.403858777776,6015.605191302523,890.0979875058533,1,0,0.3783218474934022,0,0.28748837371310587,827.9224364896739
35147.80019646819,6947.3293292404705,1807.6776733611966,0,0,0.8607036822861704,0,0.39967435700081455,1785.4527221970075
38919.30884541992,7554.774131046823,2739.1345197669257,0,0,0.9418109186009471,0,0.3239602761507926,2748.6529115411686
31858.83730469236,2012.7841803983133,817.8839602396718,1,0,0.5416019183619394,0,0.45191021801350095,879.684931679164
12743.005931371823,2823.293635430368,865.8209141666911,0,0,0.969586021385864,0,0.35683411315251495,848.7816434638877
62506.134926416766,2302.42160558623,1015.4698374139823,1,0,0.3617180963644634,0,0.4391145407666644,1093.2586487594358
39863.89999039282,3190.711755996033,1558.400336226497,0,0,0.9622671466102053,0,0.4240238751819899,1501.5242706621777
42777.767181470444,7359.988305678121,4856.405586397512,0,0,0.9222464475645487,0,0.5343622606556584,5288.312239405773
37305.107001477096,4813.344252045212,1573.874070744198,0,0,0.2529166977302053,0,0.35529429388144884,1428.7425533477149
29178.598391304942,6036.439229933743,3188.1771726432767,1,0,0.6170652864179491,0,0.4386693242235261,3204.3300681541655
35768.90622861475,4175.894270950865,1045.343395866852,1,0,0.6230712411976456,0,0.3949988057463001,1008.0437757365538
18807.262853668264,716.434350020934,349.9110774629698,0,0,0.24557874151986187,0,0.4643976268494846,335.52364790606316
65325.03797663965,981.4661449836075,312.941486105689,0,0,0.2316249280859835,0,0.40314382959770506,286.61637997101803
23185.85601893125,4534.422734509143,2158.6885426363174,1,0,0.20407742465163273,0,0.4668974292716864,2236.957596317163
25616.404593833846,5890.917761150193,1906.4289980323654,1,0,0.6196070747351188,0,0.44710632583447046,1865.4593762341735
32716.889547363193,2114.978956465486,334.47109899822743,3,1,0.5710524831753327,0,0.43643998986649457,364.51015372902395
53456.90869822853,5914.32180494228,1847.812651990821,0,0,0.9523681548451128,0,0.4112208072168455,1926.3164744876226
38174.10799115185,6579.993301126343,3402.8300680885623,0,0,0.4738450526864808,0,0.511555522511661,3363.963634072147
23166.37044763445,3589.2310877158343,852.0289792691582,0,0,0.7265819164250804,0,0.32247139959810744,873.721260893433
53052.060329088075,6098.144246330787,1779.816459368331,0,0,0.20605073171248592,0,0.4524456388231746,1625.3288099353372
46772.007521425774,3530.2246274634495,853.0448369723513,1,0,0.7308307566401842,0,0.30536765843230895,868.2526123199327
44461.21948659743,5587.62972091265,2422.7248798845894,0,0,0.9307680192215295,0,0.45683726243713335,2503.2318984487915
46588.81089405008,6229.977869896573,3093.1346906305957,1,0,0.48381436533204625,0,0.4849226228547086,2849.497380547323
66732.34280698941,7939.449637310831,1909.2094867992312,2,1,0.45124568142690047,0,0.55333846355582,1978.8688855109215
64221.13874043335,3090.4749654769707,990.8718447810937,0,0,0.7008238918980401,0,0.41032521754242574,985.7207764901736
29759.415883960457,3582.805854309586,661.5294546199951,1,0,0.46284165236598906,0,0.3022246566189808,658.8326942315588
57486.619913733826,1742.150445576285,740.5701088430673,0,0,0.5219347003812089,0,0.41589747462068055,773.6850847654345
42598.01827710681,2030.5479380135516,503.90232097439826,1,0,0.4184932326906299,0,0.3438021942660115,498.8438358746686
43989.14979365299,5700.462519487833,2810.846265810369,0,0,0.4759113650231484,0,0.47624856005980876,2661.504477556906
17692.75002028006,7377.8419261585705,5179.862067966618,0,0,0.7435284899449022,0,0.5734125520794158,4970.889724568811
35955.37081534165,3459.537137459304,909.5341952863714,0,0,0.9379001491409478,0,0.38424867040964633,952.8919105979714
28246.11691596122,1848.8333512665592,90.50383357154911,0,0,0.6664923805727734,0,0.27308522749879427,82.73852598222413
47936.70577871971,2638.2462453724556,524.8201064026803,1,0,0.20802675914266378,0,0.3606964051632324,560.5945194688362
50852.96600483366,3912.8877860610396,760.4094423557805,1,0,0.41111404943901075,0,0.2917809087116923,772.9111103024983
13106.163787804264,2679.877470240263,1095.8030806302093,0,0,0.9617908229219596,0,0.3697055781797159,1145.5461601794375
37735.58163194876,2251.843123413997,1117.3353313516748,1,0,0.9282574110640824,0,0.5173665520377198,1082.4046966458782
51462.33805753103,6019.883665678097,1682.031558618807,0,0,0.29251779168044173,0,0.3120926408715524,1588.760218714197
35759.85245223866,558.8369093046739,212.21157120575742,0,0,0.9267336504538621,0,0.41736583992248233,225.13846904244085
46748.76374002837,4544.228955023624,838.1399342715686,0,0,0.9716232184311362,0,0.3004691130654704,771.4589499985518
42213.98561152501,6453.251052723154,3067.6167763493454,0,0,0.4596575166082719,0,0.5343796295431764,2862.6104109291336
42099.92278343152,2496.712147381011,424.0981217697313,0,0,0.760805447522614,0,0.4018440630312413,405.8552023792224
34744.22026318043,5024.68632959013,2071.469284182741,0,0,0.6479859324109039,0,0.4360366968008402,2009.8317741024534
23401.030350371486,5516.750792139634,679.3223182030869,0,0,0.4696397268406231,0,0.2930075941333865,639.0596243955453
24541.63823089967,5412.685223038175,2196.0698846677105,1,0,0.32266862473481606,0,0.4224917638911046,2377.302555732003
46512.2301734638,3843.872256490383,538.0212499646099,1,0,0.49353617928435756,0,0.32071620411321156,487.14370472305507
38233.4990662266,3099.334909068344,87.83864352994347,1,0,0.94223725715081,0,0.29696419193831813,93.16985609080133
36337.8530647133,6769.430547708601,1219.1842248841347,0,0,0.848998700458677,0,0.46575929689931406,1197.4997754677258
32913.31949213177,6188.3446774989825,4513.8120748692445,0,0,0.46453962451432357,0,0.5358812854089073,4817.242587909071
34337.73385423098,2909.413800604344,1307.8730616853277,0,0,0.638140281608656,0,0.4619686652590244,1385.2900223579259
50562.94153385767,1272.6439583165456,726.0274071960208,1,0,0.5247693429676652,0,0.5005320197236823,670.9999577869629
33977.07101758368,1038.556590841019,189.22866598070678,0,0,0.5729902783942489,0,0.3111697622160284,195.52676408190158
21907.223440381174,1207.0698342420203,425.5218310140799,1,0,0.8089685488044014,0,0.3912379808727327,415.1770900140584
46923.82130648208,4871.520208940321,1047.0704366136733,0,0,0.6344049607606883,0,0.3422872697445543,1114.2950203521125
35541.4800336234,887.4663187174226,222.31375242006527,0,0,0.34483557072943327,0,0.3705930852530985,237.9210049297677
38376.750386393316,3026.951562230288,1431.0249581377113,0,0,0.4152285022436313,0,0.47776277306242065,1342.0284415717879
57290.93967679412,6148.99776435672,2778.395087110633,0,0,0.6542350895020819,0,0.4733096582029612,2766.530454331427
37753.27331179391,2707.6112488653357,1412.3154674597508,1,0,0.7542556479433598,0,0.4285944092100315,1438.9810422967028
41470.20407742471,6224.810578850974,1928.7856205023068,0,0,0.6064963419060634,0,0.3624973847528342,1945.7883109114514
23852.918104420096,6091.002786552915,4547.477929226319,1,0,0.6961684258729561,0,0.6076606784920875,4321.714630132365
35363.96657178848,2343.7034947491225,993.9541886270722,0,0,0.831501561260384,0,0.49841422265982144,948.7275077237099
45314.31254250321,5966.166350695591,1769.4509243864204,0,0,0.6363135329664495,0,0.4025433049289525,1896.2113872924813
19335.515193905092,6108.324787040756,856.9767760219999,0,0,0.9817531600418394,0,0.3011262115771771,776.8837616940172
40410.14111738851,3480.9044425027014,1311.701683173757,1,0,0.3884549214421788,0,0.4385007270515111,1249.3599145151495
39209.492871737675,2078.1536280613864,388.6832234927972,0,0,0.935750600312043,0,0.34438477619851404,367.15597504143244
38495.44946704927,4409.531051689019,790.4101157655839,1,0,0.39812783583788625,0,0.2887454637911801,769.9650575711919
50445.906783898914,7410.481910001473,4183.019557357719,1,0,0.6253156611469615,0,0.49696334874773823,4338.713583803434
42013.26217818226,5297.1254932404645,1401.0268458007035,2,1,0.5647254166420879,0,0.4759044965307608,1410.0664203544434
55736.862780277326,1796.918732204459,782.3659327259895,0,0,0.498306615295524,0,0.47471326220081395,788.7233687601716
26076.925812871566,5620.676935501399,1957.3040751841315,0,0,0.9701877348806593,0,0.46357574757641445,2047.8441372782977
39631.094806620174,3704.0227046137593,947.3823497339989,1,0,0.4178412486927922,0,0.4366769018596654,1006.5294477870488
39013.60143667937,4936.465980165298,1468.168956178815,0,0,0.7398952834744494,0,0.3169822081519198,1368.296615325288
25168.94607493904,6005.480262673309,3085.5256215371182,0,0,0.8432548576102479,0,0.473668751720987,2843.6392416314247
49475.540025096154,4362.105136358336,311.72312294282835,0,0,0.3576054764874945,0,0.3419909583517484,299.33018528413334
65896.07967023381,6604.879809299815,1461.0412718477312,0,0,0.9785223411244257,0,0.38047779596008136,1556.7550489263078
37795.92710619403,5916.166844874709,2855.9479424216966,0,0,0.6373123805646396,0,0.5001152049497518,2879.7914332275886
44060.253059285205,5113.05005013883,1271.8182466833687,1,0,0.9315925292904452,0,0.33278023945118806,1180.9660957643744
39014.221709783924,1630.9461187426361,138.22186087468833,0,0,0.7311048477310724,0,0.2605527549130706,128.92610270746115
29436.98396111389,6769.618331836762,2405.097434779141,0,0,0.719541480621418,0,0.43623213954735557,2596.672610807106
16150.876666375807,7519.29188989862,3729.6812070826913,1,0,0.47646887139214655,0,0.45407106463772257,3630.4483663944566
29530.71820285562,1527.2384285697112,292.20642085128713,0,0,0.8164721147408704,0,0.29068866838261714,277.9046276905585
21296.499428579224,4161.80847075073,677.5425103184065,0,0,0.22382905375990214,0,0.32733285036960824,703.7959631333991
58449.22493670942,2441.665564778784,1087.074283259232,0,0,0.6446563856958123,0,0.44262047820794614,1165.514169907891
36618.68367292113,6158.924805691735,2284.90457388928,2,1,0.2257112505627478,0,0.5516956277688262,2258.5870417886704
33848.96805143395,5912.2222700352495,959.4123666187692,0,0,0.4454974982230578,0,0.33947362495491445,1015.2755259879069
48669.84589745367,1556.6384042779903,814.9499886865161,0,0,0.277036624169192,0,0.5629661407804363,803.5467269117553
24538.986765729343,7077.704534462278,2408.2442805463957,0,0,0.9292728226808862,0,0.36353193337690354,2500.4433904338475
28797.631543945372,1857.297979835017,386.7302910772192,0,0,0.7026082932310833,0,0.3454372376804653,392.5171537033688
38816.86723098345,6479.442692360806,3561.0160405614556,1,0,0.7348084934993313,0,0.5199421962754257,3841.9423217170743
50345.227897081764,3927.3526972100367,2289.425819473889,0,0,0.8809027394328497,0,0.5334563310085648,2209.319453247451
44020.22054202546,2962.0422016861344,1042.8345786041816,0,0,0.7864259802099645,0,0.4186934754801129,1099.2350847066052
40979.901710190585,1686.7944700566013,225.35308224129562,2,1,0.2993564609178875,1,0.3404290583248512,233.64325200076323
38937.41282283219,1757.1069210997205,1093.491855006395,0,0,0.6940306666076461,0,0.45155046694072726,1167.5920664289536
42802.8302663213,5464.179160256752,3796.7861138732856,0,0,0.9825365843143767,0,0.5196880181400799,3878.4477683853925
40419.834861551055,4628.2279096034035,2070.8647149552776,0,0,0.3712927127413713,0,0.4712068218817652,2054.355034613513
25640.332702676773,1415.6406623842454,695.7359267298948,1,0,0.6957711448953204,0,0.3951905070290027,633.0437333253533
38552.95065959782,1345.233953287439,222.085645202544,2,1,0.6508914512970658,0,0.4507246703271076,237.17407522666218
25115.73609298697,1042.329310795936,321.2557020266878,0,0,0.5133168366358483,0,0.3765775528474621,347.5944643099198
38972.990514809884,6078.25510530158,714.4201431601566,1,0,0.9637083069325505,0,0.28945384181025796,707.2263988915747
32232.224702141102,5839.115639219669,2722.0590666405756,0,0,0.48512030849200505,0,0.5374918958392297,2570.855504187893
68472.57947339433,938.2324314093137,439.0956322278967,0,0,0.2749443541489828,0,0.5321242604232683,452.0186975266251
37521.267394979455,4702.025566977297,1281.898966820054,0,0,0.9700343870353045,0,0.3457393931801686,1184.9106099397522
21149.125204860935,1135.0711643201744,442.86652136666424,1,0,0.7833761654523452,0,0.45657210855200775,402.1978142624736
36389.837471876905,7278.093279567062,3133.108033261285,0,0,0.473959900494583,0,0.44524977708132923,3001.5839431003556
44232.30494765466,7303.380643850994,3613.366896584896,0,0,0.42440930007177136,0,0.5068573883270133,3743.3851940641366
58080.36735383028,5736.7474235984755,1541.9352748060767,2,1,0.9424213316880479,0,0.45530191848067764,1638.831484205869
30926.57120073538,7446.416910795875,542.8652107241155,0,0,0.41883998076815604,0,0.22941904899531776,505.6088960105652
19010.86431171632,6585.897728102679,2112.823358023017,0,0,0.6297261381570409,0,0.39268988066064625,2301.3502385515903
47802.044137171775,6714.039319452871,2888.9103804050146,0,0,0.3719640569651918,0,0.4760842223391233,2918.9992043696757
21432.815529204185,4772.808879274499,2091.1261312238585,3,1,0.9961716911321459,1,0.5416281468316937,2268.9798832477095
32766.13470191018,2795.4439866213193,306.4739141598369,1,0,0.8156068690173353,0,0.33234015531370004,285.0078317651105
34908.55417386807,2133.4933633731616,1205.8363187740256,0,0,0.6541079521229685,0,0.5552813283047409,1195.7014086240217
37164.3985603987,2954.0001652919686,1598.0851169059802,1,0,0.7966611593462489,0,0.5405936445826869,1575.9705576826527
46269.97348489203,5213.715725667966,1653.6071250667947,0,0,0.9330943732806571,0,0.4115287399536889,1624.4019720150452
29796.388612563347,1794.9240187429918,418.4079642124869,0,0,0.9704993555364712,0,0.30214099653671767,454.4570079011696
34715.248973998874,2439.801774779912,1067.074408945125,0,0,0.8288151075403669,0,0.367855495816837,1141.644091619154
37828.75576460734,4010.4564709659835,1681.6475009812666,0,0,0.879252774666581,0,0.46225525321552463,1780.6217215627473
39795.175490225454,2247.8757389346165,78.24506295879979,0,0,0.5182351396691176,0,0.29692575207434796,74.89811331904689
39173.92609649507,4914.827522870462,2356.9397269181522,1,0,0.5134583961383732,0,0.46621014316095855,2281.0660432178383
43232.069302670956,7423.820213422474,1075.5924370399646,0,0,0.8466373221949539,0,0.3257218918731418,1023.814022909763
48126.074115700845,6110.670242773448,1972.1362640360903,0,0,0.807700111090462,0,0.39143548197294054,2087.8940972621
42711.609387811615,5498.1996061168475,2416.4542214757735,0,0,0.9207853628968514,0,0.4505320511104571,2364.658247891422
43443.02628211062,4870.411069878341,2912.6292062022185,0,0,0.30640775533064596,0,0.5343660954594954,3191.476761979163
19013.32199904227,4159.6093194279865,554.8069957750613,0,0,0.7526504949537596,0,0.3461865528982053,539.7513415314259
38602.73238998817,1899.2289472599477,448.08053642083735,0,0,0.7181185870466511,0,0.3606527465011594,418.48802720864666
43754.090576019305,7210.328415701491,1874.85424741691,0,0,0.8388158722828267,0,0.367737708724915,2036.0370609059073
46747.2943348454,2364.0200150962723,1078.8889873090736,1,0,0.2196419079252097,0,0.44960906437347503,1139.8916062630215
29691.79070919447,1184.8165818362056,712.9473808019524,1,0,0.8610019565326019,0,0.5300461234366088,724.8161232599979
30091.52870133626,6125.113844215214,840.6841877979646,0,0,0.4611413226228391,0,0.23166420514521702,900.9509206127982
31110.79189659682,1817.116507483748,628.6904536582429,1,0,0.7496977048160576,0,0.4422305555488215,685.2029039377838
44436.96679869612,3289.21999655882,375.06678940461376,0,0,0.6932476572584028,0,0.29366133072183503,402.17446122332456
50406.5726590905,712.1369621823479,209.46817722719595,0,0,0.5521586566636172,0,0.35102603602642424,226.41495449402913
33110.47871250078,1528.0095690533606,535.4196178538015,1,0,0.79682202711349,0,0.4627656318502814,510.92292945079345
48895.54776352459,1799.0272306993406,690.3557591454096,0,0,0.9689751443324084,0,0.4117121298709189,691.8536893075935
39481.75770997513,908.0759581263346,215.06577711407766,0,0,0.45877998393750624,0,0.3147056252472278,227.76723256706222
36508.57067405077,5424.927174671338,986.1103503253341,0,0,0.7987487065353309,0,0.3614848836265671,991.2420398244129
35463.38924218437,6777.558468523379,523.7913053656528,1,0,0.4516296358748124,0,0.26568788437430196,538.650168505593
46959.33637522589,3299.8655477445573,916.9860291876199,0,0,0.8765225122528659,0,0.36003152283526135,994.5345582665417
41906.933801444844,7059.323575386506,1235.192381646893,0,0,0.5498185327115415,0,0.3630291340572344,1184.6345122253592
65309.90513177165,2100.099309200949,500.8979373661371,0,0,0.5594125872489635,0,0.39671802197761863,504.8456137079667
27773.30428403211,2940.428176709296,1000.5259478364368,0,0,0.817504464909188,0,0.3492781201549189,1013.2404017663614
44217.22042435971,1630.527447733763,763.813577924959,1,0,0.5969357595816636,0,0.45759260864064943,742.3560833354022
31649.587882261847,5154.193965642489,2320.879060482543,1,0,0.41331569435271637,0,0.394659148512611,2259.7345533213147
27568.556156136274,3649.021931527301,1968.4508652427462,1,0,0.99642954693554,0,0.4755396741516742,2074.368858370315
37869.59435558033,5099.62510131424,1669.9657489387564,1,0,0.6961803143320195,0,0.36574477330637206,1813.4207193270022
39648.229752884436,6212.561790456377,3388.536017755349,0,0,0.716119645398583,0,0.5375468855749018,3479.1689104041643
73018.08266072112,4592.772620247113,1251.2691652379558,1,0,0.7172655342702061,0,0.3288515937013817,1248.2520852594898
35790.25021180158,5207.227661763409,2244.575268195001,0,0,0.9066872528696515,0,0.4657582791505723,2356.965403673464
24437.855246183797,7514.377357957497,1429.3366571818547,0,0,0.3470976045214427,0,0.3236929595488244,1571.6440424177438
41276.12860993263,2742.9823220663234,1099.5783274532703,0,0,0.24732120413962938,0,0.3665276252400414,1007.7419009439251
13104.319549443582,3193.7295397546486,767.5785888086092,1,0,0.5093604094759684,0,0.3251660030452476,790.8489311586613
36896.51860874881,5882.775212820026,3344.503080516869,0,0,0.6519241444067745,0,0.45390454408148584,3382.0338132339516
38192.30338754193,5084.7913779154005,3355.0944661891,1,0,0.4285676969411279,1,0.5141657026044816,3429.0720029572853
47535.20459534254,1838.9967840478612,517.2557873865406,0,0,0.7513656035929679,0,0.3362253578092177,467.8909338988238
49683.46699313416,3321.104825078676,1254.9423406300677,0,0,0.2591327831498263,0,0.4068389952681517,1369.3112247619142
31957.16457310739,4008.785098435362,1190.3319041913344,0,0,0.832567576866782,0,0.42195809492545266,1091.6293683362305
36192.6318244408,3645.42378476292,1187.554538964092,0,0,0.7744688157591979,0,0.3625309212316144,1141.8274358644678
28806.55003267195,1837.061062415306,651.3072662881683,0,0,0.37115582973932626,0,0.3642452092914704,625.0332338833425
24463.249342307674,7433.225688381967,2847.723892820932,0,0,0.4387633908849103,0,0.3982196074673612,2980.492469710829
41718.737352567616,6217.390712704819,1365.7210131184129,0,0,0.8456016358708325,0,0.33676121848907076,1412.411469598553
22716.97341684081,4110.168740808892,2499.180776599611,0,0,0.8186702744144863,0,0.492485887932166,2280.1152464777265
33024.477193137645,5600.457712301274,1305.65067942421,0,0,0.8510129258671411,0,0.30311190197567417,1214.1791027997258
26057.91248120915,7229.620041016414,1176.5945865589624,0,0,0.45779427591345023,0,0.35334707944014293,1133.9512172379157
44596.19823548311,1521.3060677117842,733.0918678380051,0,0,0.9756569467786624,0,0.48991182182407655,763.0172603081317
59617.161191197854,2377.7978803023325,1545.1132303021864,0,0,0.772270583499177,1,0.5384599107273856,1677.7566199601238
22380.944206360025,4570.2593544248375,1910.8422759904454,0,0,0.2521606299174038,0,0.4984900708787377,1840.32235624822
15763.77820522917,6492.57778514269,1111.557833373707,0,0,0.5821878832087553,0,0.42597404027966085,1117.2432390364695
36501.35737579919,771.9117158114553,359.1164576166242,0,0,0.7316376363780821,0,0.5124536610248465,349.96692338028265
38188.3735514931,7880.136126472704,3166.361065666342,1,0,0.3349201538776203,0,0.3466855997389149,3215.3491872184177
40623.91168108757,3911.799521617979,1181.9980227822546,0,0,0.9214151413278728,0,0.3984420498546475,1212.251152751617
32644.15381718786,3194.2335546629224,147.99046445908039,0,0,0.8032869609203466,0,0.2394970573011006,148.53195725355334
35592.328414094816,2695.433283798289,531.6133397670969,0,0,0.2651454141865352,0,0.32443292972543303,519.8139039517675
42410.124926487224,1807.6753073815373,351.7227671925223,0,0,0.9305584865966936,0,0.2734840345320233,378.4384301760633
50485.170711738065,6436.804316975209,2524.369478425857,0,0,0.5234957440875656,0,0.4369866266904941,2676.7997982898682
14539.414756180606,7665.606235595724,3875.8005692366373,0,0,0.5619755820547065,1,0.5467786215324298,4262.144689024678
33572.72673162245,3602.3356613404867,663.3364092696918,2,1,0.8264865283413516,0,0.4302605678164796,651.7536105684387
40565.70552729276,7643.155210650922,1807.083715590855,0,0,0.7151981467201507,0,0.39702719803933656,1640.3778907064075
26984.286744671168,6678.482115762757,2787.4861378361657,1,0,0.5500229561964367,0,0.4515800013261603,2871.874825076107
58774.035581207594,4107.883456072387,2601.7470253858796,0,0,0.4076997261237247,0,0.5655341371938755,2749.2280210753984
30375.081437255154,5555.196343445996,1767.8758978051428,0,0,0.6135165855758598,0,0.3024249884500528,1922.3119827283806
37504.4877559126,3762.381343778472,1744.4477612706444,0,0,0.6633437979043137,0,0.47590919614659577,1573.6188650183942
44672.26516210749,4690.425561594143,1290.3879522513369,0,0,0.704745878138082,0,0.40773924714872095,1388.3495629858578
30904.582534377267,935.3475276387786,50.166346876432435,0,0,0.6840505996684634,0,0.34227712891846473,50.334284474210314
15841.123426346996,5721.976064753999,1720.5912467485846,0,0,0.6938427970423939,0,0.327729079952094,1677.5137788637203
32856.1456770016,896.1848336310253,553.9271579727674,1,0,0.5805900759684239,0,0.5937857748055316,523.1218213711009
50353.286671124486,6628.137101897371,1867.7337219716578,0,0,0.6495102711993722,0,0.3635927661245882,1985.073667963161
33957.25847857834,6687.1019709541815,2674.1065526868165,0,0,0.43091054775655646,0,0.437502974511136,2601.231997044802
27842.788382492257,2278.0796566716094,973.9013861622977,0,0,0.32669993222755145,1,0.48013301000863917,994.2670152127831
49108.06651403266,2927.470857768502,2088.824540300623,0,0,0.6855485486819413,1,0.6080870207968726,2093.6984852757078
34030.701247723366,4109.827839187199,1683.7218063491478,0,0,0.2375989535015749,0,0.3654399985839319,1603.9654897554876
31878.070236197393,4974.971801993611,1231.2907317234522,0,0,0.2521655708430622,0,0.3660153606429135,1302.1595017486798
39793.473075959715,2655.1524630649756,653.3885319652873,0,0,0.3978527969503731,0,0.3183637597625659,627.0143496701224
47249.00251542545,4943.648034739438,1620.9459101625046,1,0,0.3554616100345088,0,0.39971517590895284,1714.0904861754545
66580.56238079055,2733.4030492197417,244.08042216858593,0,0,0.49929050515303275,0,0.2658555708664873,239.66457445719143
47926.83329188908,916.180408032955,387.93771855063227,1,0,0.4970310502223777,0,0.3741279795427267,351.4781886022919
51918.07959666013,518.9566237393171,119.87648181616916,2,1,0.29348436459942573,1,0.4134222504534991,126.28813218572297
31928.405612145736,1258.6329343882144,597.9229761106562,0,0,0.39720240760784514,0,0.48622079875206503,645.670032023679
25689.582728366284,6441.880251230136,910.6501014831073,1,0,0.2036553356954275,0,0.32749575537069237,841.4019467144045
38747.97619542947,7710.734842875028,2091.413156245249,0,0,0.48077104819641514,0,0.32803473412391876,2127.0654297868914
39286.038983115155,3702.2464946091445,475.67414643803124,0,0,0.8371481420505484,0,0.2848421505882146,434.93337450737744
25057.847103624834,4345.129650874571,1711.6786158368081,0,0,0.412927990795816,0,0.437176485794843,1824.6109064191144
35896.465641151844,1601.361268050696,1058.7707453153905,0,0,0.7146785168363319,0,0.5591733496651086,1162.0980814364557
42791.81122062957,4632.735145101177,570.0471865614412,0,0,0.2786041430176338,0,0.33242706286006585,569.4762807112677
42324.72074021696,1584.9117650523262,425.8408540185378,0,0,0.2098277374087636,0,0.38015739194219744,409.94828049959096
44051.45424061127,5084.107483991225,1209.6316365925725,2,1,0.5987172176371038,0,0.48070832609533964,1293.277490501483
41491.57676164932,7499.440006856404,2073.8072997152326,0,0,0.5691872609296644,0,0.37181275520093804,2082.425677993334
31915.89608875933,1967.739044772797,462.75414612549554,0,0,0.3532153587308085,0,0.3758163912187186,458.0364333633592
31833.192480213882,6234.227885428265,1576.195847251046,0,0,0.4292679650944231,0,0.42796462451720346,1490.3901369447055
23612.58322407349,676.2681711374303,139.93251917156303,0,0,0.2245371255434596,0,0.4059811490189668,143.17945206342452
59417.30047022114,3316.2293099121575,1638.1658326316815,0,0,0.8382399012758144,0,0.4737617300628766,1672.9989957639038
38161.40437543151,1330.6138087288177,142.45000581016802,0,0,0.4410261570704401,0,0.25136257937726364,135.69315789957972
35301.76333046178,3143.565811967746,1468.0428058157129,0,0,0.3755651355417838,0,0.5139240645433587,1383.31034090012
26854.495022570496,1801.5268972916263,228.54298404162276,0,0,0.8437261608540725,0,0.21310030185461362,225.73491984495942
73227.89482793334,3299.7874259216555,325.3950682554134,1,0,0.23141895981966273,0,0.315181059987059,322.1942286304096
25120.063613325256,3631.4210458064777,2133.085565403997,0,0,0.4276206536630122,0,0.5337304612786347,1974.55941888368
32853.82489272712,2754.433420856888,972.5725925531226,2,1,0.41020196955112653,0,0.5108045139786198,929.0127497122173
42990.04203543273,5424.664621048469,2289.2816240306743,0,0,0.41037809158656113,0,0.45575823787490366,2133.7716958491983
45202.55558893133,7391.390384441823,3679.887293995115,0,0,0.20919660732177034,0,0.42122229118908994,3975.3419965762587
49495.18466258821,3504.4653057895425,232.8367779193022,0,0,0.9477373751900107,0,0.23786403394358568,213.0148242303819
59691.30209323116,1942.5736735626606,187.58818708799876,0,0,0.8913161592059542,0,0.24224925566557673,201.79832199552334
44073.891865528545,2530.4206864698754,420.2698440662717,0,0,0.5315944455107667,0,0.27844895380803747,422.61361979950743
25327.63040039999,6905.006176222767,3109.4090506293323,1,0,0.5563479482475229,0,0.4245106628116931,3212.219416578694
34916.65849853862,4787.297924526109,1231.7070954609721,0,0,0.6193233961231797,0,0.35869349583534405,1335.9710288537879
41693.988470166616,3912.5827423021797,1385.5319517237183,0,0,0.5826526981332738,0,0.4492559686670219,1348.2297188862406
62818.712498069886,1622.2754113169503,635.6442693469454,0,0,0.8233069530660315,0,0.5045682515455986,661.4029109386594
21226.334258908435,3872.9548124283647,1313.2506472404675,0,0,0.5907359429358194,0,0.36946006805196513,1358.3468549916834
52430.91806270273,2588.6900251804,1740.388626896676,0,0,0.3510597364161986,0,0.5495289369622961,1910.3713255039206
40158.972434557,7573.723458900119,3968.124844162863,0,0,0.2935775094339612,0,0.48971468630945114,3607.8574418417866
48053.96642275377,7130.525820617984,3666.243506803109,0,0,0.934617146675957,0,0.44579601204994124,3633.56704579408
36776.06340036882,1129.2690637114852,407.79744718973603,0,0,0.23870612735117255,0,0.39400159601509144,447.72530648810374
27890.808438484084,4374.901169459321,2530.6829376373853,0,0,0.9180484347561926,0,0.5779983515963479,2443.5644054611676
47010.473352815985,2187.9375913600406,985.4232143506771,0,0,0.7523833537340703,0,0.5005611747401253,1077.1984355010657
45853.17232526746,3580.8281714321793,2161.6805752858877,0,0,0.5237637488949904,0,0.5744747037824703,2298.6096331905933
49664.683588876665,7076.359986885923,4500.804720083809,0,0,0.34974275894270157,1,0.5583428068527052,4356.169792024982
37840.34437545638,4456.358899164086,664.4943568377389,0,0,0.44838576907761785,0,0.351032959057485,601.9130565580302
30802.13572016181,3006.614700280699,1209.4424566217954,0,0,0.6238989590011532,0,0.44555676561106833,1156.3103116184705
19294.5560597139,2059.162655787478,989.4811177749414,0,0,0.7254807549508666,0,0.5301723732093997,915.0169101427882
47832.47921767288,6502.436445548669,2291.6849048870436,0,0,0.753177939966182,0,0.29187193031314557,2258.8945717797374
43086.67378932783,5183.885115232603,2688.0404835697227,0,0,0.5578349693838802,0,0.4395600191675879,2924.331264741415
26410.60840563249,4010.490953196734,1734.6742919000292,0,0,0.4991792747174959,0,0.3855030395018381,1739.051705565764
31537.11592044051,2131.132653972335,869.2922168623398,0,0,0.8146539927953056,0,0.4062610475280384,860.1660690019474
32398.894256582713,3006.847806178485,686.0790083495621,0,0,0.9403307498340256,0,0.35479083752781054,647.0764455833205
20204.186816210982,7698.825700538889,717.7361815742406,0,0,0.9315720085246684,0,0.2861875183038337,735.1680181619048
28187.811240738396,4400.674532043758,1988.4315550122044,1,0,0.6412966169559469,0,0.41919307125527067,1970.6843119677042
24394.03571832375,3505.244609324397,1521.9603567886563,0,0,0.2632162540684351,0,0.45216406142288723,1604.973002685031
33050.25185734476,4410.665317612429,1119.8479617399876,1,0,0.25863184926960203,0,0.3780897435552902,1123.4587941252194
29135.630020045246,6342.413794247065,2078.5087165255363,0,0,0.5222045557888604,0,0.418620825823904,2239.209085300649
18475.940949599015,3050.817023771516,1061.0726516421646,0,0,0.786282811914085,0,0.43698625309714073,1121.1324034959687
62271.08276683377,1840.2959069945664,1001.9730888329342,0,0,0.5978752278512829,0,0.47004957253186136,930.8460857231979
53030.48877235077,4887.020887542859,2800.6795992346792,0,0,0.7018898433346756,0,0.5479477654430484,2596.7910127205037
28651.766941760172,5489.030776108004,1032.5662703221362,0,0,0.8746552519628141,0,0.3317584262122154,934.338443866409
41269.05675984332,5845.385022189122,1077.562759511554,0,0,0.23226846694947456,0,0.36307376643752304,1049.3327704089616
43009.58107785554,7114.906930745972,2613.6920371633055,0,0,0.9390532667453295,0,0.390046824255838,2380.8741417054916
52293.03025728172,3283.8059051683476,1551.1415790492829,0,0,0.4647179122980082,0,0.5312173342072001,1535.6151439822393
28176.73968007906,1065.1617217166886,475.8083199145912,1,0,0.23742988598432868,0,0.4711894486248522,451.1951289111869
51105.28140778911,7687.6143772320665,4707.81443123213,0,0,0.8683428289155883,0,0.5300790276884949,4706.155650570773
31425.13634951678,3762.589455781064,3038.4812251469734,0,0,0.9473232207657478,0,0.5648870836306229,2830.832877445394
21969.651149976642,5174.431322548485,461.286084290174,0,0,0.8148976094970966,0,0.3335845813077444,465.8242343913276
46689.638711773965,5497.289923462192,1837.5744379507485,0,0,0.8436123545843919,0,0.35702605355928985,2008.995697197945
53489.101089469135,4598.852815259026,506.3165598209078,0,0,0.8970466828736292,0,0.3882309319655195,520.2131463413133
69054.90768236821,2039.4314730220258,454.6501142218078,1,0,0.6178908251372579,0,0.3796281787548776,460.5050584392876
23603.29681891744,6163.572875871061,992.5366783158831,0,0,0.7443703038770837,0,0.27028457204619627,1049.7159277328783
46387.036220969465,6528.139807280612,2591.4431726099447,0,0,0.4291612655333339,1,0.4371593212144925,2335.184243424704
33082.38507447761,4647.316895130798,2046.5278490050657,0,0,0.39976041194487105,0,0.5268490039269849,1957.488786180602
47400.304526288375,4164.208704386312,876.5301075113188,2,1,0.6871541173087019,0,0.44417919467265404,961.9002666476887
20354.125385224994,1354.53637345989,396.922001649677,0,0,0.7876862130696125,0,0.36753449138243927,419.35754697035554
22846.76269161723,1129.6374612483787,386.876562221947,0,0,0.5177124462177864,0,0.41654959965363625,355.1733605738139
28689.502122002195,3046.7363417264655,1095.413006084969,0,0,0.5202328643447689,0,0.38160548366927843,1057.3934090672374
38947.568548017014,2831.346166380449,394.2508507882451,1,0,0.9633868543678401,0,0.36602723013030874,389.50913276039904
30307.024801539737,7652.423382224534,2703.9126136721247,0,0,0.6147683150179635,0,0.3747527066348559,2938.92802639118
45908.65212696104,6377.170568325723,1032.731628007871,1,0,0.9890274206501615,0,0.34015130102263674,1050.533249514628
50322.73541909497,5449.43221444295,2388.114397548636,1,0,0.8902741333328099,0,0.4972320261626567,2186.187679092659
45194.93049494427,4382.360667632038,2632.19410978383,1,0,0.7117261204811491,0,0.5225342339921933,2636.970625886731
57425.45167593042,1755.256480449885,770.6370827324386,0,0,0.20730847434114016,1,0.4992097392564615,738.1758661874728
42989.91955346412,7838.425041382129,1214.1176074237653,0,0,0.4367401293344978,0,0.31215710523843676,1174.9505186076963
23397.239475917995,3312.805236801575,1588.005473364002,1,0,0.5341150275569622,0,0.42065461155718503,1465.4969719974233
54360.51816246008,1301.9420183543361,388.5405654167468,0,0,0.7222519277881483,0,0.41398483654470364,385.3355500001444
30738.125172728032,4203.491717868095,358.1085711568812,0,0,0.5164184584711562,0,0.301810017477138,370.2473630674201
48925.02199622684,7054.9850870981245,1421.8005215451044,1,0,0.8622591080335231,0,0.30235275202948725,1495.6064281797437
56884.81059866128,7154.682513329971,3809.4965111498273,0,0,0.7303242172295195,0,0.4861379244160254,3958.361643623808
43480.25612876479,582.2443704233544,159.67914929915852,0,0,0.4777280682124858,0,0.334424344678097,164.80527739799885
20046.094242024203,7147.218085635498,1860.6896586024072,0,0,0.8275472378745767,0,0.366903955972312,1998.089329538037
26981.4540018825,2536.131631248939,84.76011740018797,0,0,0.4424722514958661,0,0.3563332971602091,81.91846840717814
53872.933602621626,792.292729763173,274.22330000457526,1,0,0.25022928578927117,0,0.4441092302117015,258.5703055403046
35970.5277722862,6858.427027721557,2573.0185015612647,0,0,0.3380450291177348,0,0.4439020288082949,2361.7419825264656
38954.88241930599,6979.000669911562,1081.471708359728,0,0,0.2021923942182336,0,0.3264820076910946,1009.165871771482
47105.89299396331,4971.733098817625,2623.006766802282,0,0,0.8658802241956185,0,0.5293776041251245,2439.0771535142067
46355.874344963886,4808.2531797226875,1488.0697417392967,0,0,0.7016867967276623,0,0.392368622646563,1610.834596668769
41345.59774862553,6598.4020446606455,1659.0176992804927,1,0,0.656455448602574,0,0.2914387165445179,1553.0120857461013
35495.97954535441,6397.321645327099,1833.9637491733479,0,0,0.7296386036433307,0,0.3254396322088851,1685.0255084192888
34247.97865121171,7175.79105082028,3056.3739322462593,0,0,0.7228786600012531,0,0.41971775750821766,2995.4006916780763
48294.785903496115,4645.605856975276,1259.4635874924584,0,0,0.6523999526845559,0,0.35515068953504864,1176.2409440848044
44642.83437281352,7757.353195496065,1833.324070281954,0,0,0.8739280365349349,0,0.35737611797932023,1697.8663969808465
34912.39999258652,7971.101232000038,3184.440841560431,1,0,0.5527576080290564,0,0.4772499473394318,3096.8107660776886
50985.34775591769,1374.0845749897444,332.6863256554239,0,0,0.8438475576781785,0,0.37453538178440615,360.59098139686546
36451.59061844259,6871.578196655915,2502.301593223845,1,0,0.8293069477457948,0,0.4209906851152675,2267.3023920052838
27780.05390798728,4248.666933114418,1069.6035870905919,0,0,0.3596038686834849,1,0.31918236876974826,1007.0781622560663
28892.351613159863,3406.7475372487406,238.73793165701036,0,0,0.5630107036918606,0,0.275376622492019,254.2189889498412
26255.109964282805,5098.0423241203625,1249.4612150424937,0,0,0.8679457791694887,0,0.3354758030613505,1185.797574450866
34731.07980075575,919.7416794650527,454.8464400871463,1,0,0.8646841534899863,0,0.43163667490430147,449.4875983440667
52804.69134003432,4298.4583907531,3254.500832084573,0,0,0.21920524976626804,0,0.4679806670117506,2993.1918979884467
28338.857827633896,7031.6792752,3904.033845239689,0,0,0.37844009794366973,0,0.4525018690306441,4134.507888756743
40261.709132217235,2100.961371042266,1472.679942108424,0,0,0.5390995173232973,0,0.6352293737713721,1542.3262245659625
30119.727852471042,3697.9242107706887,1581.9521225613298,0,0,0.2377234826672875,0,0.48912517498006797,1464.2750326516336
34876.29150474275,7546.106657861566,2780.374695427729,0,0,0.40849969831575494,0,0.3816639099954564,3029.4754476370517
19879.505456176972,3714.2287835427296,1238.6736241106905,0,0,0.4066398711054058,0,0.38074126749694587,1261.1241521655008
35353.541250121554,3187.7572424929876,2375.6647818361857,1,0,0.3716547055899896,1,0.6859332788006485,2517.329384865788
35675.53544234046,3804.0248609253367,508.5397542954005,0,0,0.5173271829454447,0,0.40536033967405627,535.3702391902142
44483.45532842835,4395.895748881672,1874.587859269791,1,0,0.8504086191341154,0,0.4505193203743722,1881.7386469134492
40679.37095906444,5239.935080986016,1721.7119317162558,0,0,0.3952909129924632,0,0.4277831774943099,1806.9337874714142
23619.29450057546,6505.196006875483,4145.146364425383,0,0,0.6656538495930128,0,0.5486785454692517,3927.7729535429467
51010.378928522514,3890.766543232357,2377.156151408582,2,1,0.6460624482263706,0,0.6123764984351476,2149.550072155561
40523.63648266395,6631.1070131760525,883.9251501954317,0,0,0.8543392663233327,0,0.3210425269405072,856.0065643478669
40380.72220612984,4502.904960140604,1861.0799265047358,1,0,0.5151995244262788,0,0.46120103201770835,1731.7358864821074
37889.81175937833,3038.6038277598323,1167.8355400841192,0,0,0.3788548945076152,0,0.46505637861733945,1280.2001663938922
31786.910633333362,5434.631210895606,1112.3759729579717,0,0,0.9132165191878339,0,0.3552446467070499,1206.6220582638887
40613.628076984714,5882.916910576186,647.7029487987513,1,0,0.8663576504694253,0,0.3120954874488331,601.604341861579
43707.06123114299,4685.367317221157,1897.3478241505836,2,1,0.697202943685796,0,0.48163061927108347,1838.1467516102173
17037.25170385334,924.6122985104256,439.27406798247955,0,0,0.2745915008987524,0,0.430775444082292,440.09259113174
31534.869951846853,1774.1215637061866,1441.5405257867096,0,0,0.2128942633705874,0,0.5431861345366936,1412.3432705108153
34940.63635515693,2639.7329066767115,708.7547969956445,1,0,0.3460996969130635,1,0.3897590764083202,737.1076377039514
41074.047268331335,2619.6920446361983,711.2518380792533,1,0,0.3573108467492036,0,0.3493350783553124,711.7523370817914
52319.73207112551,5550.656001851529,1767.3853199414136,0,0,0.3089979339904676,0,0.38531568714796643,1790.4543677168306
28739.110224838612,637.6149625522444,143.4263322362102,0,0,0.40974509704136264,0,0.35466637652700567,148.521971216771
32024.457838185896,6167.613327871399,3976.327546284571,0,0,0.470310849005089,1,0.552182459566488,3597.516851111218
31849.5906722414,2490.0685610519986,557.7970889337684,0,0,0.8035507197649516,0,0.274639744195874,503.40356995668634
28381.6689187455,2825.163846620768,1703.2036528214674,1,0,0.767617710908933,0,0.5367302389168778,1593.5595375916107
33833.76205865285,4459.323709579432,639.5663223989411,1,0,0.2835034573551962,0,0.2987539772098535,667.4904340158473
47249.626639855655,2119.442007042181,638.0025086165964,1,0,0.9816855788270202,0,0.4206865782794481,604.8801487121061
25353.974055627852,7133.5348518164565,3462.5170204108194,0,0,0.8017114033362274,1,0.4556247798231662,3753.49088178822
43133.77274183484,1140.2658449492396,214.6230903396509,0,0,0.33074660753601126,0,0.31025380648448875,196.53024562797123
17577.173239779975,3832.8677172579864,1369.341099843266,0,0,0.2995972567439699,0,0.45637774795207486,1391.2255691052417
31263.94404269353,6870.667020911675,2272.3748403524605,0,0,0.2700375090084129,1,0.36023207075779023,2056.747884059787
34046.128397384164,5118.829208159268,962.0667996145979,1,0,0.7854309333271539,0,0.31404858969657273,1052.8971742375556
58098.31607496878,2692.4713688197508,1402.5755576103381,0,0,0.389029248377863,0,0.44737591035617,1322.255617998714
34702.37234296774,3655.7015583234556,878.1398607038984,0,0,0.25837439614657676,0,0.33938022131547146,893.5314057687754
12000.0,5800.207852568859,3257.9455825638274,1,0,0.537462087542512,1,0.5700544334663994,3553.151560187783
14013.333117665003,7799.455575229245,2719.2312819755416,0,0,0.7669587451203259,0,0.3584315384054674,2463.8221008173205
38408.355036160174,7198.540387845751,2414.38693643948,0,0,0.44364513267692307,0,0.3907647825187254,2420.5362068046243
45365.2502694789,3068.246062867826,247.07967930828528,0,0,0.5861164579343856,0,0.31772879607788285,248.39974138509194
42505.47029152703,7986.484094658931,4125.166043736324,0,0,0.3541399745520337,0,0.47349067012916457,4002.6363433388283
40010.84126961188,526.284976482937,89.88796548894774,0,0,0.5433188166970015,0,0.3425193404356798,92.6664513345969
51947.115170068006,707.2231685631132,402.21794681464263,0,0,0.48715378514010477,0,0.4845759710303874,405.63921017095726
31524.90535115442,6678.803863783954,3249.4489000223894,0,0,0.5471347321500042,0,0.46466699710400233,3086.4184005346524
48738.926672321904,1995.97015124789,222.36988445381627,0,0,0.5725692790783286,0,0.2898615444099161,231.50081934006565
18415.82137968299,955.7695129718065,253.10037889729105,0,0,0.27383907336713736,0,0.36172115145840383,251.3879553375314
27140.626004743204,2278.610549273767,1316.9942003544709,0,0,0.2746946818164106,0,0.5570390509978556,1309.174027226895
16315.503260818205,3695.7511548564516,721.3985979720674,0,0,0.40848846708392905,0,0.31358557792458197,786.6015353017606
34701.856391962494,5979.2470282505365,1787.7728303182698,0,0,0.2926066832927056,0,0.39694795799602334,1800.2987798405927
37444.86539280389,5182.516449134041,711.4953269703327,0,0,0.40222745091794354,0,0.3501779379432536,752.0017875478011
39369.21790671824,2282.1591317031534,1175.5253895561057,1,0,0.21963518686708827,0,0.5038698899413203,1261.8999233230197
38742.60023464562,4274.528360754382,1940.4357802228571,1,0,0.48059152860181736,0,0.44346538371955424,1971.7659757873923
26869.360030259264,7446.605790489266,2450.7707109198172,0,0,0.3707281596346932,0,0.4520966523093988,2591.1382180992464
35717.109867041414,6612.558327378183,3952.6481132322992,0,0,0.9137170799022878,0,0.525445989833817,3802.0858702501314
20030.639976731018,2923.9233862384503,1063.163979366533,0,0,0.8865260758364406,0,0.44844058589671576,995.5310224493297
54358.747701587,7866.984210167722,4653.150919412061,0,0,0.44033507194697247,0,0.49503735626212364,4835.125326041067
34356.48712522399,5814.653003263482,1612.9240310123807,0,0,0.5803880916141552,0,0.3982633837399766,1750.4073237001915
32133.366571475704,968.3701675008633,342.8122233555404,0,0,0.9646336843293615,0,0.43621003117437335,311.4446864223012
57067.28394132899,763.7053496647901,380.38639725824294,0,0,0.6192770989110709,0,0.44348602603431675,400.3991096157206
23093.04159740925,1763.0596175752248,752.4706669151012,0,0,0.8787466162943991,0,0.49636348033887523,681.4974563404098
24492.95463161637,5958.919010376101,1539.379904381902,0,0,0.8610998214504175,0,0.4114137554057853,1526.634557936892
24845.35610157722,1878.0419438182093,1418.3670477232165,1,0,0.9530311776781708,0,0.5682935463290194,1468.6310492135399
37185.54341960622,4336.150769066251,1115.418013282474,0,0,0.44456051452719736,0,0.309166358217914,1094.2929749289383
43179.579555651166,1199.450901356238,837.2572672209398,1,0,0.23475654099762755,0,0.5570246500506871,803.9261604317564
46876.105617414,7406.646183726463,3888.572634457715,1,0,0.28316298699724385,0,0.48228811601298144,3645.0208079636495
68863.94380993962,3079.7046018767564,1271.2462228030886,0,0,0.6570380151295545,0,0.4116831431463874,1392.74473939166
12000.0,7310.9904242047305,3382.883180669285,0,0,0.6242223777286022,1,0.4394322189777491,3430.4573767845245
45304.827069493,7586.567314329082,3820.7350206318742,0,0,0.4387624265392363,0,0.5098446974434248,3536.3535207332297
31314.433129133227,545.964854852606,205.7364852671607,0,0,0.3989706379194606,0,0.48359643574169964,187.14408384125815
30963.01821333472,3981.0139039904902,1199.8822518539798,0,0,0.7675051436903582,0,0.4169051399625397,1138.3020826452432
30562.73446095347,684.9204178016967,294.4550668574894,0,0,0.4724022976020744,0,0.4935271927352056,296.7297382755791
27094.763950304317,7315.195747271794,4746.766741725069,0,0,0.6831614287462437,1,0.5422021609298031,4985.995112120096
58214.298015241424,4388.056585509319,989.6479415487747,0,0,0.7698348692066217,0,0.2900114130141306,1084.8440963901057
48107.56792416683,1062.0800952387262,512.700746734208,1,0,0.5443723018398489,0,0.44517426868910476,546.9436923452092
38278.3517426885,1327.0754620742514,341.5076879664122,1,0,0.35472501238124887,0,0.336865725235631,349.1553061206177
54212.189029844005,3376.3176836955427,1039.9745240373563,0,0,0.8886241288430405,0,0.4279983015150761,1074.600973032944
19849.652416413493,7551.756446546671,6211.060187530668,0,0,0.27482475939903844,0,0.5360780792275281,6238.475520717835
22031.538424028884,5696.818636760607,3441.309626857058,1,0,0.863576546339013,0,0.5279399588381095,3396.2792890800843
12000.0,7007.141496418493,975.0514451870389,0,0,0.8693436609180818,0,0.3064809201825074,1030.5757272369453
29607.02551852055,3248.4248475498475,1534.428091563567,0,0,0.6567994121749992,0,0.47702122328219915,1435.4135701275072
39940.382320457036,824.1027466249874,103.91192519631613,0,0,0.7035808411389028,0,0.2685666868969806,100.46066176719452
39234.30293518801,7807.382279033106,4332.285583303595,0,0,0.4864136488675274,0,0.5463036872491799,4747.044116343302
39792.10293271857,628.7974299677716,66.21593187625548,0,0,0.8732673777011379,0,0.3044830401113953,67.1658707716448
21067.318027207017,7607.387398108168,591.9861136670816,1,0,0.41096294844911124,0,0.24000201572639202,591.8096962298345
47637.85691136826,3265.0806788685854,1496.315345420441,1,0,0.6478208509424916,0,0.4169901657593437,1601.2935451973908
40875.53021886798,575.6780376641115,126.0688359469463,1,0,0.20143586836804428,0,0.3313557861822802,132.67534427212468
46796.65137759198,5668.679237933812,3574.748859284602,0,0,0.9518744847374818,0,0.5551516545855545,3450.377471046273
15286.853868919377,7854.052280235156,2137.221491835626,0,0,0.9586372193680595,0,0.34205283412188203,2191.0630727622247
41737.89030557348,7742.192921281944,3755.523769597176,0,0,0.7683333481176515,0,0.4924998756531448,3519.2196865562137
23746.817120989675,1707.0275840181382,734.7089518109156,0,0,0.5385918654852655,0,0.4419167473719689,669.0226666746474
33232.12096938366,1859.3585454961624,323.113512629364,1,0,0.34288888109731436,0,0.38766857225286716,354.76882978525583
44412.3787836366,4741.541859647451,2870.7848636526437,0,0,0.5939703088322701,0,0.4989849273148727,3006.9818461256828
39093.12327507096,5279.786198212433,1602.7075915566445,0,0,0.8331283778777898,0,0.38436821317471725,1740.7857712163252
27781.520242648174,6045.634352493992,2470.9358352528166,1,0,0.6842188974752208,0,0.46902393354426997,2634.9501695021954
38075.27787421302,1857.8777035411063,638.0677645013506,1,0,0.6219972571606069,0,0.3708767543544315,628.889084351687
19621.576217076283,7692.553150733259,4923.846554966193,1,0,0.8795553706613444,0,0.5011683372585082,5279.782544429147
51803.20875077955,5290.544422169284,3538.46887892697,0,0,0.4505071487274968,1,0.5045979330008086,3741.3642680089615
35536.591766044985,6852.851891529162,1135.6296678736298,0,0,0.8879711761930511,0,0.34805195648262444,1080.7230971228691
51422.59933106391,4550.492864631288,1021.6030569042236,1,0,0.5515627221906247,0,0.29321330656226435,1046.7362591436943
31681.619754847485,3607.0763569241194,644.9398800303383,0,0,0.20193106507279168,0,0.34191239117554584,619.7894858538923
31717.088139121006,7828.871799462469,785.182466874577,0,0,0.785553606160055,0,0.26720292885127384,743.416338507176
28829.758560345843,4865.91028114877,1037.0117603710867,0,0,0.9022747077161555,0,0.31818619966384676,950.2623032875133
48514.08718031691,7001.5518709938415,939.5760079175952,0,0,0.5874886712154171,0,0.23479322292870594,947.6865586148476
29486.82611205829,7649.692972747174,3583.7259828144274,0,0,0.5637982953240843,1,0.4567438141542058,3506.6231721916124
45735.14518898212,5565.159702564944,319.37538945074147,1,0,0.8443587404247885,0,0.24594630689016975,293.0617506540958
33410.57122796852,4617.040088890062,886.2917777070736,0,0,0.9078197975649076,0,0.3277094249324842,924.9971406883977
14288.440401300562,526.3313818298797,183.28077236605432,1,0,0.979536084631824,0,0.398501276877095,191.4573228849439
31156.231186562407,800.1473055425449,329.2819741456445,0,0,0.4765202328964733,0,0.5043514913383244,311.85058223931674
23850.70142764582,2006.3841203833724,615.3916885851601,0,0,0.6757510133879877,0,0.35138462041875823,671.5039775973402
38406.83268418805,1895.0632389199643,443.04522634240135,0,0,0.8583346758970403,0,0.37536677429069465,467.6664403689534
23715.10717190612,2410.69096399884,875.4404183269847,0,0,0.6254815388188321,0,0.3996271537215339,928.8955531819608
49111.7012085754,2787.009782732456,901.451139373249,0,0,0.5694826665541464,0,0.41888337368528167,811.973350056337
36907.08967576367,3200.491201630462,1648.6900135057144,0,0,0.6575456649533893,0,0.4744174129416252,1806.4489465876811
35868.84806289513,3654.032675516574,1073.8232879169236,0,0,0.4854935994138413,0,0.4533199605327501,1179.121194854108
45870.70565345099,1241.49753842011,421.8540484436848,0,0,0.35366087527729695,0,0.4005236317424946,422.4632463902849
49566.88320891035,817.7144896458653,289.76162286402484,0,0,0.2533048907279081,0,0.41350918645940815,317.8694525170636
37758.81497876418,5554.583368047675,827.3279702644104,0,0,0.6879846115577548,0,0.3645774405158431,845.8833969053176
28745.596405408513,4530.011186323083,1611.23006256083,0,0,0.5033074891855955,0,0.3956790292865267,1493.2842746327221
16712.364606654446,3831.0815166508974,1895.0672989896048,1,0,0.9063624026022157,0,0.5138713125349529,2014.1647833435009
29767.40291557784,5258.299558762643,1517.9003810967984,1,0,0.3783673432818752,0,0.42765000781033974,1535.5338101519867
30593.45304022446,6707.595554026554,1816.513076662962,0,0,0.4485693200071298,0,0.3496861919444252,1759.2165435797046
39284.68943590756,3707.6968183715344,293.4495499563415,0,0,0.9764049889815276,0,0.3178236621432219,277.9660586205784
33858.23742634367,5308.395987889845,1360.723475727945,0,0,0.6450329637720196,0,0.3269555015468914,1365.8661957555141
46255.19566461714,7651.7916787636905,4536.270256106367,1,0,0.47740243427945406,0,0.5251864966884879,4710.236711931831
30644.200744751724,6797.183718961705,1267.2278603098846,0,0,0.8887154590467952,0,0.30767232008655976,1362.7787289690766
37315.505997764696,3695.006078768071,1253.1774908644709,0,0,0.7947000716282291,0,0.39991759290700857,1277.8998331372463
52207.84931836267,5335.3762836105725,1485.550287235104,0,0,0.6585143471327439,0,0.40272175474644784,1460.3830706582064
42101.9025674596,1828.0319143695483,313.5866017163607,1,0,0.9112797527243437,0,0.37223272168009947,321.8736993725188
37279.54949973722,4703.916386713174,286.9670839105138,0,0,0.2751692195260912,0,0.18409533162305758,286.7925765346164
30776.666696777876,7859.9621835383205,3035.804747638952,1,0,0.5155951548239268,0,0.3889268639455812,3128.088712252971
30401.223239420273,4387.363364018916,1411.2735905875443,0,0,0.8484400830605787,0,0.44900224491858487,1442.0312532451867
27792.640964576625,7457.287243926105,1855.8715799588283,0,0,0.5087543951917293,0,0.36199537173890595,2033.5465429616672
31507.917610605207,3555.0119037744553,1160.4297444406216,0,0,0.9413892214093986,0,0.39562101360953283,1188.8014558831094
47067.99006493177,7991.336203884734,269.36518521098475,0,0,0.32201690243827585,0,0.3048790056961552,279.6570221888252
35337.34074449277,4844.1502642066835,1799.1484358561054,0,0,0.46930984498661765,0,0.3191136870005627,1940.3400646861949
21802.723167425225,817.0174567695092,184.35544348444245,2,1,0.5405940497194506,1,0.4117045914334815,199.583987610905
59218.0315167174,4900.66097518541,3096.5567505789495,0,0,0.7495696690159719,0,0.5739362473359751,2874.148221341123
41839.58229374196,2559.295217596975,896.5448199081516,0,0,0.35627958567374707,1,0.34040840132976535,888.2616461559927
21116.679193841966,743.6099152692103,199.5101913139554,0,0,0.20789106830391102,0,0.3721686735673059,217.17758439815827
32697.812873110113,6656.399785209975,1159.8586446132417,0,0,0.9812074513497808,0,0.24594971187075787,1266.5120759952554
39330.63659394102,2567.9722773556696,1267.8009916531776,0,0,0.9190056791166805,0,0.4505999239164199,1189.2055574406806
58455.10511956853,6474.114155348739,4962.382056385147,0,0,0.4401776683102065,1,0.6400249922133148,4906.510026350802
24702.65050089357,2661.6318721690022,1656.5430780966758,1,0,0.5867846719040799,0,0.45564504242845816,1583.2080095399858
49712.48863227136,1957.4476540533071,575.4379554373812,0,0,0.5911361683096295,0,0.36950523046838263,608.8981021605745
54793.83712366811,7804.516805783206,2520.9050696882055,1,0,0.8953804445010098,0,0.43084139920344305,2698.4611870082367
30456.14833910516,3212.339958162647,1252.0915913787992,1,0,0.6776481129173237,0,0.39087218836994164,1244.3901616942142
34669.836573677196,5010.321585823704,1007.6822348139232,0,0,0.861144818206296,0,0.3536356810419946,1043.0841286380228
25564.289031514756,5074.861196108537,2102.0134478019863,1,0,0.9295953210760393,0,0.5090020875171872,2257.548269340674
35558.46630703634,4703.551116301263,510.9706205969148,0,0,0.6527625053700783,0,0.327959811852357,532.3822290397021
37560.92030788483,7360.21807640911,5700.338810469446,0,0,0.42838597419096464,0,0.6069733211296674,5308.641613827536
45915.79997698845,5558.3080352515135,1707.6232692663957,0,0,0.5989662446743833,0,0.4524456205600502,1780.0238786288012
51082.20165224536,3527.9975307869763,1519.9869392472408,0,0,0.8806956869793474,0,0.44972804882380746,1416.307757972344
29022.847224540234,6967.852883932055,1190.3744192969862,1,0,0.6668953395186046,0,0.321531251552284,1226.9773543503475
14392.099229288066,1857.971743369733,1048.3307844352178,0,0,0.9165775253873287,0,0.4616948738232627,1013.4284242294632
37745.062648685096,4581.775682078131,991.5618663153554,0,0,0.916348807425585,0,0.38137135417910384,903.5991552442309
41522.45035962369,7629.127789578172,810.8463755776249,0,0,0.49868769603707047,0,0.3795452770097603,766.4901158390185
40993.0122522205,5190.482224103095,2502.612222240401,1,0,0.5584911164768626,0,0.38152994255804806,2486.7868106289043
34079.92102989147,6627.263378561572,5382.682893407309,0,0,0.7423310081927756,0,0.5818463001108398,5914.509431190364
39497.02519596722,5401.705441588946,2067.5142933473353,0,0,0.28885156417039193,0,0.4188614085376568,1966.5001945530953
56185.33770022697,6795.281476534178,583.7182431984985,1,0,0.5724457739510048,0,0.2536791019949984,639.6130586718132
42580.81002755011,7583.659098839327,2531.5037693900063,0,0,0.3195083561145115,0,0.4321593613557443,2462.7578185383873
33519.57889996299,2546.912956495526,1126.0354757371408,0,0,0.8783649473010933,0,0.47368610563889363,1229.633210563197
31997.62619484805,1772.4581094253915,461.94139388302455,0,0,0.9542275446141246,0,0.3834303569756517,504.0800054771301
35961.77170786723,4129.93062749405,2347.8478951770016,0,0,0.3132391004251669,0,0.5792929965438579,2180.163469302181
57640.879541967675,5763.9682011816185,4193.785540171821,0,0,0.7338731403167116,0,0.5903629979334936,4469.501130904314
35800.391485685635,2203.9343988666205,809.1597484992324,0,0,0.7092345832788118,0,0.39371405574508617,811.961401811185
37762.4678657515,530.7608782262531,133.49740033372663,0,0,0.8080598408277295,0,0.31720715211919515,138.46884674850665
32212.237148764365,3072.01336877529,1002.3386615717654,0,0,0.7566237222976533,0,0.41592449141724364,1057.682905003957
51187.800289303574,7766.445016008413,3524.891136281937,0,0,0.3737032282523172,0,0.4093485774100668,3260.1959387923516
61518.0470569361,5712.25595454385,1510.8865262135266,0,0,0.4329701233962573,0,0.39869474678872885,1601.2292290115624
43407.35659317666,3509.9408295591797,1453.4653699818405,0,0,0.3321857725344848,0,0.4171987694983663,1396.1390008712324
38993.27484542511,1944.3207301013026,47.591594280899116,0,0,0.9369151992493394,0,0.1793089314105772,49.80336353612164
38441.39399809082,3170.6725531606025,763.961288194612,0,0,0.6174587720951876,0,0.3990398048133253,775.2157837442385
12000.0,1773.7957497593598,636.7821937584279,0,0,0.9809289216647403,0,0.4343307215143338,660.3004779590322
46941.81037141781,1297.2936598471356,290.4528677979274,0,0,0.5594574811462738,0,0.38268211540690256,297.59094966882003
39609.99699195012,7300.567794294154,2327.852992517755,0,0,0.6421785369942363,0,0.33134120877034073,2472.3756708544033
43140.1046079287,7982.377537816052,3067.627271334496,0,0,0.8314351375971798,0,0.4762318593838071,3309.6999231201003
29462.453670995543,1730.8582969684273,270.8127586795649,0,0,0.8377789278575738,0,0.3947030008757106,268.0559975297654
33386.5174522749,908.9191915870979,192.34359555061027,0,0,0.3849196738391467,0,0.30614249782716524,188.19555020565946
33067.700761961925,2972.9833035965926,2072.411405451636,0,0,0.43062629290381704,0,0.579362657485334,1965.55386129424
50259.475808876465,3962.443855710615,898.5683350583635,0,0,0.2782454700380312,0,0.33640384227364495,954.9694965302377
33454.88196076288,2036.1593530689086,334.97550914357294,1,0,0.8443716012602522,0,0.307580025423885,366.2631434281163
62991.92386531757,2760.6868384891886,1522.5567943045678,0,0,0.8350892173546738,0,0.5090836656188188,1429.778770884558
43170.34902818045,2006.5305176874328,887.4070429740052,0,0,0.26500704652688295,1,0.42548337317205054,879.9248495033638
22691.80808005122,6306.954263243385,3195.553609869377,0,0,0.4059460725480589,0,0.47112057171643035,3368.32920768921
36457.44448097652,5844.334574354456,2815.4580027790776,0,0,0.5598936080769372,0,0.5460479918809719,2892.062648979835
30179.89853412301,5262.136368207363,2586.9474174940806,1,0,0.6334231548663309,0,0.4197551486960709,2749.9410812325887
12000.0,3404.1339280940356,2218.3998092906104,0,0,0.6180353752509151,0,0.5567803076503482,2003.7231968736182
57193.65128136547,7317.80705985677,3107.0969097076963,1,0,0.9864602301553087,0,0.5329560997548903,3362.7161917052435
46437.71050664005,7771.49406151265,4189.492686969964,0,0,0.8113003598447166,0,0.4946299314457091,3821.9499734118676
44398.48781479175,1802.29484469059,1056.5725164284947,0,0,0.290550257777485,0,0.5425369644036497,1045.0512585789481
39984.843923596454,2172.5948105890852,180.44488078517995,0,0,0.43480190235287275,0,0.2570461297630023,172.35244750228068
21415.78917569075,4442.232710002772,1794.8025655707538,1,0,0.47634178931744753,0,0.39685607863284544,1948.5072073617541
32196.594325334758,1184.3792696168398,370.4605126585368,0,0,0.4521184539606174,0,0.33713389049651055,353.8003946555311
48101.36929740815,3773.362991173346,543.7227528741325,1,0,0.8287565251802611,0,0.3185347775800288,529.9488340208095
25385.35964260997,4863.434485832826,2172.016060243885,0,0,0.4884490123112375,0,0.5242480896091507,2340.712229691949
12000.0,4415.551783529998,1460.02379804492,0,0,0.5939413752708078,0,0.42427833927039577,1470.9465690621657
35274.72790662889,2981.8143730851953,1047.326310160756,1,0,0.6267633342741483,0,0.4148886971536317,1130.735734886566
36298.909351669536,4568.343545579051,1601.3536104541404,0,0,0.41633893863064647,0,0.3911835502022256,1652.9073018628117
39626.76099697651,7691.0071569413585,3037.726994627917,1,0,0.45815663742424556,0,0.40804533291904027,2782.0667889774354
46742.223722174436,2045.1305321853204,778.8891435290044,0,0,0.8239980550565866,0,0.38796814117665424,768.7303539033347
45651.2697467745,5411.235187955027,1303.5178480895145,0,0,0.8933463711251564,0,0.32979894910912877,1219.1511716197429
41105.23766292706,825.4752061703889,102.03857525258343,0,0,0.22966408216536893,0,0.32592927445020814,93.16393927499846
52346.37665704051,998.1230336107619,431.4247290890845,0,0,0.684123648300264,0,0.5417645385955587,420.53720239619065
19772.362630240223,4638.711681676888,1062.2741469479854,1,0,0.7067484094194294,0,0.38760575078801374,1149.0468792720453
44054.98177372868,1287.0438524596211,166.36286184379284,0,0,0.7898473612380239,0,0.2876091928892222,153.64175707488104
45518.46036004331,667.60091320143,36.95429405400297,0,0,0.7550774185695415,0,0.24427226274709485,33.308916283118485
23125.252567037125,1786.3474823601664,650.4246422913702,1,0,0.9019395929306573,0,0.3804728094442931,707.0231794920991
19965.55269581133,4736.368782496808,2708.2727259948565,0,0,0.26277784980129254,1,0.5988892997382695,2724.579501992687
29048.694482292784,5775.057158891993,1754.9218917628189,0,0,0.5106977908237618,0,0.4232604524375376,1775.4826584216735
30061.502689816498,2018.58923106035,943.6917743466221,1,0,0.8256715585121386,0,0.47684381079645305,1024.5572905512934
47041.033562029166,5511.945779061309,656.401441871967,0,0,0.8772640095422073,0,0.34942985580596697,682.680967726758
30625.53459570686,1868.57248324422,429.0273561888082,0,0,0.4118147506245266,0,0.3815603145689235,457.069685664106
27723.81778062555,5100.930699734428,1628.2491591326086,0,0,0.6682272352321137,0,0.30679831767024107,1716.3353141941361
30660.39515966529,3589.697599218491,1045.1255881017637,0,0,0.3446120123874439,0,0.339518908412662,1068.5066013237115
51423.588009850544,5403.496320002126,1717.4451491168556,1,0,0.8807154798793999,0,0.43929764829641793,1782.158032962641
38156.52049252343,7962.895643594355,3708.7168743615116,0,0,0.7843441192408309,0,0.5466092260384792,3753.742918478835
35848.987695717056,7533.627239244215,3002.7425838733266,0,0,0.3776520631993105,0,0.4829925334819566,2915.9016492117767
36679.93401558738,532.1131837707773,86.90985652627165,0,0,0.6990185222524714,0,0.3218442490563952,83.17886132562428
53504.72401191827,7140.790732717293,1577.0281895026935,0,0,0.6074563007988308,0,0.3703568467617443,1474.8192435900999
29009.9392807611,998.680963810749,192.29212664370857,0,0,0.40706138497303607,0,0.2988527241338701,186.67727276443722
53786.099491281246,7647.849396198837,4031.794199543496,0,0,0.9144980811835275,0,0.5047818722544865,4093.800199642998
40525.955587058044,2613.692593247635,1007.6063371230305,0,0,0.31827143815586717,1,0.4340347105492348,1025.2469672374355
36074.967416295825,3365.2612280845324,905.7827621819325,0,0,0.5739678421189462,0,0.3716022752015208,939.0103770303657
68010.80597521138,1187.286538817959,215.0841243616711,1,0,0.6662386277208039,0,0.3587808887907705,231.4057933646066
25332.326122416845,1342.045687466822,453.32762049943324,1,0,0.8588365170616448,0,0.40868651838200465,467.0950141469965
33755.770885195925,5950.554239219897,1539.4186316130006,0,0,0.32014392989406687,0,0.2529734468770526,1438.0898735829203
23210.825130031997,7582.491768112187,2570.822763407313,0,0,0.6873396865587679,0,0.3785685262569438,2326.9533586069583
49429.54364643403,5080.613712157321,2141.1067435174295,0,0,0.20524779511588181,0,0.41271775116889037,2011.3012133251195
58270.26720382015,5868.875116451083,2852.875871109557,0,0,0.858065051387545,0,0.46287334940877334,3085.7289707411996
58039.07337685567,6214.773084478651,2570.31672862272,0,0,0.38778595931382515,0,0.4486575456035156,2605.0954965727838
52687.38503775206,2471.1070591470625,1317.607575794053,0,0,0.776732251160835,0,0.506934781160924,1409.4729968473441
35628.55438644841,839.222231901612,121.46820797666557,0,0,0.6815022314358494,0,0.3067285062440771,115.01359245125585
33617.10827012184,514.0455793937643,192.9178860333457,0,0,0.24010190636616607,0,0.4143202796582449,201.0158306142797
17945.96273007122,3129.86962215514,1572.2551822294977,0,0,0.3465840128571105,0,0.381987850604374,1645.10537181331
62430.482422181514,2310.9817114941206,663.3071216309936,0,0,0.4141925567101752,0,0.4218556646303056,704.3705014096741
43627.736937781614,967.3829378688923,82.61169550415721,1,0,0.9093821503915016,0,0.29543170022771886,83.19847238964199
32096.517141566204,1846.4621937025006,483.82058220702703,0,0,0.5846427109380965,0,0.3611323521291519,512.2219690835473
53936.68266784361,1433.7417370096086,708.7007621705785,1,0,0.9308025744842452,0,0.46046073880485383,770.4207119148327
26326.82579887999,7361.587854630277,4010.206748378122,0,0,0.23795992043317932,0,0.43578966255902774,4377.055208570004
42879.46441067209,1552.0041009437668,354.2182368763868,1,0,0.20525109897289406,0,0.4316750072821049,327.68279796684965
35928.450388509984,4532.3634799075935,1147.398798232473,0,0,0.9585972965642602,0,0.3380124684730809,1175.9248996378253
45664.125678563614,4948.294663341234,2389.298742315868,0,0,0.7791335253606282,0,0.40371068155677703,2204.599246158361
37237.11752976654,4576.1709328147535,1057.9545455415519,0,0,0.8266534385709223,0,0.34693743928987714,1147.3698009243076
20588.86530666531,1242.9232566199098,512.9191894784503,1,0,0.9326444912813427,1,0.43706313229024046,559.6352400497354
38906.91647204045,2890.987713129134,618.3693756453332,0,0,0.9876309538387968,0,0.3913242623245864,618.3189186786291
50586.369702504344,884.5274934736494,165.48216023373044,0,0,0.27816973432957587,0,0.3284184305437471,180.70298460954214
37649.40312975218,3467.5243557223703,775.5647664489019,0,0,0.3266330752976848,0,0.3403947089958322,816.8622908552302
47301.38145906903,1914.49198453694,291.0758638008033,0,0,0.3508587591630492,0,0.2877811853096509,302.4824755009696
25453.646171911365,4712.2439996328485,2006.9581692641625,2,1,0.854734127028427,0,0.4817798235908407,2039.373674349941
37684.870480761776,5696.062953868254,322.2224596578455,0,0,0.48443993055939805,0,0.22242332098405992,316.2147890064608
30505.87453893707,4490.898951535299,985.6993155916247,0,0,0.6746171577863486,0,0.3708853616346477,1077.1288636508195
46963.770081256516,3756.775224585468,1538.3970312844847,0,0,0.8841775296011847,0,0.45253683687349616,1445.1859689015255
38377.89874714395,3405.000656425193,1591.5334176012966,0,0,0.7465278718036026,0,0.4989546631266044,1687.833252225525
46280.88411603935,6812.688260727528,3556.672740049331,0,0,0.2523323151787993,1,0.4780930057709077,3462.3874380923394
51052.52511389439,2145.2604879895252,387.989386323683,0,0,0.5565390853798587,0,0.3918510295644515,407.6407155534499
46299.42290145666,6006.637546466516,3173.573679209617,1,0,0.2540000412858306,0,0.4508157185138577,2960.111299232913
41277.42121152373,6181.117435550893,2870.890405465897,1,0,0.5830748357484473,0,0.4415152268127609,2798.144517767951
26021.452897863135,3644.0000545305084,1760.8841404070279,1,0,0.3754421723144005,0,0.46324483467670147,1918.006538339227
37966.566671997185,2729.754494192295,2051.808746556504,1,0,0.2010465596200775,0,0.5836564015492851,2075.320519996382
31602.91517581,4029.061145344814,1478.4785435911645,0,0,0.850521433433636,0,0.38217557997774726,1475.8909030939146
33871.23251954928,1199.1044441952388,507.0355605340421,0,0,0.9755062755222876,0,0.4005435880367714,532.6009987164148
33505.59019099699,844.4752417181749,382.4355791835614,0,0,0.9713061454167324,0,0.3597417939080472,376.09125335322693
26240.893102613067,1337.0239958891884,307.24967520271053,0,0,0.43934815501065905,0,0.41612558513550146,306.8210343144436
14511.936930392123,1903.5877359666963,1382.96442299606,0,0,0.8630188880502747,0,0.5775810162955055,1399.7278843079566
29982.283420066797,4281.326152535323,1198.4024394948456,0,0,0.743021521131934,0,0.36150660796466966,1315.842741425081
40320.55342308991,6868.524771208416,2926.7126201082224,0,0,0.8400611122394692,0,0.41000801179972773,3105.4605755497273
21821.875454870118,2267.317489997652,468.3638343298962,0,0,0.8769904386100216,0,0.34663070372326926,425.2556532013073
38188.186837659494,7513.715080600836,636.2669246048877,0,0,0.9842229912410658,0,0.28173720925083995,672.3582482048702
60803.221091731575,7661.809317012526,3765.4763290538126,0,0,0.32138371013363565,0,0.5403850879377922,3767.717227448536
50276.67866302687,7691.784536339039,3249.7983480346065,0,0,0.8157968191874416,0,0.4206875932920819,3074.7419058450328
57722.49810944635,6781.720510072429,767.3203587890853,0,0,0.7873228832656034,0,0.28834792831802153,821.5702639791614
42693.53452319271,3228.6878059829046,1056.5821655019718,0,0,0.43018867015081397,0,0.42782221458616954,1008.091763416865
52010.11787583735,1045.129332519673,135.12599393928087,0,0,0.5140700446427588,0,0.33470255090674333,130.27256943958247
29312.42323438655,4766.140488248711,1017.0256716190736,0,0,0.34140643813959437,0,0.29782482490752704,928.1362968801037
30267.91679573619,4690.110829529253,1627.5409648581021,2,1,0.9306185544686136,0,0.5274334662930364,1783.0052940700348
12000.0,6874.818253321967,991.9633826180823,0,0,0.9034685798394173,0,0.363366600024503,1050.5650774568364
52233.74568850759,7969.932882095789,1469.2348772405887,0,0,0.6912280116811376,0,0.39072863270489133,1365.83063752428
56483.88775783863,4311.179799201107,1936.0804741266666,1,0,0.6093039999077652,0,0.40284330898440596,1932.0339745634642
31361.87305583276,3089.030232798382,1031.3540431085528,0,0,0.386310688306759,0,0.3989330487753457,997.6797533532485
34952.57952323318,1894.2628366720025,1189.357250005973,2,1,0.831682845623974,0,0.5889835721360206,1078.127151787068
28953.654635708463,535.9986861302805,271.4980939748461,1,0,0.2065639298563137,0,0.5123074856932789,294.69603450418447
42591.8426177299,4318.352693666594,1155.8345405121613,1,0,0.5702293532576386,0,0.3766187299282783,1234.2949552543137
51499.19054363889,4666.390000269468,3710.1092552977466,1,0,0.8884409417010855,0,0.6558558701884415,4071.4201986356393
17086.736313427507,6687.038598630481,4204.168573925217,0,0,0.6947882675462025,1,0.5543077607847622,3987.6663217959685
42913.26236770703,4284.327259196005,1603.5055798256487,0,0,0.7080982732573031,0,0.38205547438221726,1667.4588633859296
34679.93873937026,7373.512614995424,1534.5745870055619,0,0,0.25656594049555537,0,0.3469322732262494,1417.3850521648271
39360.732703600275,5210.626074285766,2609.322862008307,0,0,0.42936378355672417,0,0.44540329106192655,2573.5194150337597
43507.928020091495,6802.521786658123,3242.4584792110177,1,0,0.7390897644769456,0,0.42155083583014435,3467.3161967052106
35741.57073472615,1612.2630110581033,473.6557984722967,1,0,0.23969384100246618,0,0.361702294146804,427.05353569627806
36756.95775913063,6915.020977267361,2431.5093421930023,0,0,0.46474860278850766,0,0.4159146605977127,2422.123980738
35433.49798934433,5563.578908328863,1906.5463996708474,1,0,0.4831556508478955,0,0.3655103472499002,1881.6455948221942
49643.79442145937,1776.7477432874791,1019.6332542238255,1,0,0.5989747112273949,0,0.513154364509697,1058.5829335350734
43025.11952152996,1923.2266860950815,1012.2299230265971,1,0,0.489900201907731,0,0.43288688863489483,959.1741688346902
40647.002452848326,7448.75464283166,2785.050738262552,0,0,0.5632940299711225,0,0.34223596371913884,2603.066212406646
22748.579346892606,741.6152033777965,345.00223890714096,1,0,0.6375978771564822,0,0.5307346913955995,355.40058033017385
33457.04308144215,3969.0120747177957,1092.7245528372857,2,1,0.3026782732292297,0,0.4575852842427076,1123.595386021893
48784.02992407009,2851.0646745057616,590.5860383678275,0,0,0.3443803317391977,0,0.33512437914851023,620.3260294510641
38452.35887748707,5488.080799988211,1708.1423146711843,0,0,0.8660087954845423,0,0.37543917394106374,1621.6807511153836
45914.37763506966,6797.22040676744,4383.272770181279,0,0,0.567814353975838,0,0.5605795401127719,3959.2575184019115
59198.1416039316,3202.8359116742718,491.41095177307807,0,0,0.4841216590771549,0,0.32553143294004067,528.5574638536285
50463.2728305058,3701.765654921279,1502.9992922958393,0,0,0.5471052113453434,0,0.468359134606519,1414.7246890200504
39117.90005239691,7864.383383760606,1969.5567751052495,1,0,0.33985484224959683,0,0.37393096149291377,1937.243661173758
31868.129957651276,6379.373822594021,2816.3491701977064,0,0,0.39187780380207915,1,0.44777210391906175,2798.606464053302
12000.0,7229.030981988436,483.7834831658166,0,0,0.6124188340532275,0,0.3205456181152117,453.53104067237683
35979.38093032577,3790.716654887223,885.8083116054196,0,0,0.4871411970411716,0,0.34025132699094013,889.4985166095589
34087.85005019781,2255.571529880864,785.3476861469037,0,0,0.580364882404169,0,0.4045245052961615,850.4201260096328
42684.39433274451,3588.9759903983877,314.98376886332966,0,0,0.3197637382572315,0,0.2794156902496632,300.57980684424325
36153.13727630375,5870.689383736351,4393.239855832275,1,0,0.32517466585842547,0,0.6414957179093606,4411.111309273981
34155.37928675847,1320.7280362698448,761.7008117748211,0,0,0.5071544157061036,0,0.5229055121022383,732.5575872180237
16647.212833913352,2528.5182921238165,559.516015444588,0,0,0.5030861061563174,0,0.35221611115106916,613.3107305733789
26720.386050199202,849.7692534619279,142.88604673915196,1,0,0.9066658748198295,0,0.23858018621343055,134.90153141252534
43719.81248960669,3742.6080375359866,359.41352961858587,0,0,0.22676110459105392,0,0.30751964714743185,331.3311318734352
58590.89157359234,6705.8430198471,1964.8362704089463,0,0,0.9942843533220347,0,0.40992790034153426,1824.397021262738
36829.69539505252,684.977662235081,306.63543564431933,0,0,0.9652184473812015,0,0.48809910520070887,298.4819744787469
41933.73288288948,5564.926451053745,1352.694409968777,0,0,0.6338007605263973,0,0.3513061583544665,1366.9928111584866
49429.73788343366,7493.7190588530475,668.8796303323198,0,0,0.7750062095640218,0,0.31621137158159673,691.3554611064133
28269.272765597,2276.958961333867,809.8585879624736,1,0,0.9482037259853962,0,0.42829816573071994,819.9677482422393
42401.768519425306,5702.261305457361,1240.0392196455357,0,0,0.40095512468286976,0,0.2666888574380429,1340.615471867926
29114.118724014097,7813.264258251503,2390.232350844873,0,0,0.4525044864512868,0,0.43254286519641405,2323.4449879642107
48377.89326189214,7717.085451143474,2239.2450383640025,0,0,0.2887397467184927,0,0.37404428157275366,2334.3384529794284
39816.83657542079,2261.968947718575,643.6826994572821,0,0,0.6510768938600436,0,0.387517594024865,613.8391351586673
41581.421767777276,1252.4828990905153,704.3029161719071,1,0,0.3275587005364182,0,0.4781134301229378,729.9057315776604
28608.81683097693,1612.1190342193695,894.2423619095989,0,0,0.9446964931178836,0,0.5275709263912773,970.3986315450338
46484.388315329415,5765.267513616066,3466.4165357718516,0,0,0.5452534776847593,1,0.535068997792285,3798.08587852881
63016.555054772194,5943.191565899567,2089.518168249895,1,0,0.9357493809605406,0,0.3414630560910096,2185.5081367497546
25905.05965486153,5556.774212211492,594.8303157780631,0,0,0.3640799213072592,0,0.27074906094289986,647.4664322347638
33922.891908229714,3020.5879080667855,1171.9777343421906,0,0,0.7552291795890651,0,0.4812960300239141,1214.2707126714233
40779.2896900171,1773.327048185916,1018.4256212002431,0,0,0.7180736624429045,0,0.5403385868667108,1112.7718045890194
47436.8745439498,4855.708189641899,2243.7007634064134,1,0,0.5197405443606629,0,0.4447341723999102,2422.308574649365
31285.444576526374,4127.603343183999,1594.2667999903206,0,0,0.9186745016847409,0,0.411105656402781,1468.8361539551538
12000.0,5966.256103417276,3254.8148073203433,0,0,0.5478416407378051,0,0.4600261023232484,3237.969945898687
54310.2739299683,3810.2005901421608,1982.750823228876,0,0,0.35874442437161397,0,0.4509120363017933,1922.2570510714531
47126.07343500971,3039.7977101485126,1650.2555400940496,0,0,0.9815883049170369,0,0.5023363697913134,1494.1410638206014
17084.62963416002,2701.089330192608,958.4955425321975,1,0,0.5531851223988471,0,0.4753136349212719,952.1511103259644
30709.174498645327,2086.027400373099,1093.1368990049948,0,0,0.36645838214218784,1,0.47321943322056204,1016.2568403458033
56818.18915432791,2493.0978213999606,423.3340884630342,0,0,0.4909061283851429,0,0.3276512418713241,384.087031308944
55373.55702149439,1211.2282913307602,609.3998582533011,0,0,0.6908075652297496,0,0.4472354666821074,602.6986671736202
49263.680272147336,3101.4275819666714,1010.610350742298,0,0,0.6096220284890981,0,0.39283971058036876,956.519563014521
35886.65079248165,774.2735927221865,215.86819899787318,0,0,0.7080936182642137,0,0.3891502840588302,234.66133056046013
38995.84902575012,1898.103853747451,449.52752250404205,1,0,0.7294858228147818,0,0.432466951377298,477.640732217622
36428.89033848648,6100.778334645718,956.2141815003732,0,0,0.2987048253702703,0,0.3674827949520798,1043.453643344108
51538.877399226054,2941.0174150746698,624.8499004815675,2,1,0.45190797117882353,0,0.4925484098106337,672.5215626916981
27489.891122058678,5511.777627330079,2699.6181715342086,0,0,0.7989607926306144,0,0.4522717726505441,2822.6972151991604
28330.404141389543,5876.63131697958,3550.347578759274,0,0,0.720293799322768,0,0.4852921774382744,3619.6805942656215
50123.29504203219,4858.890070490851,1362.3569810728923,0,0,0.2706786694608653,0,0.376191490675229,1243.9557756915322
37467.66253386126,7690.233060240488,1062.4630082639644,1,0,0.4521180683982735,0,0.28785276527901266,1012.6987780962905
54541.6082654457,660.7989996733495,286.0863708126338,1,0,0.9450577194958509,0,0.42714624137894686,298.14439866324705
29941.853516233452,6039.894879411066,1970.9832759944984,1,0,0.8896101247067532,0,0.40788414631886105,1932.0290262067983
37342.6596759341,7690.89982955306,945.5430604268056,0,0,0.7365142820636177,0,0.33097330020857996,912.5179453631564
26931.04418187256,6967.037970147045,2009.31017192494,0,0,0.25829105642914457,1,0.42796321444279667,1850.160000585055
38088.35217708281,1759.1951885376,1009.114641326068,0,0,0.6856441492701753,0,0.5286957180080315,922.3679397334942
20257.436756014413,2951.152296887991,656.3467006202934,1,0,0.20975050547169458,0,0.35602754575482193,618.2769914941534
32148.398948540445,1793.3887990734904,815.5228391658875,0,0,0.7289011241357548,0,0.4220638940322781,870.0936802461234
20764.953620862587,5009.812728610281,1210.8138938030947,0,0,0.7849692392052441,0,0.40719329072405347,1250.290287698998
46327.0787982951,5841.409864846192,2655.934225491581,0,0,0.5977948956835939,0,0.485813583911798,2571.4471677661422
46599.07207711582,2878.0532702229366,1582.7834807236925,0,0,0.20304531552081492,0,0.4804571855254676,1443.8241022091206
17236.84723418786,4546.299304882215,1684.9452511200482,0,0,0.7332880947231111,0,0.45076079495608223,1579.9302063606754
54006.62894600687,5681.904275533962,652.7764366830527,0,0,0.8557920684311286,0,0.30617239365425636,646.2336353401918
67968.98151703825,3660.048624582863,1850.0682733418994,2,1,0.6686939743849383,0,0.6228288208924868,1721.7541697879642
38552.076640836094,6905.116478415945,2876.9219741143474,0,0,0.7673580037854069,0,0.42796987565311656,3028.0181614872804
30306.62887730426,6286.624514658629,4003.943760112172,1,0,0.272257087457736,0,0.5285350396356859,4235.079459903473
71891.96709203656,984.99157887928,166.546618542214,0,0,0.7722574813409473,0,0.26261289170201696,154.4510411585346
22172.37802036987,5158.439743181218,1804.0462094395402,0,0,0.6913543696332922,0,0.3889900519300469,1885.9034753092153
38241.27760242918,2264.941632198122,1716.393913866451,0,0,0.46481578002466767,0,0.6576078009939412,1720.5953500531748
40155.46727158308,4681.386985004565,1034.0049455988303,1,0,0.7482671962438519,0,0.4561624269089479,1129.6259062644515
54141.771445428974,7676.6633197472465,1152.7217719256673,0,0,0.716466305927536,0,0.33542442316627374,1219.0188902319017
42316.86770152146,7092.9650341418765,2893.9398591237295,0,0,0.6795681919991314,0,0.4138832791137835,2943.3094500878437
32016.393250538582,3533.873023363488,1496.7315214016728,0,0,0.3463563226531382,0,0.42963327858785905,1527.7491510245186
26585.787555344526,2686.3539375826504,627.973424926,0,0,0.4369773798069636,0,0.3532977065834199,587.6464903313852
33898.13815704637,2258.0430830619425,1218.6919273325377,0,0,0.993106217412588,0,0.4796573759797508,1314.634048923821
25916.87166865827,4493.8615231739,1645.357281030302,1,0,0.5464873392492957,0,0.44638647218321936,1664.854020735022
38573.9038374162,1356.8633994354225,543.8526229913247,0,0,0.24754121884394886,0,0.37537821645826874,551.9121919036215
31229.645841674163,4619.562560961865,1927.713692414856,0,0,0.9192042486510623,0,0.4390530259024378,1956.7906863615672
20071.546480522993,510.0022961809401,213.7508834079231,0,0,0.3383456699399735,0,0.5118897971755851,204.18492265301452
53061.749460498846,2928.8722305938363,1567.266797301007,0,0,0.5228158555711971,0,0.5325983839419457,1665.0926427458016
32027.929718851527,2149.5073537293592,1028.3517260255846,1,0,0.42239913076879754,0,0.5471425997419166,1102.8742116176654
22782.358340296247,7784.1409247058655,820.2406333839353,0,0,0.9711003625294106,0,0.29220920853622134,785.4435423894738
35980.8903861495,5954.317396774843,1463.2338276315263,0,0,0.5024788631278381,0,0.33499726563192145,1446.193041649092
38820.458791611905,3122.4003534667827,1416.9065757645965,0,0,0.7669735711282841,0,0.46693723910535245,1325.9839323684932
17042.399293051596,1196.3381489796539,336.6927803311275,0,0,0.6787063775456559,0,0.34613236646288853,319.08660619365605
41979.772005509156,4376.00446017968,1234.7114521062554,1,0,0.23438013728148288,0,0.35641000673016165,1194.208673131514
25434.109175716825,2100.8591099453174,1093.290190840081,0,0,0.5074517427997391,0,0.4758190305819005,1181.1884009309017
58532.34571028945,4523.221594237683,1219.070102133259,0,0,0.5120175700850904,0,0.42038188836516865,1249.8295965495936
44287.52614492082,6765.217656341693,2135.7677585372517,0,0,0.9918666603236093,0,0.4296994940360773,2173.33548389934
33201.200118688204,5118.444140760391,1739.861586421784,0,0,0.8495429608468403,0,0.4235515821950194,1895.3208134962706
29057.986756191793,5253.413146587516,2154.3960713467795,0,0,0.8853234208972174,0,0.43873991681954694,2279.9200072878807
36740.38750923651,4557.727167971087,3217.6344786991176,1,0,0.45081693601693984,0,0.6383527585241898,2906.2000074836565
45353.48889899948,7454.492244735568,2994.688767257938,0,0,0.46324369209067184,0,0.4484362420981034,2769.688585518215
37694.070456977606,7489.270133154525,2339.3167193649724,0,0,0.6124845667486231,0,0.3539188300034697,2221.299942647227
35394.09431435772,4345.424008051641,875.9910452044116,0,0,0.7048121061827486,0,0.3477080721312916,841.6382778227941
38700.443489814745,2793.196153576283,1150.7684032538662,0,0,0.7826347904920266,0,0.3978089380225498,1227.6540564876357
30753.692825156544,3946.9025440958294,1010.1641823899802,0,0,0.8566414846289505,0,0.34445402307484224,1064.6945818823017
33881.528877883546,1899.1843414671175,472.7606914965017,0,0,0.8985617754724433,0,0.41737340585926047,439.2369865174923
12970.490733139952,5272.58236488567,3103.5180142481804,2,1,0.2197007286672327,1,0.6272910657570138,3124.5801667851097
49684.71477022841,4250.692518366749,1296.8978532497836,1,0,0.836876706441547,0,0.39192463767066194,1195.5106316313472
41585.57336386114,1274.753583599599,1012.9476041979486,0,0,0.688669591834427,1,0.6183215498792005,946.6773584965573
28718.52987159884,1982.3583583971151,1263.7651814420383,0,0,0.6256678235739758,0,0.5339715177798793,1198.6023362157537
60784.81977626287,4097.239671496451,1000.3642000764982,0,0,0.702773069486667,0,0.27550680088629714,1081.4527305989077
39044.19776470864,7156.917430391438,4002.288710834551,0,0,0.9055505966153508,0,0.531372952232536,3894.804736611287
25566.27713629764,4747.930404733231,1415.7963674837697,0,0,0.6362327154460514,0,0.41115105471412494,1533.5389489254922
48280.8490576455,5611.512501563531,818.1501791342329,1,0,0.3297504047191738,0,0.32296190904305144,859.1788989116853
42776.57859811115,3042.714123079323,927.8268767929568,0,0,0.5494217201562721,0,0.3597102367856624,974.1079907488235
42734.959825810634,4785.585447831757,2828.4505119920395,1,0,0.9395676268473692,0,0.5872789263573626,3000.1326946954578
32890.932744180915,3855.3486697855055,882.9169484414494,0,0,0.8515870055258037,0,0.3340429468940982,811.5712158650347
43405.948685336414,5443.474344673705,1578.1433883884795,0,0,0.36243648113194493,1,0.34877706095222016,1677.445541182722
34858.90051734687,879.3167455925777,316.38943525291006,1,0,0.771315000618374,0,0.41605720020181514,300.73344448912786
44671.2974197501,4199.751621792193,1970.4809839843008,0,0,0.40498137719138527,0,0.4895395503266887,2161.1965106579482
15140.666551872335,2719.944688579752,425.12008428719133,0,0,0.4788295975922224,0,0.34031469964966105,454.72571550869276
32793.518444249734,2946.3879595843196,1534.8411038443953,0,0,0.5751338911806436,0,0.5073970496874355,1687.2955010992466
58665.86117369834,7706.880736685461,1729.1027405863872,1,0,0.5526957022885535,0,0.3985716251881595,1880.2665296196353
28795.190535196394,1870.2110953353708,1125.1644448716859,1,0,0.22342386134411543,0,0.5325568392493021,1093.5989101417977
30753.940430081762,2834.3393943394767,1321.3302749216978,0,0,0.8192073799841324,0,0.5136785005658487,1438.0539473866152
32624.4639386003,4324.194317981539,2558.8039836608773,1,0,0.8771087953347572,0,0.5364325567720705,2471.922339668375
23422.326369336282,6972.7021111221775,1720.2472933978813,1,0,0.6247545917434634,0,0.35791087809789957,1775.0449868668084
12000.0,3625.0256240477784,1124.4194001544615,1,0,0.33836086629475093,0,0.3720569927128077,1196.078676175684
35232.96321771665,6078.989606661283,2490.0599244347495,2,1,0.3983504203882753,0,0.590028543754775,2431.279432410308
39630.313088979885,6922.805736611018,3679.6152102345277,0,0,0.3010673686073182,0,0.5156029971351004,3461.6843013723205
37369.93917753617,2825.122668663867,1735.4313343740257,1,0,0.33560500346644273,0,0.5135202844892234,1872.4911708668374
36261.457256625356,3445.6263765403246,772.5577257597317,0,0,0.9011179150236712,0,0.3336566120464844,711.2601857290707
38516.49045020465,3174.171677662672,1340.0455677723992,0,0,0.5841302327279967,0,0.39921363214420214,1303.8577568905257
50274.09765860917,6746.4185646344085,2812.035444936608,0,0,0.28881077428058843,0,0.5056146656409557,2834.853793826819
35714.6457688494,832.6014646520086,260.95921138608355,0,0,0.4037962095909496,0,0.41041281363981647,276.86465798300753
31111.009074952766,2813.1581662151,1730.8616147698983,1,0,0.959601132984077,0,0.585825425662178,1858.5455222156702
34626.49418134296,5595.564181963474,3288.0127367350988,0,0,0.6074125521114193,0,0.598804304560968,3295.6627914784726
44952.16111708131,4740.82624674007,1143.014859425432,0,0,0.6125074370565345,0,0.43359901359687103,1159.7935750584888
54944.32254251899,3772.1701947027072,2036.678113093906,1,0,0.6205158910412547,1,0.4769369408360346,2180.803884202952
30462.27512996986,4549.611704160383,2513.4229680927833,1,0,0.28929345149447755,0,0.6149369328760675,2496.8405170306405
39187.205444346604,1981.884393712387,376.1330794016492,1,0,0.9762509269285184,0,0.3663723758510996,380.5791891187855
42060.28930323152,3730.3746620600778,1779.3613195346113,2,1,0.2675885978785716,0,0.5184787857670166,1607.9870516126377
26089.063919254128,4262.7723813226185,895.770904496713,1,0,0.7600307368698906,0,0.3549473980934213,976.5907085669402
38245.00600655502,7258.918414659513,3163.576347263955,0,0,0.2462118551659904,0,0.45081704907006986,3205.827953122238
20411.91371189486,2456.2637210298226,697.7625066995139,0,0,0.5548734163348207,0,0.39539809647167146,729.5210708807138
16771.396355127214,7008.713766236994,3330.8506715507942,0,0,0.9197426184049418,0,0.4762295163909286,3162.917822006672
42400.95689470708,5331.8105061948645,489.88592902771273,1,0,0.8147556339080113,0,0.3167138498212892,505.2280251137349
33393.503104030606,652.5562330070074,66.80965535872507,0,0,0.46774081730656303,0,0.2683913241392822,66.2755213658654
40427.36489145463,5934.735026745452,2181.612064163447,0,0,0.6410782127571995,0,0.42858462488245114,2012.524100453462
37785.2602758998,766.6390816179132,300.5610128754554,0,0,0.3322197244945887,0,0.4098614865029819,320.4080312193582
26283.199416034433,7980.358451103598,2002.3398593445552,0,0,0.9648961915397105,0,0.3712356180305401,2138.234154003291
37456.948376427965,7044.775157683984,1126.2322136421117,0,0,0.766941874998931,0,0.3156270576087969,1027.9601766077992
23202.784339821737,2730.0781065503425,1185.609583361991,2,1,0.4994350087813333,0,0.5293683075066742,1159.669687989735
54691.66829601681,2430.584226475291,67.22478247179663,0,0,0.4543476761234224,0,0.29303976164306733,64.28628759109645
21728.355861680437,3360.808115792067,1158.3183165722776,0,0,0.3909109996442244,0,0.42575013111843263,1162.1104896538104
35650.576748377025,3171.252239858323,343.4368115356138,0,0,0.8292156394028836,0,0.3161363858715646,342.6672415819304
25492.74094343302,3292.533637890358,1661.7317970403747,1,0,0.5476914003291289,0,0.4598626073847053,1713.7198848927615
44845.054080329544,2887.0740958961032,409.72134594915747,0,0,0.46417377683553973,0,0.33744631700919964,389.0294069085703
34022.82354462196,5158.500551362486,3399.5237509849826,0,0,0.9241773976321741,0,0.5455534585147706,3210.3058737194865
31775.999364545478,1731.9774779046797,239.2965468755819,0,0,0.3201743580571685,0,0.29599334374898045,249.98480495050913
48238.41854061865,6844.859693345099,3778.7736346597335,0,0,0.41106839525115807,0,0.5388830448458602,4138.6679689143875
38353.167100130624,6593.018630234865,5655.117720574435,0,0,0.4758125699838801,0,0.6690302568893765,6159.943770846262
44199.73335123161,4073.624058914528,652.6601731321372,0,0,0.4078811884387381,0,0.20209191476794247,690.7737268613922
26224.088761790423,6895.474739589107,2476.1038485470963,0,0,0.6683224329768841,1,0.32618433699078114,2261.9050499214322
21142.19667286992,2353.5880252272,503.2188238239506,1,0,0.6808248892023445,0,0.409101127448372,476.8274109847944
39286.4955444816,631.7409177797521,158.28530553336748,2,1,0.243799177986893,0,0.41285583459120107,164.28835168410316
34173.84373406322,5144.059437723673,637.0347002095198,0,0,0.3156232512518594,0,0.2532547128516863,611.0147162294136
45517.21606944733,3934.3205522353655,1766.772836662877,0,0,0.3588230051034759,1,0.4463786254874345,1729.1841423615112
37041.098568049405,4753.7340972190295,2470.3026284338885,0,0,0.25626245481201615,1,0.4944256788800538,2694.449674857417
40460.90407081556,7245.0455676380225,3321.0264972180785,0,0,0.29980959143945046,1,0.43691172195225914,3046.2495925041726
18519.40964070508,7774.441801744576,4111.440064829539,0,0,0.39172111118849806,1,0.36590232665568656,4408.487800609599
60661.243275371075,5258.398548167022,501.21963760710605,0,0,0.4764964859102152,0,0.2991177222063875,456.13975624035544
36029.09617961562,6230.416923893288,1853.3589819497954,0,0,0.8330472096500536,0,0.4559426031099978,1793.2888027621623
46371.04364407039,1128.563251153732,265.44323612247075,0,0,0.37432406311145994,0,0.3008117537248117,268.38441703676324
27966.899957364483,1705.3668866862922,474.6046518424622,0,0,0.7360206651546788,0,0.4411790427994733,460.97250739007626
41696.11882660809,5999.036037147324,1186.4965073412136,0,0,0.2463048156677795,0,0.3278539320273794,1294.979550257741
22365.862837703055,3735.2409229100144,1432.602825338791,1,0,0.7265927410429927,0,0.4939585406463565,1433.8563769054952
43424.81405911605,3844.739528033043,2510.6845114323114,1,0,0.8357753645241661,1,0.5688078292976728,2628.1037136661084
33728.31098737001,2814.5576122657744,701.4679656380265,0,0,0.683846359075704,0,0.34032398111717954,729.8164339366659
38350.28604722681,5055.172876083078,1454.1003807864413,0,0,0.3611138322999068,0,0.40464073466277745,1551.5519607048832
46375.68836156117,1888.7378406215196,721.4060711015261,0,0,0.46432641108992484,0,0.4743480774635117,773.9120418415824
23209.516265356637,5201.872094854217,1282.2152088317935,0,0,0.8441450790890097,0,0.3024770053495157,1273.5774358952617
29786.099232646437,1803.4914285142977,251.26151501270814,0,0,0.5455775139930049,0,0.3170939979117054,269.5032396705575
43487.89137304119,978.6952603228519,185.29356590590345,1,0,0.40418771834269807,0,0.3766038272111666,190.98021877446547
63178.65769456096,2977.6826652429577,1089.6833935796437,1,0,0.9461532292604313,0,0.40095804854115535,1130.2329081728562
36343.01198406222,2233.5525650738573,346.88766566909266,0,0,0.7098838852884726,0,0.26725613909574863,324.21762698029903
45093.63341508719,7167.4372891724925,2352.74748221971,0,0,0.8445717684385758,0,0.4796614590973868,2232.804160397359
36716.34236169824,912.1509040146996,183.77043206267646,1,0,0.21960150792504357,0,0.268415719968687,190.66787585020114
61306.94713707559,1824.6026943059214,710.6505399863267,1,0,0.4714692665304798,0,0.41268992580552544,677.3400249893389
17033.339996416933,4615.39704187287,2263.517647868505,0,0,0.5671175219063975,0,0.4678083230915202,2259.0087192237797
39135.452536032295,4108.003931356052,1886.0588183946259,0,0,0.6699372433086104,0,0.5403632098518395,1882.2736122117215
18493.47159725527,843.8901378102616,189.36620965186904,0,0,0.3519775091761049,0,0.26197810760505497,179.29331756600118
12000.0,554.3932101135836,66.48427856514752,0,0,0.5983628421753471,0,0.3033532646781799,67.36844044597396
41569.5446374138,7910.509564708625,567.7007817030972,0,0,0.7485002941517502,0,0.2567883057126344,574.9396565336767
39673.97355376951,5441.260252691286,2955.9513076464536,1,0,0.47670084535361934,0,0.46870771299838265,2736.6291519479955
34581.95674709359,3240.545981761676,1100.6259962341508,0,0,0.7531537624304472,0,0.4654115403992552,1074.4563657042506
36725.67091952296,4028.24185747431,815.8575964035933,0,0,0.5117232322974725,0,0.30224515369929034,793.9642664991342
75179.59320885509,2499.125903407152,1624.2689209309724,0,0,0.5755707218974196,0,0.49219224368603975,1644.4386392531117
34901.898343622786,3086.5533776990733,1083.1168782873249,0,0,0.3074343204578133,0,0.3608501770312996,1137.127848687791
44121.4923350009,5367.833504511605,3722.6077849766125,0,0,0.7210196528494435,0,0.568649023450312,3363.921916154627
30207.62216463343,7121.08849150528,1977.9776948459519,0,0,0.37942055041869766,0,0.37398926740927163,1832.620560050135
41542.790900487234,1880.9751731088866,508.3744206233757,2,1,0.863080103237674,1,0.46091159591247516,488.2422776703609
35141.19589933259,6802.711290389891,3719.4711885268234,0,0,0.6427546968375656,0,0.4747227068733498,3950.385812788033
33073.77820724324,1411.674721387018,578.0279423396494,0,0,0.6482053996921637,0,0.49109534119567977,575.7756862431777
59826.782386403895,2112.441676912934,651.5020066291157,0,0,0.929981217930967,0,0.31000991325581706,652.9205332975308
52126.21955821207,778.8146603723449,352.79148090246383,1,0,0.333922169047589,1,0.5022536852151696,346.38537508780547
39640.959768790766,1556.088965697496,583.924492547062,0,0,0.6241877423021329,0,0.3628978153117194,574.0146779289687
12000.0,7379.77359098038,3111.7232856622204,0,0,0.5057640083567101,1,0.48270316807328456,3408.9282848201124
33667.88932096917,3945.7905996378395,1440.0768681106601,1,0,0.9730592600797416,0,0.4466448176164324,1554.8915622491118
70436.33077286101,1082.4939633376516,174.7585847243572,0,0,0.8341712374784402,0,0.34788505518771773,182.65303652600034
35232.0600003235,7697.95128529221,916.6342438727694,1,0,0.8060006917032432,0,0.29995738473069106,884.3839774789466
51238.610864643895,7092.442308189876,4007.0389125109305,0,0,0.3632970849077517,0,0.48707760999840327,4018.0078106767496
55303.30882343121,6160.118906511059,2873.4145334593563,0,0,0.38985859667868494,0,0.4674848065006509,2982.2668848669164
40627.5669902717,7501.0459396066835,1815.5295302503725,0,0,0.22334466191346306,0,0.40395107119411,1777.2491981921323
27898.140417582174,2150.9706562682313,598.2415682644105,0,0,0.7108282895539648,0,0.36242710673124556,601.169719640946
12000.0,6772.769697575647,3419.929770742844,0,0,0.49666830547054475,0,0.45673225779464016,3177.600994185665
46209.958503307455,5674.933972657296,2368.2398651768754,1,0,0.44963255549946635,0,0.4360763964243269,2175.738266280512
28222.927966117422,7023.194371757662,2585.103173746344,0,0,0.709624980408724,0,0.40524825446740825,2413.095446022311
40113.80542265231,6476.8367430697235,1197.597381593867,1,0,0.8629500922052362,0,0.32668557602375503,1258.832246602991
23002.155924927632,3098.7129738261874,630.2668948002669,0,0,0.3064236367945543,0,0.407755537709902,591.1855604839574
34817.149514357574,6307.989027629417,1155.3377832333897,0,0,0.9349291631247747,0,0.3015230812022377,1253.4771839672992
38404.62865881264,2468.4222723866774,350.5979102581716,0,0,0.2274169832770488,0,0.3643668722326338,341.3806105370713
41223.12297253157,2964.4412227104112,757.657517324751,0,0,0.2760850721881072,0,0.40196417619391495,707.5055612377844
24622.133751771027,1309.2928791723211,399.38449163139006,0,0,0.8705025112975797,0,0.32961263009086517,425.36398429624836
52362.931385136224,7513.074619853515,753.288353839845,0,0,0.5941630614540433,0,0.26658025456047335,746.7568678230598
30837.262583216343,2682.5252255021114,974.1179481046512,1,0,0.9514038834167018,0,0.411394633372103,952.3872939403412
17906.366474561055,4404.668488785888,1310.966699334287,0,0,0.5693223972729765,0,0.38154235275224935,1266.2504580317939
36691.71896043843,3434.996273496445,2689.5111208361213,2,1,0.9408983887646201,1,0.6810142869936263,2598.343401513355
38412.50370831752,7699.460904376261,1831.8761855935024,0,0,0.3917037005045555,0,0.3975951236009315,1891.756925091661
39927.073198061116,3012.868782038618,1002.1520454331447,0,0,0.6931596982148611,0,0.407785665403994,1010.2991696678758
54345.588844220954,6339.093660670168,2147.7348589433,0,0,0.9955744023566038,0,0.40535323113629523,2133.83541637604
35162.613959169685,6915.621159733851,3897.7401895705566,0,0,0.5008502464461182,0,0.5554697272856769,3856.456491578852
36564.564507574745,3767.0487311072443,1221.2142051042304,0,0,0.20116374760710365,0,0.36681834243981465,1133.7755258758784
24761.787425202878,3336.2886083969843,936.0775689754314,0,0,0.25124176438563117,0,0.3531804021354473,997.4612556280238
47846.64203465477,6108.09365699471,3319.255348794579,1,0,0.8872476828373694,0,0.47896449485441367,3602.618681502336
40211.70876893724,7346.719852296756,4896.09709554513,0,0,0.5935085081237501,1,0.4940461405725021,5192.023394144687
32959.66727247005,6161.987998041787,4022.515585421848,0,0,0.6293745587101633,0,0.5428773966023048,3983.3097609949973
15143.903678414437,2203.4477419389923,320.7791385435655,0,0,0.8395408837405551,0,0.3405065741351831,351.0731100369519
55332.946340661045,7162.30810578279,3684.090334832125,0,0,0.8492632069940511,0,0.4308219405065056,3771.5096674553824
23267.840426527313,3406.8625057762483,452.95647401027077,1,0,0.5819370463883653,0,0.2678710717458901,477.78599468890144
30904.663887563533,4821.720588334507,2786.701997175584,0,0,0.8864486214147054,0,0.5117174970079928,2921.145502968276
42300.13413291204,6735.767144695333,4300.36118295413,0,0,0.5747399666717415,0,0.5510039477871694,4479.095686324174
23641.30485659976,1912.9607555036916,657.1422833310426,2,1,0.7400170994992119,0,0.49466294218740103,675.8033404063997
20077.882660962277,6383.826017581649,992.8333806752466,0,0,0.22668946484923735,0,0.30428835486126066,935.5691480167575
12512.629007592022,4971.220984330082,2519.408374101263,0,0,0.31039950948936196,0,0.5320359364235762,2415.837374468226
46651.96343486763,7200.062313707062,741.1092718929868,1,0,0.8811360298028925,0,0.2730458207753402,798.4292575794055
31457.765063284136,1789.778013826572,232.80235588347747,2,1,0.45049473784341176,0,0.46905662520700114,217.90112538365523
73127.24110967996,3655.1167778069635,2089.964552892508,0,0,0.4677951524756776,0,0.4847492816355339,1944.486994588181
26067.739212429522,6746.323196501281,1101.6038479936965,0,0,0.7303929577111585,0,0.34419674437054637,1054.049982095041
26942.587718852945,644.2377759257013,455.0054255651913,0,0,0.6740305205839561,0,0.5442906876392161,442.49214843189486
31215.284356575183,1341.5102507423214,833.3274414934227,1,0,0.265750912519191,0,0.5123561236160794,842.1823013983762
40917.61586166187,7929.239095675511,2107.0622775331,0,0,0.8126120274011948,0,0.3442089495377291,2151.5373319851683
32357.559934576264,2602.9563394276292,292.2590678000046,0,0,0.6937779436077749,0,0.32966433380184235,309.2493925326787
45347.986568030145,7816.573952929651,1488.6690126519893,0,0,0.8842654822853369,0,0.4008919111765966,1361.6577635239094
26256.939320136145,1868.9866325650544,1034.7692646647138,0,0,0.6283975280391687,0,0.5032676790350927,974.3871910127269
21420.89937843703,3208.2083225550173,2573.362057247715,0,0,0.5314598687868317,0,0.5690598541735787,2576.0187476185
16421.42312709071,6146.52083377678,1566.5937277848434,0,0,0.4970723661786165,0,0.3898053116166242,1488.5186467683202
12000.0,5433.338054286339,3354.0992023092526,0,0,0.20353514099679906,0,0.5868245176606748,3604.6404834496075
31783.171766299318,4858.417999467917,2086.286575588534,0,0,0.2318273781157516,0,0.4781006555308813,2144.77268728458
34388.236251281334,4474.243818537557,1760.502056283905,2,1,0.30496914022452803,1,0.471743818426325,1757.0633760347616
30422.7556702018,6825.803327485552,3006.0909339824852,1,0,0.9436299094103284,0,0.42377702439621184,2705.7485506535145
52920.86956624594,2262.1142212504456,953.0885376056151,0,0,0.9045204258737884,0,0.40701942452198764,1021.4532404095825
52736.36251529762,3818.531952451388,635.3539392072664,0,0,0.5977570839959796,0,0.32723707361333615,630.3804364226925
33982.36415066598,1665.8921911734296,846.768137638456,0,0,0.3441571147326823,1,0.5017051714529213,852.0874068108114
16472.946641696442,4969.561967980283,2759.1437855219915,0,0,0.3168890884651718,0,0.5444437625644877,2868.555681023188
31199.538703339367,2379.0831820349013,446.83860440158,0,0,0.4049044748886272,0,0.35055823470294367,485.9329962533699
30802.14327299526,3003.8154825753936,1845.5927148598962,0,0,0.9269782631247132,0,0.5870762736271468,1719.4316894601525
30114.380452663303,4034.380374676461,1370.2742574964802,0,0,0.6171744472284679,0,0.47681049486105825,1252.7552011815442
29627.373153221062,700.7793927734589,61.731134364910474,1,0,0.843233475961336,0,0.3470525840606452,57.06313598312147
30158.445251302313,1189.5345194062825,224.33357604835973,0,0,0.6054034835822574,0,0.30789824112213976,235.13407977723003
33361.50060922688,5644.469155311647,929.8388223990055,1,0,0.6875578542170806,0,0.3520347667689957,860.8964487380789
30373.50681421332,3717.2748553813044,1038.840555340207,2,1,0.688082092053788,0,0.4977577583556874,1039.0443775925035
40499.870103507106,6985.926664999216,3804.4364930829256,0,0,0.22507022112559438,1,0.5708354333165526,3961.555867806554
42324.42459085833,5710.040027331496,2906.094627869718,1,0,0.5562148144255283,1,0.6045261391638592,3029.755826187443
27072.258953810124,560.7570623549184,64.0827174590884,0,0,0.8912392296229117,0,0.28641613751988804,62.88248205871473
53252.7839120844,5125.342480753511,726.9805141227811,1,0,0.5912789055171213,0,0.3233471497338199,755.8582790773157
26239.252377912628,1202.936495447873,935.6110391770212,0,0,0.5482683370619548,1,0.605925426876398,1019.8181130647346
18586.392634215954,6356.998848428707,400.1316052868493,1,0,0.6212364593935811,0,0.3282187882170972,362.3574880803305
42569.33685638062,7936.307662088765,3118.6599315720687,1,0,0.5046136303494643,0,0.4239919033452012,3225.5552065974466
28191.102387027924,4483.990956811336,269.3851816235815,1,0,0.6123199740393966,0,0.3069294366494517,270.6037775935375
41855.497649088655,5620.846251455978,901.8240803983202,0,0,0.3082758528831717,0,0.3260381172734605,849.9851621023384
12000.0,2279.856206710637,1534.6515079024555,0,0,0.97435742832174,0,0.4948736746336576,1475.6325541341575
54709.47129779681,3781.983078153452,1523.05682604629,0,0,0.2273039519872386,0,0.43287642022174,1625.7567200222543
46067.52089648483,6920.7149917728775,618.5571460134621,0,0,0.5865659447246814,0,0.3012543183807827,629.3074322751966
19994.28141004398,1755.6721080968841,401.2497946454213,0,0,0.36799402591298663,0,0.36644615948861775,362.2908748473458
20254.674513844573,2491.5170421032158,392.3058470918783,1,0,0.2466846447447212,0,0.36538790920696257,428.81864127287974
58067.190849170336,3840.7525646452264,2117.5989269100683,0,0,0.7213643028218333,0,0.4848238599041717,2187.981250360277
29151.4411580245,5841.866688830105,1553.3086744898933,0,0,0.9881450067176327,0,0.3309325804967845,1535.4899760381672
27989.781815208516,3319.1296609675537,1159.6472409156947,1,0,0.7996839632410133,0,0.46773280993933464,1208.8936140689568
12000.0,7457.992098372529,2815.6832280288795,0,0,0.40321653390703827,0,0.40524035276855236,2649.3152224330242
33790.66153278135,1208.4278845153938,738.5157434987408,0,0,0.5947112499929104,0,0.536455655946461,703.1360169284843
35267.36462197096,3281.031481586356,1710.8134593345258,0,0,0.2398252447829287,0,0.4911020119670028,1591.7840452217104
46585.917161233825,5817.155925713164,3757.2775436809466,0,0,0.6253362063110952,0,0.4835741210781252,3679.9324996511286
21211.058861786296,2194.9007424611937,412.46620994128716,0,0,0.27957055852343915,0,0.3970528908548335,445.8512484591485
19756.558493112683,5423.098506722547,607.1120241841094,0,0,0.8356861143097041,0,0.31624272487341,593.5844014020922
43411.551617317724,1731.6271867050946,582.1701978595518,1,0,0.24536511919814466,0,0.43008213924423466,557.4961595019984
50080.76085472478,919.8521364626479,670.2391745491844,0,0,0.20748877272046462,1,0.6326447056182715,697.5264658629114
19146.171786585404,1407.6178756148665,750.0277951467198,0,0,0.8892456308652106,0,0.4886310871216252,805.4706894499718
50978.1690355969,7474.88587350601,3580.2772467135323,0,0,0.9540337688870753,0,0.49379067519635006,3397.1332905789263
38450.502097841854,4638.131622046635,1835.7774714908946,0,0,0.2692432201200203,0,0.4395362141386843,1948.8326098679036
51101.66406889575,6472.593316097367,1256.1605969119637,0,0,0.423133327259695,0,0.3736639399957817,1207.121310699532
37157.3556617886,2994.908756787884,1325.3201079007972,0,0,0.7933578226660112,0,0.43909696080386984,1258.3427236497657
12000.0,4944.93985914085,218.3594731517712,0,0,0.6317227722120884,0,0.33765841821342,217.17844535236296
36176.39141220754,4212.141002787437,534.2077358947197,0,0,0.9593894503487304,0,0.26644173683702815,487.91658413506406
50721.72582405524,7593.034695517205,1696.6353049370696,0,0,0.511344008835692,0,0.4105235010430801,1819.5519090070923
27275.04777099543,6106.809770405827,1669.2659997243961,0,0,0.2026583114273377,0,0.4362884088920632,1794.2408395098696
33344.42037311057,5979.069736224343,1283.5575862675885,0,0,0.21579651157564017,0,0.36396018780782524,1329.0922350134938
35886.39795738826,847.6495207570965,186.89004179883003,0,0,0.6518835648326546,0,0.35122717459382913,179.52228994960242
12000.0,4622.522517527683,3172.7503885973765,0,0,0.8016843183023659,1,0.6185035049085372,2961.260424051222
58056.17090524972,4002.4359042636115,371.17024585176955,0,0,0.8324936143757293,0,0.3341437275596172,385.9283336772689
27183.491841233907,7458.816999546459,3293.5292207741554,0,0,0.9292136312695927,0,0.4201853468335314,3032.0814182563613
44068.82518967359,2430.064911421492,679.8755949880984,1,0,0.38325963270663205,0,0.40274637454268875,667.7885369109023
36959.5863662215,2523.7508996832075,489.29405909948696,0,0,0.7907247242952231,0,0.33204015864130604,449.055393756429
53091.428676312324,3585.096866611253,1722.1946739542627,0,0,0.8616784761974914,0,0.4880350239525252,1696.8635187314194
42872.67346913697,2325.2728505478203,590.5783217076995,0,0,0.8690202811582528,0,0.39303466314941543,547.4063681972565
35180.9087417483,1468.879383565621,700.8926312031832,0,0,0.5292348551165651,0,0.43731077606917795,635.3149011119868
27277.818889768638,6930.611349881006,1614.4689348639786,0,0,0.7007864054060251,0,0.3031425685171221,1598.2384765304403
47574.208416585665,4687.073933029369,1052.3040148028142,0,0,0.6412522427546828,0,0.3324391036510851,1066.5509244278287
15518.704352544599,6960.220392174251,2401.307853464855,1,0,0.6779887478147819,0,0.4598472070688627,2372.175744692965
45750.68504331071,6733.5107405277195,2576.4894029404472,0,0,0.42562498874163834,0,0.43191855316877265,2409.608989809945
24811.46298134153,2615.3176609225334,581.9015134521705,0,0,0.7465875586452262,0,0.40572892343821826,532.7228466906934
53027.40394347968,4608.030832432055,2225.9282178954163,0,0,0.7680138482089971,0,0.5425901214495505,2059.592140402845
39935.59451195234,1124.1327705505284,405.97340434303936,1,0,0.3567587075151373,0,0.4225164910416496,424.4138490846746
45729.485214201304,7364.389130230688,1481.1313102125978,0,0,0.5549059508774636,0,0.3647483145205647,1337.721112441589
38983.86576589663,3531.970362988648,1262.117619128118,0,0,0.5376844610250155,0,0.449193547280047,1353.8272093115156
16971.47485830804,3452.5713791676603,2222.0192448516464,0,0,0.7991605187107595,0,0.4628711170883256,2373.1561679256383
27671.250039255938,2770.665279634649,585.3047977803859,1,0,0.7332024481994976,0,0.3239521504023214,629.8428476777663
46068.67205133659,3954.9780853302786,3017.262647715356,0,0,0.5809566644514434,0,0.5962160489018057,3245.8175156544944
39999.86980831813,2388.1953990908605,479.3008781268457,0,0,0.7220250477919967,0,0.3887189367848902,495.35893563907484
52171.87886366806,3311.3920459760343,486.8557079066762,0,0,0.41028928417381333,0,0.2625777190104975,520.685452276669
42839.29475644606,6499.602864386614,970.9614928512727,0,0,0.3858783059260329,0,0.3520083616004387,1015.6898540610994
26399.577311568082,6756.916276888789,853.1829271176566,1,0,0.39193572220316364,0,0.2904593796399974,819.0762345289667
28447.230347352393,2781.368582213871,1582.8359941906187,0,0,0.22359814027185046,0,0.5325146149905065,1663.6009107326922
39235.008686278845,4017.6082291459093,1478.3411249900216,0,0,0.7528610090885184,0,0.4050947984988977,1512.5133991601624
12000.0,7053.648322100392,4149.721796152141,0,0,0.9886784697304747,0,0.5088399334740603,3757.564735651205
58081.30262747582,895.0499887227286,193.1455616478155,0,0,0.44722571324097826,0,0.3321829794486505,204.2073775314521
43300.960836530685,7168.587214968391,1711.472531936969,0,0,0.9438666893827583,0,0.3471662978753701,1838.4073387239116
52724.41516458647,2143.882592392488,1401.1584056230395,0,0,0.6852340874967309,0,0.5974229148536553,1406.0547760271982
19032.752710289973,5589.044331607819,851.335112817931,1,0,0.37994741227286455,0,0.2817372643564496,849.1261943943525
52934.781924263065,4869.137722884502,1636.3975542137673,1,0,0.20949170971477385,0,0.35013608463340146,1612.594623151059
64777.986932332984,4647.0556114193905,2369.732867326191,0,0,0.778985142816601,0,0.4365080964127752,2473.448871889827
22149.459735472192,6945.2016856461605,3998.1775127945025,0,0,0.7572593879936562,0,0.4924667827447492,3770.6441598868546
47256.8215388452,1261.7910773349595,205.14615273723535,0,0,0.3834026662348226,0,0.32274904921993586,216.38547147714425
38013.31933624752,3102.71018994227,1411.4831537837722,0,0,0.46616407131119386,0,0.46602500753418374,1352.8623552440138
19466.79382102107,4536.8955975857425,951.5262384398137,0,0,0.9184373914529314,0,0.3441727560897632,906.1379075470381
43914.607662222435,6584.666404595298,5233.665006930509,0,0,0.3257866488278657,1,0.5868475967657831,5557.29331719492
48003.23845804818,2123.323125587536,460.55564765105225,0,0,0.8683550944975289,0,0.43051293448655964,430.56202505955434
30786.481367973836,6521.973810307072,2161.185479365689,1,0,0.3353787540141967,0,0.4276955849971166,2317.879678395373
51990.99824306268,3497.2886187045183,761.8672298967665,0,0,0.5853817085907977,0,0.3217942770653069,834.6812768123025
17998.839118529628,1916.8539232527155,1067.1722502835257,0,0,0.5991722301638018,0,0.5045191126864947,1028.7270872110703
20062.92624260427,6192.398303326119,3643.9216689978425,0,0,0.5776717171487429,0,0.562331606357986,3955.749335115969
39639.16874706503,1181.7417610591087,598.6841214868758,1,0,0.4303436552543112,0,0.46042222889504236,606.6364063694125
38304.62333566726,4360.755305565822,869.086713386534,0,0,0.4026917831152621,0,0.3352133576305097,827.2556025847463
29401.118138910737,979.0683789641631,501.24162274724836,0,0,0.7865238151984479,0,0.4675068293936081,496.49323365670256
47715.13323166263,3173.1339136834067,433.8142695033836,0,0,0.4205415225497956,0,0.36161797358724673,459.84785458366713
44370.73177059139,5008.075992547945,463.3302474766795,0,0,0.6879322969642546,0,0.3128761959165625,478.77185995998343
48297.66885120819,4670.866561154098,1542.7641537887357,0,0,0.8773117496677159,0,0.37679513265772924,1541.1542561075248
36522.36277577279,3534.9156342849988,1611.1878304946524,0,0,0.8696275557871056,0,0.5451799191884606,1532.9861091519488
45230.96321574009,3717.8599547908675,2448.6678423418816,0,0,0.3337211265182547,0,0.5110523854473056,2559.2469067763245
32652.196363640065,2200.771650130749,176.1403517456665,1,0,0.7237901143736278,0,0.2896652207670975,169.5639003408432
62645.824281039146,3919.1194131807715,598.4610306604142,0,0,0.6818233054523091,0,0.3713036126971663,578.226918369646
28249.45075853617,7649.411417906257,1834.432305105084,1,0,0.42558760867439216,0,0.35763365289349913,1925.0100457443511
63263.569153499746,6878.396883378428,2132.347998073697,1,0,0.5131631847944318,0,0.3808972592234546,2157.2679170020037
38418.655365072904,1589.2465180725785,1090.0789252110228,0,0,0.42809041970341477,0,0.5805794869122742,1021.5856749042391
21493.86932517509,723.355904906907,263.4006617964734,1,0,0.629652128067429,0,0.4249180645368895,273.2577354859371
54416.952205863214,7501.432345374729,3062.421777902349,0,0,0.842901918362809,0,0.4051104951711635,2914.23269795862
39510.81666073951,4450.623124105607,2447.0539278418796,0,0,0.9020026691074163,1,0.5302290539568778,2574.5413654036997
48213.48918056286,4533.783673619808,2385.9793622372413,0,0,0.7782588745581627,0,0.4583902061553487,2375.82315042061
52686.27102251112,6355.384967798917,2628.243842427117,0,0,0.5867602889391518,0,0.38520916057797205,2678.172742712363
42055.4666497403,2860.167304034949,1337.4906888410076,0,0,0.9664762268695313,0,0.47332775160901963,1364.501767936043
30893.109862246223,4114.306766270016,1881.6771536352987,0,0,0.6511032091827885,0,0.4261897097530685,1748.7594322802859
49708.560532031,7764.971848600532,280.8006037666173,0,0,0.5828373509804124,0,0.2730175682167319,289.2513233463793
38009.06608945515,5541.115151993054,2120.3338408046575,0,0,0.8854188983974212,0,0.44313730280768576,2276.020337699012
46230.29382330103,1653.0877399683945,749.8910164735589,0,0,0.3476986629900852,0,0.4672642731772416,808.5627918382745
12155.233114502462,1499.2006098826496,816.5193779358768,0,0,0.3263026762151511,0,0.6259272127460935,847.3107189059936
43363.78060411822,2031.9856874975405,1026.805266707763,1,0,0.8260339771394576,0,0.5419138322771451,1123.1146914718172
30336.970098259637,6250.337558155382,1415.5944427844768,0,0,0.8964566642976501,0,0.38028847490748585,1443.4182815262834
57839.715646142366,2715.32752880462,708.4036067822128,1,0,0.25821982532407434,0,0.3934714909878864,673.6738595219366
45477.048174669144,660.4163500630984,75.93831408799701,1,0,0.8112688812775188,0,0.34052318966687173,78.37096460864174
40878.29295019156,7581.307726292464,984.0745929898151,0,0,0.5395693763316297,0,0.31486901739173834,1064.606549292968
43835.71992020266,1772.85062296183,810.4352508671356,0,0,0.7629814584806074,0,0.45864259933480345,787.5569961266126
26018.709765479383,571.6863961105144,167.39976289655533,2,1,0.30797546885183413,1,0.486295458717539,159.52691579157593
57479.08028633665,2278.4870178749225,1319.1770857824906,0,0,0.9784102021272669,0,0.4982935602500723,1442.2574408731043
61896.44502100286,2262.7159033860025,389.48583248240993,0,0,0.9050242352478051,0,0.415193248037517,410.24926555598194
42714.9621265786,3665.0393813429228,406.9669837074279,0,0,0.5247780226143401,0,0.2663819352249532,370.3219045908743
57084.842822883664,7402.923736250276,4466.88826306095,0,0,0.914687060906684,0,0.5669390431673729,4521.547662039181
31170.221615929593,7093.886883343234,2043.0870957119769,1,0,0.9159405817099604,0,0.4190124256449301,1934.5709471988368
28434.63720530023,3926.7091623682095,1141.3581133465038,0,0,0.5690024199320156,0,0.41553722243562236,1092.6943521646012
38491.09698474708,3581.749287438549,163.52593066338457,0,0,0.9575084015488922,0,0.279959723010571,150.0378783033953
43219.292460414785,4662.568148561384,1943.1911587960171,0,0,0.9814857004666286,0,0.40900004119557776,1838.6457914404377
33272.159825082555,2325.9050897882435,663.770351788478,0,0,0.373770191178957,0,0.4038302289228332,664.4642524304257
44453.218284421804,891.3874397477213,139.88945222602504,0,0,0.25333334371648064,0,0.346019311398275,128.09854592379043
41676.67378488097,7544.18102128405,2915.4334662129377,0,0,0.46491982722322356,1,0.525790978461925,3142.6587031717795
26020.31869650734,1900.2423865787955,1009.6861250401947,1,0,0.5910682088739991,0,0.5227940175915476,1065.3002386526707
44225.51620942065,1988.0054693428729,523.3997071320208,0,0,0.27414111897335003,0,0.3877717971995735,510.9827211109149
48362.33891025825,4043.452466404607,1881.1460434957964,0,0,0.3125276459847661,0,0.4678270774522004,1742.0268637619067
40057.63181108469,4187.10008630248,1969.8746666678396,0,0,0.9773592975826924,0,0.45373203231181314,2164.4876496429993
51831.77723914031,638.2565727555645,45.840076668954595,0,0,0.7898404770610941,0,0.3006210253048526,46.420473235462964
23391.154478036577,1609.66054080478,215.01813060177258,0,0,0.8999504554080202,0,0.3426790828637188,211.70578773300144
43615.40506558222,3336.161139205563,660.8707519278372,1,0,0.97692366306777,0,0.31661260852405165,621.038646479284
23956.631523238702,5627.980201329043,1049.427700176746,0,0,0.5025154874407316,0,0.32282920147429356,987.1371544888302
